premise_code,premise,address,premise_type,state,district
-1.0,,",",,,
2.0,PASAR BESAR IPOH,"JALAN LAKSAMANA,TAMAN JUBILEE,30300 IPOH, PERAK",Pasar Basah ,Perak,Kinta
3.0,JUSCO AYER KEROH,"LOT 4991,MUKIM BUKIT BARU,75450 LEBUH AYER KEROH, MELAKA",Pasar Raya / Supermarket,Melaka,Melaka Tengah
6.0,KEDAI RUNCIT TAFAZ MAJU PRESINT 9,"NO.5, JALAN P9B/1,PRESINT 9,62250 PUTRAJAYA",Kedai Runcit,W.P. Putrajaya,Wp Putrajaya
7.0,KEDAI RUNCIT SYAZ MAJU PRESINT 9,"NO.5, JALAN P9E/1,PRESINT 9,62250 PUTRAJAYA",Kedai Runcit,W.P. Putrajaya,Wp Putrajaya
8.0,PASAR MINI D'MART PRESINT 8,"BLOK A T00/U01,JALAN P8/D,PRESINT 8, 62000 PUTRAJAYA",Pasar Mini,W.P. Putrajaya,Wp Putrajaya
15.0,PASAR MINI KARIM,"NO, 7A,KAWASAN PASAR UTAN AJI,01000 KANGAR, PERLIS",Kedai Runcit,Perlis,Kangar
16.0,PASARAYA K-CERIA (KANGAR) SDN. BHD,"NO 3, 5, 7 & 9,JALAN KANGAR - ALOR SETAR SERIA B,01000 KANGAR, PERLIS",Pasar Raya / Supermarket,Perlis,Kangar
115.0,TAMPIN SHOPPING CENTRE,"NO 111,JALAN BESAR,73000 TAMPIN, NEGERI SEMBILAN.",Pasar Raya / Supermarket,Negeri Sembilan,Tampin
136.0,THE STORE ( PUDU PLAZA ),"UG & 1st FLOOR, PUDU PLAZA,JALAN DAVIS,",Pasar Raya / Supermarket,W.P. Kuala Lumpur,Cheras
141.0,HUDA GROCER,"LUCRATIVE BASE SDN. BHD.,NO.12-19 JALAN TERMINAL 1,PEKAN LAMA NILAI",Pasar Raya / Supermarket,Negeri Sembilan,Seremban
149.0,RESTORAN SAPPHIRE INTAN,"PT 4686,TAMAN SEMARAK,71800 NILAI NEGERI SEMBILAN",Restoran India Muslim,Negeri Sembilan,Seremban
155.0,KEDAI MAKANAN DAN MINUMAN HORIZON,"NO. 5759 & 5760,JALAN TS 2/1F TAMAN SEMARAK 2,71800 NILAI, NEGERI SEMBILAN",Restoran Cina,Negeri Sembilan,Seremban
168.0,GIANT NILAI,"PT 6367,JALAN BBN 3/1PUTRA NILAI,71800 NILAI, NEGERI SEMBILAN",Pasar Raya / Supermarket,Negeri Sembilan,Seremban
176.0,LOTUS'S CHERAS,"NO. 2, JALAN MIDAH 2,TAMAN MIDAH,",Hypermarket,W.P. Kuala Lumpur,Cheras
179.0,RESTORAN AS-SALAM,"PT NO.20580,JALAN TS 2/1E TAMAN SEMARAK 2,71800 NILAI, NEGERI SEMBILAN",Restoran India Muslim,Negeri Sembilan,Seremban
183.0,GIANT SUPERMARKET KELANA JAYA,"JALAN SS 6/3,PUSAT BANDAR KELANA JAYA,47301 PETALING JAYA, SELANGOR",Pasar Raya / Supermarket,Selangor,Petaling Jaya
186.0,KEE CHAI RESTORAN,"NO. 5796,TAMAN SEMARAK 2,71800 NILAI, NEGERI SEMBILAN",Restoran Cina,Negeri Sembilan,Seremban
229.0,KEDAI MKN INDIA MUSLIM-M.SHALMA BEEVI,"NO.3839,JALAN RASAH JAYA 6/8 TAMAN RASAH JAYA,70300 SEREMBAN, NEGERI SEMBILAN",Restoran India Muslim,Negeri Sembilan,Seremban
234.0,PASAR BASAH TUARAN,"PASAR BASAH TUARAN,89208 TUARAN, SABAH.,",Pasar Basah ,Sabah,Tuaran
239.0,FAMILY STORE RASAH JAYA,"NO. 3745 & 3746,JALAN RJ 6/12 TAMAN RASAH JAYA,70300 SEREMBAN, NEGERI SEMBILAN",Pasar Raya / Supermarket,Negeri Sembilan,Seremban
248.0,KEDAI MKN MELAYU-RESTORAN ANJUNG SELERA,"NO.597,JALAN HARUAN 4/8 PUSAT PERNIAGAAN OAKLAND,70300 SEREMBAN, NEGERI SEMBILAN",Restoran Melayu,Negeri Sembilan,Seremban
253.0,MEDAN SELERA AEON SEREMBAN 2,"AEON SEREMBAN 2,70300 SEREMBAN, NEGERI SEMBILAN,",Medan Selera,Negeri Sembilan,Seremban
261.0,TESCO SEREMBAN 2,"NO. 1,JLN HARUAN 2 BKT KEPAYANG,70300 SEREMBAN NEGERI SEMBILAN",Hypermarket,Negeri Sembilan,Seremban
266.0,KEDAI MKN CINA-RESTORAN MELIDO,"NO.1,JALAN UTAM SINGH,70000 SEREMBAN NEGERI SEMBILAN",Restoran Cina,Negeri Sembilan,Seremban
280.0,RESTORAN ALI BIDAYAH,"JALAN 1/13,TAMAN DATO' HARUN,46000 PETALING JAYA",Restoran India Muslim,Selangor,Petaling Jaya
322.0,PASAR AWAM TAIPING.,"JALAN KOTA & JALAN PASAR,34000 TAIPING,PERAK,",Pasar Basah ,Perak,"Larut, Matang & Selama"
326.0,KEDAI RUNCIT INANG PRESINT 14,"ARAS G, BLOK E (APARTMENT PRESINT 14,PRESINT 14,62300 PUTRAJAYA",Kedai Runcit,W.P. Putrajaya,Wp Putrajaya
327.0,FOOD COURT ALAMANDA (RASA) PRESINT 16,"ALAMANDA SHOPPING CENTRE, LOWER GROUND FLOOR,PRESINT 1, LOT LG 72-74, JALAN ALAMANDA,62000 PUTRAJAYA.",Foodcourt,W.P. Putrajaya,Wp Putrajaya
329.0,RESTORAN DARUSSALAM PRESINT 9,"JALAN P9E/1, PRESINT 9,62250 PUTRAJAYA.,",Restoran India Muslim,W.P. Putrajaya,Wp Putrajaya
330.0,TESCO SEKSYEN 13,"NO. 3,JALAN AEROBIK 13/43, SEKSYEN 13,40100 SHAH ALAM, SELANGOR",Hypermarket,Selangor,Petaling
333.0,"PASAR TANI, PRESINT 4","PASAR TANI KEKAL PUTRAJAYA,LEBUH SENTOSA,,PRESINT 4",Pasar Basah,W.P. Putrajaya,Wp Putrajaya
342.0,PASAR BASAH KUALA PERLIS,"KUALA PERLIS,02000 KUALA PERLIS,PERLIS.,",Pasar Basah ,Perlis,Kangar
343.0,LAYANGAN SHOPPER,"NO. 703,LAYANGAN SHOPPER,87000 WP LABUAN",Pasar Mini,W.P. Labuan,Kawasan Luar Bandar
349.0,ISHAH BINTONG ENTERPRISE,"LOT 2756, A&B,JALAN ABI TOK HASHIM,DATARAN GENTING BEHOR EMPIANG, 01000 KANGAR, PERLIS.",Kedai Runcit,Perlis,Kangar
351.0,TESCO KOTA BHARU,"LOT 1828,SEKSYEN 17,KOTA BHARU",Hypermarket,Kelantan,Kota Bharu
354.0,PASAR BESAR ALOR STAR,"BANGUNAN BESAR ,JALAN TUNKU ABDUL RAHMAN,05050 ALOR STAR",Pasar Basah ,Kedah,Kota Setar
361.0,PASAR UTAMA BINTULU,"144, JALAN ABANG GALAU,TAMAN SINONG,97000 BINTULU, SARAWAK",Pasar Basah ,Sarawak,Bintulu
364.0,PASAR BASAH TAMPARULI,"PASAR BASAH TAMPARULI,PEKAN DAERAH KECIL,89250 TAMPARULI, SABAH.",Pasar Basah ,Sabah,Tamparuli
365.0,HAP HUAT SUPERSTORE,"LOT 13-18,COURT LIGHT INDUSTRIAL PARK,87000 WP LABUAN",Pasar Raya / Supermarket,W.P. Labuan,Kawasan Luar Bandar
368.0,PASARAYA ECONJAYA KUALA KRAI,"LOT 126-131,JALAN CHIN HWA,KUALA KRAI",Pasar Raya / Supermarket,Kelantan,Kuala Krai
371.0,PASAR BASAH BAU,"PEKAN BAU,94000 BAU,SARAWAK.",Pasar Basah ,Sarawak,Bau
373.0,ENG HUP LEONG,"NO 13,KUALA SANGLANG,02700 ARAU, PERLIS.",Kedai Runcit,Perlis,Arau
375.0,BESERI MINI MARKET,"NO. 4,GERAI SWASTA, JALAN BUKIT KETERI,02400 BESERI, PERLIS",Pasar Mini,Perlis,Padang Besar
380.0,AEON BIG ALAMANDA,"LOWER GROUND FLOOR & GROUND FLOOR,ALAMANDA PUTRAJAYA SHOPPING CENTRE, PRESINT 1,62000 PUTRAJAYA",Hypermarket,W.P. Putrajaya,Wp Putrajaya
382.0,PASARAYA PKT PASIR TUMBOH,"G6582,LOT 11,KEDAI PASIR TUMBOH,",Pasar Raya / Supermarket,Kelantan,Kota Bharu
387.0,COLD STORAGE ALAMANDA,"ALAMANDA SHOPPING CENTRE, LOWER GROUND FLOOR,PRESINT 1, JALAN ALAMANDA,62000 PUTRAJAYA",Pasar Raya / Supermarket,W.P. Putrajaya,Wp Putrajaya
394.0,BILLION KOTA SERI MUTIARA,"KOTA SERI MUTIARA,LOT 97, SEKSYEN 21,JALAN PASIR PUTEH, KOTA BHARU",Pasar Raya / Supermarket,Kelantan,Kota Bharu
398.0,PASARAYA SALAMKU (PASIR PEKAN) S/B,"LOT 2444-2449,KG. BARU PASIR PEKAN,16250 WAKAF BHARU, KELANTAN",Pasar Raya / Supermarket,Kelantan,Tumpat
424.0,PASAR JALAN KLANG LAMA,"BATU 4 1/2,JALAN KLANG LAMA,",Pasar Basah ,W.P. Kuala Lumpur,Seputeh
429.0,AEON BIG ( WANGSA MAJU ),"NO.6, JALAN 8/27A,SEKSYEN 5, WANGSA MAJU,",Hypermarket,W.P. Kuala Lumpur,Setiawangsa
431.0,PASAR TANJUNG RAMBUTAN,"JALAN MAJLIS,SOUTH WARD,31250 TANJUNG RAMBUTAN, PERAK",Pasar Basah ,Perak,Kinta
433.0,PASAR GOPENG,"PEKAN GOPENG,31600, GOPENG PERAK,",Pasar Basah ,Perak,Kinta
434.0,PASAR BATU GAJAH,"BATU GAJAH,30200 BATU GAJAH, PERAK,",Pasar Basah ,Perak,Kinta
435.0,AEON BIG ( MID VALLEY ),"UNIT AT3,MID VALLEY MEGAMALL,LINGKARAN SYED PUTRA, MID VALLEY CITY,",Hypermarket,W.P. Kuala Lumpur,Lembah Pantai
438.0,PASARAYA ECONJAYA (GM) SDN. BHD.,"PT8361 - 8372,TAMAN WANGSA MEWANGI, JALAN PERSIARAN RAYA,GUA MUSANG",Pasar Raya / Supermarket,Kelantan,Gua Musang
439.0,PASARAYA ECONJAYA PASIR PUTEH,"BANDAR PASIR PUTEH,PASIR PUTEH,",Pasar Raya / Supermarket,Kelantan,Pasir Puteh
480.0,PASARAYA PANTAI TIMUR (BACHOK) SDN. BHD,"LOT 2076, MUKIM TEPUS,GUNUNG TIMUR,",Pasar Raya / Supermarket,Kelantan,Bachok
494.0,MERCATO ( SUNWAY PUTRA MALL ),"LOT LG1, LOWER GROUND FLOOR,SUNWAY PUTRA MALL,100, JALAN PUTRA,",Pasar Raya / Supermarket,W.P. Kuala Lumpur,Batu
499.0,KEDAI MAKAN DOLLAH DAN KELUARGA,"JALAN PASIR MAS SALOR,KOTA BHARU, KELANTAN.,",Restoran Melayu,Kelantan,Kota Bharu
506.0,PASARAYA ONG TAI KIM ( SENTUL ),"LOT A & B, SUB-BASEMENT, PLAZA SENTUL,NO.86, JALAN SENTUL,",Pasar Raya / Supermarket,W.P. Kuala Lumpur,Batu
524.0,PASAR BESAR TANAH MERAH,"JALAN DATO' NIK MUSTAFA,TANAH MERAH,KELANTAN,",Pasar Basah ,Kelantan,Tanah Merah
525.0,KEDAI RUNCIT KHALIJAH,"LOT 3640-A & 3640-B,KG. JEMBAL,TAWANG",Kedai Runcit,Kelantan,Bachok
527.0,PASAR BASAH AGRO SANTAN SEGAR,"JALAN ISMAIL PETRA,TANAH MERAH,KELANTAN,",Pasar Basah ,Kelantan,Tanah Merah
529.0,PASAR SEGAR PELADANG,"JALAN ISMAIL PETRA,TANAH MERAH,KELANTAN,",Pasar Basah ,Kelantan,Tanah Merah
541.0,EH NGIN A/L EH KAN,"LOT 2304,KG. JUBAKAR DARAT,",Kedai Runcit,Kelantan,Tumpat
544.0,RAHIM MINI MARKET,"NO. 190 A,JALAN PUTRI SAADONG,WAKAF BHARU, KELANTAN.",Pasar Mini,Kelantan,Tumpat
551.0,KEDAI RUNCIT YUSOF,"LOT 2997 , KELANTAN,NO. 2 KG CBG 3 BERANGAN,",Kedai Runcit,Kelantan,Tumpat
569.0,PASARAYA PANTAI TIMUR,"PANTAI TIMUR SHOPPING CENTRE,LOT 3225-3236 JALAN JEDOK,17500 TANAH MERAH,KELANTAN",Pasar Raya / Supermarket,Kelantan,Tanah Merah
582.0,RESTORAN KAK SITI,"NO.18,JALAN DELIMA 2, PUSAT PERDAGANGAN PONTIAN,82000 PONTIAN, JOHOR",Restoran Melayu,Johor,Pontian
585.0,PASAR AWAM PONTIAN,"JALAN KUKUP,82000 PONTIAN, JOHOR,",Pasar Basah ,Johor,Pontian
587.0,PASARAYA TUNAS MANJA,"LOT PTD 13142, JLN WAWASAN ½,TMN BANDAR BARU MERSING,86800 MERSING, JOHOR",Pasar Raya / Supermarket,Johor,Mersing
588.0,ECONSAVE CASH & CARRY PONTIAN,"NO.23, JALAN KOTA EMAS DUA,OFF TAMAN KOTA EMAS, JALAN JOHOR KANAN,PONTIAN KECHIL, 82000, JOHOR",Pasar Raya / Supermarket,Johor,Pontian
589.0,PASAR AWAM PEKAN NANAS,"PEKAN NANAS,81500 PONTIAN,",Pasar Basah ,Johor,Pontian
591.0,LOTUS`S SERI ALAM,"111515,JALAN SERI ALAM,BANDAR BARU SERI ALAM,",Hypermarket,Johor,Johor Bahru
592.0,MD SAMRY CAFE,"NO 15,JLN UTAMA 2, TAMAN UTAMA,81500 PEKAN NANAS, PONTIAN JOHOR.",Restoran Melayu,Johor,Pontian
595.0,RESTORAN RUSLI,"NO 1020,JALAN DATO' MOHD ALI,86900 ENDAU, JOHOR.",Restoran Melayu,Johor,Mersing
598.0,SYARIKAT PERNIAGAAN MESRA,"514 ,JALAN DATO' NIK MUSTAFA,TANAH MERAH KELANTAN",Pasar Mini,Kelantan,Tanah Merah
599.0,PASAR AWAM KOTA TINGGI,"JALAN NIAGA,81900 KOTA TINGGI, JOHOR.,",Pasar Basah ,Johor,Kota Tinggi
600.0,PASAR SITI HAJAR PASIR PUTEH,"BANDAR BARU PASIR PUTEH,JALAN BYPASS,16800 PASIR PUTIH, KELANTAN.",Pasar Basah ,Kelantan,Pasir Puteh
604.0,PASAR MINI KS CHU,"PT 5653 DESA BARAKAH,TANAH MERAH,KELANTAN,",Pasar Mini,Kelantan,Tanah Merah
605.0,PASARAYA KIP MART MASAI,"PERSIARAN DAHLIA,TAMAN BUKIT DAHLIA,81700 PASIR GUDANG, JOHOR.",Pasar Raya / Supermarket,Johor,Johor Bahru
609.0,AZALANNI BIN SENIN,"GERAI SETARA BARU,JALAN NIAGA,81900 KOTA TINGGI,JOHOR",Foodcourt,Johor,Kota Tinggi
620.0,RESTORAN ALONG TOMYAM,"JALAN PENGKALAN KUBOR,CABANG 4,16210 TUMPAT, KELANTAN.",Restoran Melayu,Kelantan,Tumpat
623.0,KEDAI RUNCIT KHANG,"NO 1 KUSIAL BARU,TANAH MERAH, KELANTAN,",Kedai Runcit,Kelantan,Tanah Merah
630.0,PASARAYA G-MART,"PASARAYA G-MART,PT 4953 JALAN TAMPIN,73400 GEMAS, N. SEMBILAN",Pasar Raya / Supermarket,Negeri Sembilan,Gemas
633.0,PASAR SENTRAL LABUAN,"JALAN BUNGA TANJUNG,87000 WILAYAH PERSEKUTUAN LABUAN,",Pasar Basah ,W.P. Labuan,Kawasan Bandar
638.0,SYARIKAT PERNIAGAAN BEEGAR,"28-29 JALAN HILIR PASAR,TANAH MERAH,KELANTAN,",Pasar Mini,Kelantan,Tanah Merah
656.0,FAMILY STORE SIKAMAT,"NO.10-12,LORONG DESA KIARA 2/3, TAMAN DESA KIARA,70400 SEREMBAN, NEGERI SEMBILAN",Pasar Raya / Supermarket,Negeri Sembilan,Seremban
658.0,RESTORAN PAYE CORNER,"PT 7951, SEBELAH MEDAN SELERA,MUKIM MANAL 1,JALAN JEDOK,TANAH MERAH KELANTAN",Restoran Melayu,Kelantan,Tanah Merah
659.0,FAIRUZ TOMYAM SEAFOOD,"SIMPANG TIGA,KAMPUNG GAAL,16800 PASIR PUTIH, KELANTAN.",Restoran Melayu,Kelantan,Pasir Puteh
660.0,PANTAI TIMUR SHOPPING CENTRE (RANTAU) SDN. BHD,"NO. 4171-4179,JALAN LEBUHRAYA,RANTAU PANJANG, KELANTAN",Pasar Raya / Supermarket,Kelantan,Pasir Mas
677.0,LUCKY RESTORAN,"NO 476 JALAN TASEK,TANAH MERAH,KELANTAN,",Restoran Cina,Kelantan,Tanah Merah
678.0,KOK MAJID MINI MARKET,"NO 187 PENGKALAN KOK MAJID,PALEKBANG,16040 TUMPAT, KELANTAN.",Kedai Runcit,Kelantan,Tumpat
679.0,KEDAI KAKI BUKIT MARAK,"LOT 1288,KG. BUKIT MARAK BEKELAM,16070 BACHOK, KELANTAN",Restoran Melayu,Kelantan,Bachok
683.0,RESTORAN N.B.M ENTERPRISE,"LOT 3247 TINGKAT BAWAH,JALAN ISMAIL PETRA,TANAH MERAH, KELANTAN.",Restoran Melayu,Kelantan,Tanah Merah
688.0,PERNIAGAAN AZ AKBAR,"KG ALOR PASIR,17500, TANAH MERAH, KELANTAN,",Kedai Runcit,Kelantan,Tanah Merah
691.0,MAZ JAYA ENTERPRISE,"LOT 1579 CABANG TIGA GERONG,PALEKBANG,",Kedai Runcit,Kelantan,Tumpat
693.0,PANJI REZEKI ENTERPRISE,"KAMPUNG ALOR HIJAU,16400, SELISING, KELANTAN.,",Pasar Mini,Kelantan,Pasir Puteh
698.0,KEDAI KOPI SOON LEONG,"LAZENDA SHOPHOUSE 87 LOT 15,PHASE III, JALAN OKK ABDULLAH,87007 W.P LABUAN.",Restoran Cina,W.P. Labuan,Kawasan Bandar
701.0,FOOD COURT FINANCIAL PARK,"GROUND FLOOR,FINANCIAL PARK COMPLEX,87000 W.P.LABUAN",Foodcourt,W.P. Labuan,Kawasan Bandar
708.0,RESTORAN NAFAS,"JALAN TASEK,17500 TANAH MERAH,KELANTAN.",Restoran Melayu,Kelantan,Tanah Merah
709.0,RESTORAN BUDIMAN 1,"JALAN TASEK,TANAH MERAH,KELANTAN,",Restoran Melayu,Kelantan,Tanah Merah
711.0,SELERA TEPI SUNGAI,"LOT 667,KAMPUNG TEPI SUNGAI,17500 TANAH MERAH, KELANTAN.",Restoran Melayu,Kelantan,Tanah Merah
717.0,KEDAI RUNCIT VG SHOP,"KG KEMAHANG 1,TANAH MERAH,KELANTAN,",Kedai Runcit,Kelantan,Tanah Merah
720.0,PANTAI TIMUR PINTU PONG,"PT 384-394,JALAN PINTU PONG,KOTA BHARU",Pasar Raya / Supermarket,Kelantan,Kota Bharu
723.0,RESTORAN SELESA,"NO 6 GERAI ORKED,JALAN PASIR MAS,17500 TANAH MERAH, KELANTAN.",Restoran Melayu,Kelantan,Tanah Merah
725.0,PANTAI TIMUR HYPERMARKET,"LOT PT 1114, PT1115 & PT1242,SEKSYEN 36, TAMAN BENDAHARA,JALAN PENGKALAN CHEPA, KOTA BHARU",Hypermarket,Kelantan,Kota Bharu
729.0,PACIFIC HYPERMARKET & DEPARTMENT STORE SDN BHD,"G-888 GROUND FLOOR KB MALL,JALAN HAMZAH,KOTA BHARU",Hypermarket,Kelantan,Kota Bharu
731.0,WEE KIM GAN & SON,"LOT 2415,PENGKALAN DATU,16150 KOTA BHARU, KELANTAN.",Kedai Runcit,Kelantan,Kota Bharu
739.0,PASAR MINI SYARIKAT ALAMI,"LOT 2229 A&B,BATU 3 1/4,JALAN SALOR, DEPAN RTM, KOTA BHARU",Kedai Runcit,Kelantan,Kota Bharu
754.0,H&L SIBURAN,"EASTERN MALL,17TH MILE,JALAN KUCHING-SERIAN,SIBURAN",Pasar Raya / Supermarket,Sarawak,Serian
758.0,EVERRISE DEPARTMENTAL STORE SDN. BHD. (4TH MILE),"LOT 759,4TH MILE JALAN PENRISSEN,93250 KUCHING, SARAWAK.",Pasar Raya / Supermarket,Sarawak,Kuching
766.0,PASAR CHABANG EMPAT,"CHABANG 4,16210 TUMPAT,KELANTAN",Pasar Basah ,Kelantan,Tumpat
777.0,PASAR BESAR WAKAF BHARU,"16250 WAKAF BHARU,KELANTAN.,",Pasar Basah ,Kelantan,Tumpat
800.0,KEDAI RUNCIT RAZALI AWANG,"D/A KEDAI RUNCIT RAZALI AWANG 17000 PASIR MAS KELANTAN,LOT 2269KG. MERANTI,",Kedai Runcit,Kelantan,Pasir Mas
803.0,MAN PERMAI ENTERPRISE,"LOT 900,KAMPUNG LATI, LEMAL,PASIR MAS, KELANTAN.",Kedai Runcit,Kelantan,Pasir Mas
805.0,KEDAI RUNCIT AZAMAN,"LOT PT 285 & 286,KG. PENGKALAN BATU,PASIR MAS, KELANTAN.",Kedai Runcit,Kelantan,Pasir Mas
811.0,KEDAI KUIH MEK YOK,"KAMPUNG TERUMBU,DAERAH KANGKONG,PASIR MAS, KELANTAN.",Kedai Runcit,Kelantan,Pasir Mas
813.0,COMFORT MINI MARKET,"JALAN SARAWAK,02000 KUALA PERLIS,",Kedai Runcit,Perlis,Kangar
815.0,KEDAI RUNCIT AKIF,"LOT 688,KAMPUNG JIAS,PASIR MAS, KELANTAN.",Kedai Runcit,Kelantan,Pasir Mas
820.0,KEDAI RUNCIT CHUA HOCK PIAW,"LOT 1635,KEDAI CHEKOK, CHETOK,PASIR MAS, KELANTAN.",Kedai Runcit,Kelantan,Pasir Mas
834.0,SERVAY JAYA SUPERMARKET,"LOT B1-B8,ARSHAD SHOPPING COMPLEX, JALAN O.K.K. SODOMON,89000 KENINGAU, SABAH.",Pasar Raya / Supermarket,Sabah,Keningau
857.0,SABINDO SUPERMARKET TAMBUNAN,"KAMPUNG TOBOH,89650 TAMBUNAN, SABAH.,",Pasar Raya / Supermarket,Sabah,Tambunan
862.0,FUNG MEI NYEN RESTAURANT,"TW.D.T. NO 78,BLOK A, LOT 3,89657 TAMBUNAN, SABAH.",Restoran Cina,Sabah,Tambunan
864.0,GIANT HYPERMARKET PLENTONG,"NO.3 JALAN MASAI LAMA,MUKIM PLENTONG,81750 MASAI JOHOR",Hypermarket,Johor,Johor Bahru
872.0,JANNAD CURRY HOUSE,"LOT 9, BLOCK B,BEAUFORT JAYA BARU,89808 BEAUFORT, SABAH.",Restoran India Muslim,Sabah,Beaufort
873.0,BESTAMART (TENOM),"TENOM COMMERCIAL CENTRELOT 19,89950 PEKAN TENOM.,",Pasar Raya / Supermarket,Sabah,Tenom
879.0,KEDAI KOPI MAS JAYA,"P.O. BOX 98,98850 SIPITANG,SABAH.",Restoran Cina,Sabah,Sipitang
881.0,BESMI CURRY HOUSE,"NO 11,FLOOR NO 1, SIPITANG COMMERCIAL CENTRE,89850 SIPITANG, SABAH.",Restoran India Muslim,Sabah,Sipitang
889.0,"RESTORAN RASA SAYANG, TENOM","LOT NO. 16,TOWN SHOP PETI SURAT 136,89907 TENOM, SABAH.",Restoran Melayu,Sabah,Tenom
890.0,SAMA MAJU TRADING,"LOT NO. 1,PLAZA KUALA PENYU,89747 KUALA PENYU, SABAH",Kedai Runcit,Sabah,Kuala Penyu
891.0,CHI HIN RESTAURANT(MAKANAN CINA),"P.O. BOX NO. 252,89900 TENOM,SABAH.",Restoran Cina,Sabah,Tenom
895.0,"RESTORAN FATIMAH, TENOM","BLOK-R LOT 47,PETI SURAT 344,89908 TENOM, SABAH.",Restoran India Muslim,Sabah,Tenom
900.0,CHOP JIT SENG,"JALAN MARTIN LISTER,72000 KUALA PILAH, N.SEMBILAN.,",Kedai Runcit,Negeri Sembilan,Kuala Pilah
902.0,MELANG KOPITIAM,"NO 27, PUSAT KOMERSIAL MELANG,72000 KUALA PILAH,N.SEMBILAN.,",Restoran Melayu,Negeri Sembilan,Kuala Pilah
904.0,A. ABDUL HAMEED RESTORAN,"NO 164,JLN YAM TUAN,72000 KUALA PILAH, NEGERI SEMBILAN.",Restoran India Muslim,Negeri Sembilan,Kuala Pilah
906.0,UPWELL BAHAU,"UPWELL SUPERSTORE SDN. BHD.,NO 1 JALAN KEMPAS UTAMA,PUSAT PERNIAGAAN KEMPAS, BAHAU",Pasar Raya / Supermarket,Negeri Sembilan,Bahau
907.0,ECONSAVE CASH & CARRY (BH) SDN BHD. BAHAU,"NO. 18-26,JALAN DATO ½ BESAR,72100 BAHAU, N. SEMBILAN",Pasar Raya / Supermarket,Negeri Sembilan,Bahau
911.0,RESTORAN HIJJAS,"NO. 2, JALAN MAWAR 1,JALAN MAWAR 1, PUSAT PERNIAGAAN BAHAU,72100 BAHAU, N. SEMBILAN",Restoran India Muslim,Negeri Sembilan,Bahau
914.0,MILLION MINI MARKET,"NO 8, JALAN BESAR,ROMPIN,N.SEMBILAN,",Kedai Runcit,Negeri Sembilan,Rompin
917.0,RESTORAN CENDOL NOGORI,"NO 5361,TINGKAT BAWAH, JALAN SURIA,73500 ROMPIN, N.SEMBILAN.",Restoran Melayu,Negeri Sembilan,Rompin
920.0,PASAR AWAM GEMAS,"NO. 1,PASAR BESAR GEMAS,",Pasar Basah ,Negeri Sembilan,Gemas
923.0,REZEKI HANI,"NO. 3, SIMPANG KG. TIONG,73400 GEMASN.SEMBILAN,",Medan Selera,Negeri Sembilan,Gemas
925.0,GEMAS CURRY POINT,"NO. 13,JALAN STATION,73400 GEMAS, N. SEMBILAN",Restoran India Muslim,Negeri Sembilan,Gemas
930.0,PASARAYA ECONSAVE MUAR,"LOT 2459 JALAN HAJI JAIB,MUKIM JALAN BAKRI,84000 MUAR JOHOR",Pasar Raya / Supermarket,Johor,Muar
942.0,PASAR AWAM PAGOH,"J32,PASAR AWAM PAGOH,84600 PAGOH,MUAR",Pasar Basah ,Johor,Muar
949.0,RESTORAN TAN NYEK PENG,"JALAN MUAR,84900 TANGKAKJOHOR,",Restoran Cina,Johor,Muar
955.0,PASAR AWAM BATU PAHAT,"PASAR AWAM BATU PAHAT,JALAN IBRAHIM,83000 BATU PAHAT,JOHOR.",Pasar Basah ,Johor,Batu Pahat
962.0,PASAR MINI K.KUMARAN,"NO. 28,TAMAN TANGKAK JAYA,84900 TANGKAK,JOHOR",Pasar Mini,Johor,Muar
1000.0,LIAN YII MARKETING SDN.BHD.,"LOTS 1122 & 1123, BOTH OF BLOCKS 4, STD 95000 SRI AMAN, SARAWAK.,LOTS 1122 & 1123, BOTH OF BLOCKS 4, STD 95000 SRI AMAN, SARAWAK.,",Pasar Mini,Sarawak,Sri Aman
1010.0,REST SRI SIKUATI,"REST SRI SIKUATI 2,SHOP LOT NO 1,JAYA SHOPPING CENTRE,89059 KUDAT, SABAH.,",Restoran Melayu,Sabah,Kudat
1028.0,TAI FONG MARKETING,"TAI FONG GOLDSMITH & WATCHDEALER, NO 27,JLN LO THIEN CHOK, PETI SURAT 48,89057 KUDAT, SABAH",Kedai Runcit,Sabah,Kudat
1032.0,PASAR AWAM (KUALA KANGSAR),"33000 KUALA KANGSAR,PERAK,",Pasar Basah ,Perak,Kuala Kangsar
1043.0,PASAR AWAM (PADANG RENGAS),"JALAN BESAR,33700 PADANG RENGAS,PERAK",Pasar Basah ,Perak,Kuala Kangsar
1046.0,PASAR AWAM (PELADANG),"33800 MANONG,PERAK,",Pasar Basah ,Perak,Kuala Kangsar
1047.0,RESTORAN MING JI,"KAMPUNG SEPAKAT,81750 MASAI,PASIR GUDANG",Restoran Cina,Johor,Johor Bahru
1053.0,PASAR AWAM MASAI,"JALAN MASAI LAMA,KAMPUNG SEPAKAT,81750 MASAI, JOHOR.",Pasar Basah ,Johor,Johor Bahru
1054.0,MASLEE WHOLESALE C & C (PONTIAN) S/B,"NO.1, 1A, 1B-6, 6A, 6B & 15, 15B-19, 19A, 19B, LOT 2585, LORONG ABADI, PUSAT PERNIAGAAN JUTA, JALAN TEO KANG SUI DALAM 82000 PONTIAN, JOHOR.,",Pasar Raya / Supermarket,Johor,Pontian
1107.0,PASARAYA WELLWARD SDN BHD,"PASARAYA WELLWARD SDN BHD,NO.1 JALAN 2,TAMAN KRISTAL 2,86400 PARIT RAJA JOHOR",Pasar Raya / Supermarket,Johor,Batu Pahat
1111.0,ONE SIX EIGHT RESTAURANT,"8, JALAN KRISTAL 6,TAMAN CRYSTAL,86400 PT. RAJA, BATU PAHAT, JOHOR.",Restoran Cina,Johor,Batu Pahat
1117.0,PASARAYA HYPERMARKET AEON BIG,"NO. 1B JALAN PERSIARAN FLORA UTAMA,TAMAN FLORA UTAMA,83000 BATU PAHAT, JOHOR.",Hypermarket,Johor,Batu Pahat
1121.0,PASARAYA THE STORE (CAWANGAN JALAN RUGAYAH,"PASARAYA THE STORE (CAWANGAN JLN RUGAYAH),NO.89, JALAN RUGAYAH,83000 BATU PAHAT, JOHOR",Pasar Raya / Supermarket,Johor,Batu Pahat
1128.0,MEDAN SELERA PACIFIC,"ARAS 2, BATU PAHAT MALL,JALAN KLUANG,83000 BATU PAHAT, JOHOR.",Medan Selera,Johor,Batu Pahat
1130.0,TF VALUE MART (TG MALIM),"TF VALUE MART SDN. BHD.,PT 11713 JALAN WAWASAN MESRA PERDANA,BANDAR BEHRANG 2020, 35900 TANJUNG MALIM, PERAK",Pasar Raya / Supermarket,Perak,Muallim
1133.0,PASAR AWAM TAPAH,"PASAR AWAM TAPAH,JALAN TEMOH, TAPAH,",Pasar Basah ,Perak,Batang Padang
1134.0,PASAR  AWAM SEGAMAT,"PASAR AWAM SEGAMAT,JLN PASAR,85000 SEGAMAT, JOHOR.",Pasar Basah ,Johor,Segamat
1135.0,PASARAYA NIRWANA TAMAN YAYASAN,"PTD 3189,KM 1, LOT 7286, LEBUHRAYA SEGAMAT-KUANTAN,85000 SEGAMAT, JOHOR.",Pasar Raya / Supermarket,Johor,Segamat
1137.0,PASARAYA ECONSAVE SEGAMAT,"NO. 25-39 JALAN SYED ABDUL KADIR,KAMPUNG ABDULLAH,85000 SEGAMAT JOHOR",Pasar Raya / Supermarket,Johor,Segamat
1139.0,PASAR AWAM LABIS,"PASAR AWAM LABIS,JLN TENANG,85300 LABIS, JOHOR.",Pasar Basah ,Johor,Segamat
1140.0,L&B MINI MARKET,"NO 26&28,JLN IBRAHIM,85300 LABIS, JOHOR.",Pasar Mini,Johor,Segamat
1142.0,PASAR MINI JOO HUAT,"COMPANY NO 53362-MNO 1145 C & D,JALAN SEBERANG PERAK,05400 ALOR STAR, KEDAH",Pasar Mini,Kedah,Kota Setar
1143.0,PASARAYA EKONOMI SCH,"NO 61,62,63,64 & 65,BATU 2 JALAN LANGGAR,05460 ALOR STAR, KEDAH",Pasar Mini,Kedah,Kota Setar
1145.0,KOPITIAM UKIR MALL,"JALAN SEHALA, BANDAR ALOR SETAR,05200 ALOR SETAR,KEDAH,",Medan Selera,Kedah,Kota Setar
1146.0,HO HUAT MINI MARKET,"NO 46, TAMAN JOHAN FASA 2,JALAN KUALA KEDAH,06600 ALOR STAR, KEDAH",Kedai Runcit,Kedah,Kota Setar
1148.0,ENG HENG BEE,"KAMPUNG KEPALA PARIT DALAM,PEKAN SIMPANG 4,06660 ALOR STAR, KEDAH",Pasar Mini,Kedah,Kota Setar
1150.0,MINI MARKET MOHAMAD SHAH ISA,"NO 15,JALAN TAKONG DATOK,33300 GERIK, PERAK",Pasar Mini,Perak,Hulu Perak
1151.0,PASAR BASAH SIMPANG EMPAT (ALOR SETAR),"ALOR STAR,06650 ALOR STAR, KEDAH,",Pasar Basah ,Kedah,Kota Setar
1152.0,TUNAS MANJA ROMPIN SDN.BHD.,"PT 2269 & PT 2270,DEPAN BANDAR BARU,KUALA ROMPIN,PAHANG DARUL MAKMUR.",Pasar Raya / Supermarket,Pahang,Rompin
1156.0,PASARAYA PENDANG,"155 & 156, Jalan Pekan Pendang Baru,06700, Pendang,Kedah,",Pasar Raya / Supermarket,Kedah,Pendang
1157.0,PASARAYA ECONSAVE CASH & CARRY SDN BHD,"NO.24-30,JALAN BAYAN,TAMAN SEMBERONG BARAT,83700 YONG PENG,JOHOR",Pasar Raya / Supermarket,Johor,Batu Pahat
1164.0,PASAR BASAH KUALA KEDAH,"JALAN KUALA KEDAH,06600 KUALA KEDAH, KEDAH,",Pasar Basah ,Kedah,Kota Setar
1165.0,EXCELL THREE SUPER CENTRE,"No. 88C, JALAN PEKAN BESAR, TAMAN BANDAR BAHARU, 06400 Pokok Sena, Kedah,06400 POKOK SENA, KEDAH,",Pasar Raya / Supermarket,Kedah,Pokok Sena
1168.0,PASAR MINI DAN KEDAI UBAT PO AI,"NO 11,JALAN TUN SABAN,33300 GERIK, PERAK",Pasar Mini,Perak,Hulu Perak
1170.0,PASAR BASAH POKOK SENA,"TAMAN BANDAR BARU,06400 POKOK SENA, KEDAH,",Pasar Basah ,Kedah,Pokok Sena
1172.0,AL-HADAD,"NO 85, JALAN BESAR,83700 YONG PENG,JOHOR DARUL TAKZIM",Restoran India Muslim,Johor,Batu Pahat
1188.0,TOM YAM WARISAN SELERA RASA,"MEDAN SELERA JALAN BETONG,33100 PENGKALAN HULU, PERAK.,",Restoran Melayu,Perak,Hulu Perak
1190.0,RESTORAN THAIBAH,"NO. 57, JALAN TUN SABAN,33300 GERIK PERAK,",Restoran India Muslim,Perak,Hulu Perak
1191.0,RESTORAN PERDANA IMPIAN,"LOT 622 NO 1 & 2 BANGUNAN MDG,JALAN KUALA KENDERONG,33300 GERIK, PERAK.",Restoran Melayu,Perak,Hulu Perak
1204.0,PASAR AWAM GERIK,"PASAR AWAM GERIK,JALAN PERSIARAN PASAR,33300 GERIK, PERAK",Pasar Basah ,Perak,Hulu Perak
1209.0,PASAR AWAM LENGGONG,"PASAR BASAH BESAR LENGGONG,33400 LENGGONG,PERAK.",Pasar Basah ,Perak,Hulu Perak
1211.0,PASAR AWAM PENGKALAN HULU,"PASAR AWAM PENGKALAN HULU,33100 PENGKALAN HULU,PERAK DARUL RIDZUAN.",Pasar Basah ,Perak,Hulu Perak
1212.0,PASAR BASAH PENDANG,"PENDANG,06700 PENDANG, KEDAH,",Pasar Basah ,Kedah,Pendang
1227.0,PASAR BASAH TANAH MERAH,"PASAR AWAM,BANDAR BARU TANAH MERAH,06700 KEDAH DARUL AMAN",Pasar Basah ,Kedah,Pendang
1231.0,HOCK HUP HIN,"NO 28,PEKAN MELAYU PENDANG,06700 PENDANG KEDAH",Kedai Runcit,Kedah,Pendang
1233.0,SHAMLI BISTRO,"WISMA SHAMSUL ALI,JALAN RAJA,35000 TAPAH, PERAK.",Restoran Melayu,Perak,Batang Padang
1234.0,RESTORAN DFH BALDWIN,"NO 40, JALAN BALDWIN 2,PUSAT PERNIAGAAN BALDWIN, 35000 TAPAH.,",Restoran Cina,Perak,Batang Padang
1235.0,RESTORAN NANG HING,"24 JALAN STESEN,35000 TAPAH.,",Restoran Cina,Perak,Batang Padang
1237.0,RESTORAN MAAHI NOORA,"97, JLN TAKONG DATUK,33300 GERIK, PERAK.,",Restoran India Muslim,Perak,Hulu Perak
1259.0,ECONSAVE PARIT BUNTAR,"LOT PT 140, JALAN PERUSAHAAN 1,KAWASAN PERINDUSTRIAN SIMPANG LIMA,34200 PARIT BUNTAR, PERAK DARUL RIDZUAN",Pasar Raya / Supermarket,Perak,Kerian
1262.0,TUNAS MANJA SUPERMARKET (TG. GEMOK) SDN. BHD.,"SH1-SH27, TAMAN TANJUNG GEMOK,TANJUNG GEMOK,KUALA ROMPIN",Pasar Raya / Supermarket,Pahang,Rompin
1263.0,BILLION PARIT BUNTAR,"NO 2, PERSIARAN SHAHBANDAR,TAMAN KERIAN TAMBAHAN 6,34200 PARIT BUNTAR, PERAK DARUL RIDZUAN",Pasar Raya / Supermarket,Perak,Kerian
1267.0,PASAR AWAM BAGAN SERAI,"JALAN RAJA SYED TAUPHY,KAMPUNG ALOR SENGGUT,BAGAN SERAI, PERAK",Pasar Basah ,Perak,Kerian
1282.0,PASAR MINI KUALA KURAU,"NO 1 & 2JALAN BESAR,34350 KUALA KURAU,PERAK DARUL RIDZUAN",Pasar Mini,Perak,Kerian
1283.0,CHOP LEONG KEE,"NO.31A,JALAN TEMENGGONG SIBAT,96800 KAPIT.",Kedai Runcit,Sarawak,Kapit
1284.0,PASAR AWAM PARIT BUNTAR,"NO. 51,JALAN MAHARAJA,34200 PARIT BUNTAR",Pasar Basah ,Perak,Kerian
1285.0,SING SING SHOPPING CENTRE CO.,"NO.82,JALAN PENGHULU GERINANG,96800 KAPIT,SARAWAK.",Kedai Runcit,Sarawak,Kapit
1288.0,KIONG SENG GENERAL STORE,"NO.3,JALAN TEMENGGONG KOH,96800 KAPIT,SARAWAK.",Kedai Runcit,Sarawak,Kapit
1291.0,BORNEO & CO.,"LOT 1817 & 1818,JLN. KAPIT BY PASS,",Pasar Mini,Sarawak,Kapit
1293.0,SJG CONVENIENCE MART SDN. BHD,"SHELL KAPIT FILLING STATION,JALAN TEMENGGONG KOH,PETI SURAT 5,96807 KAPIT,SARAWAK.",Kedai Runcit,Sarawak,Kapit
1295.0,CHOP SING HUNG,"NO.24,TAMAN IXORA, JALAN SELIRIK,96800 KAPIT,SARAWAK.",Kedai Runcit,Sarawak,Kapit
1299.0,PASAR BASAH KAPIT (MARKET TERESANG),"JALAN PENGHULU GERINANG,KAPIT,SARAWAK",Pasar Basah ,Sarawak,Kapit
1300.0,CCK FRESHMART SDN. BHD,"JALAN TIONG UNG HONG,KAPIT,SARAWAK.",Pasar Basah ,Sarawak,Kapit
1301.0,WONG HUANG YONG,"NO.57,JALAN UNG HONG,96800 KAPIT,SARAWAK.",Kedai Runcit,Sarawak,Kapit
1302.0,SYKT SIANG TRD CO.,"NO.8,BELAGA BAZAAR,96900 BELAGA,SARAWAK.",Kedai Runcit,Sarawak,Belaga
1303.0,SIN HOCK CHAI SDN BHD,"NO.11 & 12,JALAN TEO TUA KHENG,96900 BELAGA,SARAWAK.",Kedai Runcit,Sarawak,Belaga
1310.0,CHOP GOOD-NESS,"NO.25,SONG BAZAAR,96850 SONG,SARAWAK.",Kedai Runcit,Sarawak,Song
1313.0,CHOP LING HAP SING,"NO.6.,SONG BAZAAR,96850 SONG,SARAWAK.",Kedai Runcit,Sarawak,Song
1316.0,SOON GEE HUAT,"NO.42,KAPIT BAZAAR,96800 KAPIT,SARAWAK.",Kedai Runcit,Sarawak,Kapit
1324.0,PASAR AWAM BANDAR TENGGARA,"PASAR AWAM BANDAR TENGGARA,81000 KULAI,JOHOR",Pasar Basah ,Johor,Kota Tinggi
1325.0,"OREN SUPERSTORE, BDR TENGGARA","NO. 136-141, JALAN ANGGERIK 2/3,TAMAN ANGGERIK TENGGARA,BANDAR TENGGARA,81440 KULAI, JOHOR.",Pasar Raya / Supermarket,Johor,Kota Tinggi
1326.0,PASAR MINI HIN SENG,"187-188 JALAN KUALA KURAU,34300 BAGAN SERAI,PERAK DARUL RIDZUAN",Pasar Mini,Perak,Kerian
1327.0,HENTIAN TENGGARA,"JALAN TUN ALI,BANDAR TENGGARA,81000 KULAI, JOHOR",Foodcourt,Johor,Kota Tinggi
1330.0,RESTORAN EMPAYAR BIRIN,"NO. 38 JALAN ANGGERIK 2/1,TAMAN ANGGERIK TENGGARA,BANDAR TENGGARA,81000 KULAI, JOHOR.",Restoran Melayu,Johor,Kota Tinggi
1344.0,RESTORAN ZUBEDAH CORNER,"NO. 38, JALAN EMAS 1,TAMAN TENANG JAYA,85030 TENANG, SEGAMAT, JOHOR.",Restoran India Muslim,Johor,Segamat
1361.0,PASARAYA BILLION,"NO 27, JLN ROSE,BANDAR SEBERANG,85000 SEGAMAT, JOHOR.",Pasar Raya / Supermarket,Johor,Segamat
1390.0,PASAR MINI CHO CHIN,"NO 37-38,SIMPANG EMPAT,34400 SEMANGGOL, PERAK",Pasar Mini,Perak,Kerian
1406.0,LIM KIM LI,"LADANG KAMPUNG KUANTAN,PAHI,",Kedai Runcit,Kelantan,Kuala Krai
1407.0,PASARAYA ECONJAYA (KOK LANAS),"LOT 402-411,JALAN KUALA KRAI, KOK LANAS,KOTA BHARU",Pasar Raya / Supermarket,Kelantan,Kota Bharu
1409.0,NIK MANSOR,"RPT BATU MENGKEBANG,BATU MENGKEBANG,",Kedai Runcit,Kelantan,Kuala Krai
1440.0,YZ NIAGA.,"NO. 577, PASIR MAS, KELANTAN.,JALAN MASJID TO' UBAN,",Kedai Runcit,Kelantan,Pasir Mas
1446.0,TASNIM TRADING,"LOT 24, KG.BATU MELINTANG,JELI, KELANTAN,",Kedai Runcit,Kelantan,Jeli
1447.0,NIK JAYA TRADING K.R,"KAMPUNG GUNUNG,BATU MELINTANG, JELI, KELANTAN.,",Kedai Runcit,Kelantan,Jeli
1449.0,ZANITA MOHD NOOR,"LOT 126 JALAN BESAR KG GEMANG,AYER LANASJELI, KELANTAN,",Kedai Runcit,Kelantan,Jeli
1450.0,AMIDI ENTERPRISE,"KG.GEMANG,AYER LANAS JELI.,",Kedai Runcit,Kelantan,Jeli
1452.0,AZW JAYA ENTERPRISE,"LOT 1169, BANDAR BARU JELI,BANDAR BARU JELI JALAN JELI-DABONG, JELI.,JALAN JELI-DABONG, JELI.",Kedai Runcit,Kelantan,Jeli
1455.0,MAS MANIS JAKAR,"LOT 1463, PASIR MAS, KELANTAN,NO.C KG JAKAR,POHON TANJUNG,",Kedai Runcit,Kelantan,Pasir Mas
1465.0,GERAI MAKAN ROHAIZAN,"KG. BERDANG,JELI, KELANTAN.,",Restoran Melayu,Kelantan,Jeli
1511.0,PASAR MINI BUDI,"NO. 24,KG. BUDI,",Pasar Mini,Kelantan,Bachok
1515.0,RESTORAN TANJUNG 3,"GUCHIL LUAR,KUALA KRAI, KELANTAN.,",Restoran Melayu,Kelantan,Kuala Krai
1517.0,PASAR BASAH KETEREH,"PASAR BASAH KETEREH,KETEREH,",Pasar Basah ,Kelantan,Kota Bharu
1522.0,WARISAN KHATIJAH MINI MARKET,"A-47, TAMAN JAYA 1,KETEREH, KOTA BHARU,",Kedai Runcit,Kelantan,Kota Bharu
1527.0,FAMILY STORE (MASJID TANAH),"SU3054-A,JALAN MASJID TANAH RIA UTAMA, TAMAN MASJID TANAH RIA,78300 MASJID TANAH MELAKA",Pasar Raya / Supermarket,Melaka,Alor Gajah
1532.0,NORDIN SATAY,"KEDAI MAKAN 4,KEDAI PATI DEPAN JKR,KUALA KRAI, KELANTAN.",Restoran Melayu,Kelantan,Kuala Krai
1572.0,PASAR SEGAR LABOK,"BATU 22 (1/2),LABOK,MACHANG",Pasar Basah ,Kelantan,Machang
1576.0,KEDAI TUKAR NORAINI ISMAIL,"KG PANGKAL MELERET,MACHANG,",Kedai Runcit,Kelantan,Machang
1584.0,KEDAI RUNCIT KUSIAH (ROZIE),"NO 4-5, KEDAI LABOK,MACHANG,",Kedai Runcit,Kelantan,Machang
1588.0,WK MINI MARKET,"862,JALAN HILIR PASAR,",Pasar Mini,Kelantan,Tumpat
1597.0,SURIANI BINTI IBRAHIM,"NO 1, LOT 854,BATU 23,MACHANG",Kedai Runcit,Kelantan,Machang
1605.0,PASAR BESAR PULAI CHONDONG,"PASAR BESAR PULAI CHONDONG,PULAI CHONDONG,",Pasar Basah ,Kelantan,Machang
1607.0,WANESA MINI MARKET,"150-151, KEDAI PULAI CHONDONG,PULAI CHONDONG,",Pasar Mini,Kelantan,Machang
1609.0,SRI GADING MINI MARKET,"274,KEDAI PULAI CHONDONG,PULAI CHONDONG",Pasar Mini,Kelantan,Machang
1610.0,MBH JAYA ENTERPRISE,"274 KEDAI PULAI CHONDONG,PULAI CHONDONG,",Kedai Runcit,Kelantan,Machang
1612.0,NOOR'AINI MAMAT,"KG BAGAN ATAS,PULAI CHONDONG,",Kedai Runcit,Kelantan,Machang
1614.0,GZ OPTION ENTERPRISE,"NO 5, LOT 1908 KAMPUNG GAUNG,CHABANG 4 TENDONG,PASIR MAS, KELANTAN.",Restoran Melayu,Kelantan,Pasir Mas
1620.0,WARUNG KURNIA IBU,"JALAN PASIR PEKAN,PASIR MAS, KELANTAN.,",Restoran Melayu,Kelantan,Pasir Mas
1621.0,KEDAI MAKAN IBRAHIM,"D/A DEPAN PEJABAT MARA,PASIR MAS, KELANTAN.,",Restoran Melayu,Kelantan,Pasir Mas
1634.0,PASAR BESAR GUA MUSANG,"DALAM PASAR BESAR GUA MUSANG,BANDAR BARU GUA MUSANG,",Pasar Basah ,Kelantan,Gua Musang
1644.0,KEDAI RUNCIT RUSIAH,"NO 78 KEDAI BATU 30,MACHANG,",Kedai Runcit,Kelantan,Machang
1648.0,JASA CKF ENTERPRISE,"KAMPUNG PADANG,TEMANGAN,",Kedai Runcit,Kelantan,Machang
1649.0,SYARIKAT PERNIAGAAN MESRA (SPM),"LOT PT 93 & 94,JALAN BAKAT,MACHANG",Pasar Mini,Kelantan,Machang
1652.0,PASAR BASAH PENGKALAN CHEPA,"NO 107,PASAR BASAH PENGKALAN CHEPA,JALAN PENGKALAN CHEPA,KOTA BHARU",Pasar Basah ,Kelantan,Kota Bharu
1660.0,HOME-U SDN BHD,"LOT 558,DEPAN PEJABAT POS,",Kedai Runcit,Kelantan,Tumpat
1665.0,LYNIE JAYA ENTERPRISE,"LOT 1832, CABANG TIGA PAUH LIMA,JLN BUKIT MARAK,",Kedai Runcit,Kelantan,Kota Bharu
1692.0,SUKARAMAI RESTORAN,"NO 39.,JALAN DATO HASYIM,MACHANG,KELANTAN.",Restoran Melayu,Kelantan,Machang
1713.0,PASAR AWAM TELUK INTAN,"JALAN WONG SAIK HONG,36000 TELUK INTAN,PERAK",Pasar Basah ,Perak,Hilir Perak
1714.0,PASAR AWAM LANGKAP,"JALAN BESAR LANGKAP,36700 TELUK INTAN,PERAK DARUL RIDZUAN",Pasar Basah ,Perak,Hilir Perak
1718.0,THE STORE TELUK INTAN,"TELUK INTAN BRANCH,775, JALAN AH CHEONG,36000 TELUK INTAN, PERAK DARUL RIDZUAN",Pasar Raya / Supermarket,Perak,Hilir Perak
1719.0,KUDAT CURRY HOUSE,"KUDAT CURRY HOUSE,LOT 10, KUDAT SHOPPING CENTRE,89058 KUDAT, SABAH.,",Restoran India Muslim,Sabah,Kudat
1726.0,KEDAI RUNCIT KOOI,"NO.36,TAMAN SRI INTAN,02600 ARAU,PERLIS.",Kedai Runcit,Perlis,Arau
1728.0,PASAR MINI OMIYA,"13C&14C,JALAN SYED HUSSIN,02600 ARAU,PERLIS.",Kedai Runcit,Perlis,Arau
1730.0,PERNIAGAAN WENG-LEE,"NO.17, 19 & 21,JALAN PADANG SIDING,02600 ARAU,PERLIS",Kedai Runcit,Perlis,Arau
1734.0,PASAR BASAH BINTANGOR,"1 LORONG MAJU,PASAR BINTANGOR,SARAWAK",Pasar Basah ,Sarawak,Meradong
1736.0,ISA KEDAI RUNCIT,"LOT 8261,KAMPUNG GUNUNG, JELI,",Kedai Runcit,Kelantan,Jeli
1737.0,LOTUSS STORE TAIPING,"LOT 38,JLN ISTANA LARUT,TAIPING,PERAK",Hypermarket,Perak,"Larut, Matang & Selama"
1738.0,KEDAI YONG,"NO.43,PEKAN PAUH,02600 ARAU,PERLIS.",Kedai Runcit,Perlis,Arau
1739.0,WELCOME MINI MARKET,"LOT 1584 G/F,JALAN KELUPU,PASAR BINTANGOR",Pasar Mini,Sarawak,Meradong
1742.0,WAN SURIATI,"NO.34,TAMAN SRI INTAN,02600 ARAU,PERLIS.",Kedai Runcit,Perlis,Arau
1749.0,DINMA TRADING,"NO 75,JALAN JEJAWI SEMATANG,TAMAN MUHIBBAH, FASA 2, JEJAWI,02600 ARAU, PERLIS.",Kedai Runcit,Perlis,Arau
1752.0,LEAN ENG TRADING,"LOT 161, 162 & 163,TAMAN UTARA,JEJAWI PERMATANG,02600 ARAU,PERLIS.",Pasar Mini,Perlis,Arau
1756.0,THE STORE KAMUNTING,"THE STORE (MALAYSIA) SDN BHD BRANCH TAIPING (KAMUNTING),PT 13952, JALAN MEDAN SAUJANA,34600 KAMUNTING",Pasar Raya / Supermarket,Perak,"Larut, Matang & Selama"
1758.0,MANAK ENTERPRISE,"NO 1B & 1C,TAMAN UTARA FASA II, JALAN ARAU-KODIANG, GUAR SANJI,02600 ARAU,PERLIS.",Kedai Runcit,Perlis,Arau
1761.0,CHOP WONG POH LEONG,"NO. 3 PASAR JULAU,PEKAN JULAU,JULAU",Kedai Runcit,Sarawak,Julau
1763.0,PASAR MINI SIN WAI HUAT SDN BHD,"NO 99, JLN SIMPANG,34700 SIMPANG,JLN SIMPANG,",Pasar Mini,Perak,"Larut, Matang & Selama"
1766.0,PASARAYA THE STORE (MALAYSIA),"KOMPLEKS KAYANGAN SQUARE,JALAN PENJARA,01000 KANGAR,PERLIS",Pasar Raya / Supermarket,Perlis,Kangar
1769.0,PASARAYA EKONOMI A-WANG,"DEWAN MPK SIMPANG EMPAT,02700 SIMPANG EMPAT,PERLIS.,",Pasar Raya / Supermarket,Perlis,Arau
1770.0,YONHIN (PS) SDN BHD,"NO 1,JALAN RAJA SYED ALWI,01000 KANGAR,PERLIS",Kedai Runcit,Perlis,Kangar
1771.0,PASARAYA AMBAR SEJATI,"NO.14-16,LORONG AMAN,02700 SIMPANG EMPAT,PERLIS.",Pasar Raya / Supermarket,Perlis,Arau
1773.0,PASARAYA AMS MUTIARA,"NO 34-36,TAMAN SENA INDAH,JALAN SIMPANG TIGA,01000 KANGAR,PERLIS",Pasar Mini,Perlis,Kangar
1775.0,PASAR AWAM BATU KURAU,"JLN BESAR,34500 BATU KURAU,PERAK,",Pasar Basah ,Perak,"Larut, Matang & Selama"
1779.0,PASAR BESAR ARAU,"02600 ARAU,PERLIS,",Pasar Basah ,Perlis,Arau
1780.0,MAHZAN BIN ROMLAN,"NO.5,KAMPUNG BATU BERTANGKUP,MUKIM CHUPING KANGAR,02500 KANGAR, PERLIS",Kedai Runcit,Perlis,Padang Besar
1782.0,BAYU RINDU ENTERPRISE,"120- A,KAMPUNG BATU BERTANGKUP, JALAN KILANG GULA,02500 CHUPING, PERLIS",Kedai Runcit,Perlis,Padang Besar
1783.0,PASAR AWAM MATANG,"PASAR AWAM MATANG 34750 MATANG,PERAK,PASAR AWAM MATANG3 4750 MATANG,PERAK,",Pasar Basah ,Perak,"Larut, Matang & Selama"
1789.0,PASAR BASAH AWAM SENA,"JALAN KAMPUNG BAKAU - PADANG BEHOR,01000 KANGAR, PERLIS,",Pasar Basah ,Perlis,Kangar
1793.0,RESTORAN DE CHINTA AYU ENTERPRISE (JULIANA),"NO 8,JALAN SERI SENA, TAMAN SERI SENA,01000 KANGAR, PERLIS.",Restoran Melayu,Perlis,Kangar
1795.0,RESTORAN ABDUL ALIM,"53 LORONG SERULING,JALAN RAJA SYED ALWI,01000 KANGARPERLIS",Restoran India Muslim,Perlis,Kangar
1799.0,YI ANN TRADING,"NO 1510,TAMAN BESERI INDAH, JALAN KAKI BUKIT,BESERI, 02400 KANGAR, PERLIS",Kedai Runcit,Perlis,Padang Besar
1803.0,PASAR BESAR SIMPANG EMPAT,"JALAN SUNGAI BARU,PEKAN SIMPANG EMPAT,02700 SIMPANG EMPAT,PERLIS.,",Pasar Basah ,Perlis,Arau
1806.0,PASAR MINI RAR,"NO. 38,LORONG 3,GAPURA SQUARE,02100 PADANG BESAR (U),PERLIS",Pasar Mini,Perlis,Padang Besar
1811.0,PERNIAGAAN SIM KHEONG,"NO 87,PASAR BARU, JALAN KAKI BUKIT,02200 KAKI BUKIT, PERLIS",Kedai Runcit,Perlis,Padang Besar
1813.0,GIAP HONG CHAN TRADING,"NO. 12,JALAN MURAI BATU, FASA 2, TAMAN KIM,PADANG BESAR, 02100 PERLIS",Kedai Runcit,Perlis,Padang Besar
1814.0,SUPER G- MART MINI MARKET,"8-A,KAMPUNG BARU,02100 PADANG BESAR,PERLIS",Pasar Mini,Perlis,Padang Besar
1815.0,PASAR UMUM BANDAR SANDAKAN,"PASAR UMUM BANDAR SANDAKAN,Sandakan,Sandakan",Pasar Basah ,Sabah,Sandakan
1817.0,KEDAI MAKANAN & MINUMAN LEONG,"NO 30,PEKAN LAMA, PADANG BESAR,02100, PERLIS",Restoran Cina,Perlis,Padang Besar
1820.0,RESTORAN TOK MEK,"KM. 17,JALAN KAKI BUKIT, KAMPUNG PADANG MALAU,01000 KANGAR, PERLIS.",Restoran Melayu,Perlis,Padang Besar
1826.0,PASAR AWAM (SG SIPUT),"PASAR AWAM SUNGAI SIPUT,JALAN BESAR,31100 SUNGAI SIPUT, PERAK",Pasar Basah ,Perak,Kuala Kangsar
1844.0,"PASAR SUNGAI RAJANG, SARIKEI","TERMAINAL 1 BANDAR SARIKEI,BANDAR SARIKEI,SARIKEI",Pasar Basah ,Sarawak,Sarikei
1847.0,SYARIKAT SABANAH,"LOT 32A, BLOK G,TINGKAT BAWAH, OLD SLIPWAY SANDAKAN, PETI SURAT 1432,90715 SANDAKAN, SABAH.",Kedai Runcit,Sabah,Sandakan
1849.0,SINGGAH E-RUP SUP,"LOT 3451,KG KEPAS,MACHANG, KELANTAN.",Restoran Melayu,Kelantan,Machang
1854.0,RESTORAN SIANG-SIANG PANMIAN,"BANDAR KIM FUNG,BATU 4, SANDAKAN,",Restoran Cina,Sabah,Sandakan
1857.0,RESTORAN ZAKARIA,"LOT 12 BLOCK 7, GROUND FLOOR,BANDAR SANDAKAN,90000 SANDAKAN.,",Restoran India Muslim,Sabah,Sandakan
1863.0,MARKET MAJLIS DAERAH SARATOK,"95400, SARATOK,SARAWAK,",Pasar Basah ,Sarawak,Saratok
1865.0,RESTORAN KAK NAB SATAY,"NO 21, TINGKAT 1,JALAN BANDAR BARU 2, PEKAN TANAH MERAH,06700 PENDANG, KEDAH.",Restoran Melayu,Kedah,Kota Setar
1869.0,GUI BROTHERS,"BLOCK B, LOT NO 1,2,3,4,5 & 6,YICK MING COMMERCIAL CENTRE KOTA BELUD,P.O BOX 52, 89157 KOTA BELUD",Pasar Raya / Supermarket,Sabah,Kota Belud
1872.0,GHULAM SUPERSTORE,"NO. 20, JLN DATU MARDAN, POST BOX NO.2, 89157 KOTA BELUD,",Pasar Mini,Sabah,Kota Belud
1900.0,RESTORAN OMAK DEN,"JALAN PERHENTIAN BAS,78300 MASJID TANAH MELAKA,",Restoran Melayu,Melaka,Alor Gajah
1902.0,MEDAN SELERA PERHENTIAN BAS MASJID TANAH,"PERHENTIAN BAS KERETA SEWA (TEKSI),BANDAR MASJID TANAH,78300 MASJID TANAH, MELAKA",Medan Selera,Melaka,Alor Gajah
1941.0,TOH CHUAN SOON,"NO.23,SONG BAZAAR,96850 SONG, SARAWAK.",Kedai Runcit,Sarawak,Song
1942.0,LIM GUAN HUAT,"NO.4,SONG BAZAAR,96850 SONG, SARAWAK.",Kedai Runcit,Sarawak,Song
1959.0,PASAR BESAR SUNGAI ARA,"TINGKAT SUNGAI ARA 1,SUNGAI ARA,11900 BAYAN LEPAS, PULAU PINANG.",Pasar Basah ,Pulau Pinang,Barat Daya
1960.0,PASAR JELUTONG,"JALAN JELUTONG,GEORGETOWN,",Pasar Basah ,Pulau Pinang,Timur Laut
1961.0,PASAR FETTES PARK,"JALAN MOUNT ERSKINE,GEORGETOWN,",Pasar Basah ,Pulau Pinang,Timur Laut
1962.0,SUNSHINE SQUARE,"SUNSHINE WHOLESALE MART SDN. BHD.,SUNSHINE SQUARE, JALAN MAYANG PASIR,11950 BAYAN BARUPULAU PINANG.",Pasar Raya / Supermarket,Pulau Pinang,Barat Daya
1972.0,KOMPLEKS PASAR BESAR BAYAN BARU,"JALAN MAYANG PASIR,11950 BAYAN BARU,PULAU PINANG",Pasar Basah ,Pulau Pinang,Barat Daya
1973.0,FONG KEE RESTAURANT,"26, JALAN BESAR,73500 ROMPIN.N.SEMBILAN,",Restoran Cina,Negeri Sembilan,Rompin
1978.0,FATIMAH BT SABOR,"NO. 4, GERAI MDJL,73500 ROMPINN.SEMBILAN,",Medan Selera,Negeri Sembilan,Rompin
1980.0,GIANT HYPERMARKET BAYAN BARU,"NO 78,JALAN TENGAH BAYAN BARU,11900 BAYAN LEPAS, PULAU PINANG.",Hypermarket,Pulau Pinang,Barat Daya
1983.0,ROHANI BINTI KHAMIS,"NO. 2, GERAI MDJL,73500 ROMPINN.SEMBILAN,",Medan Selera,Negeri Sembilan,Rompin
1995.0,PASAR AWAM ROMPIN,"PASAR AWAM ROMPIN,73500 ROMPIN,N.SEMBILAN,",Pasar Basah ,Negeri Sembilan,Rompin
2007.0,KOMPLEKS AWAM BALIK PULAU,"KOMPLEKS PASAR AWAM BALIK PULAU,11000 BALIK PULAU,PULAU PINANG.,",Pasar Basah ,Pulau Pinang,Barat Daya
2020.0,PASAR AWAM JOHOL,"PASAR AWAM JOHOL,73100 JOHOL,N.SEMBILAN,",Pasar Basah ,Negeri Sembilan,Johol
2028.0,GIANT HYPERMARKET TAMPOI,"LOT 54, JALAN SKUDAI,JALAN SKUDAI,81200 TAMPOI, JOHOR.",Hypermarket,Johor,Johor Bahru
2034.0,TESCO EXTRA SUNGAI DUA,"NO. 675,JALAN SUNGAI DUA,11700 PULAU PINANG.",Hypermarket,Pulau Pinang,Barat Daya
2039.0,KEDAI RUNCIT HALIL STORE,"NO 8,KOMPLEKS PASAR KG MELAYU,AYER ITAM",Kedai Runcit,Pulau Pinang,Timur Laut
2048.0,PASAR AWAM LARKIN,"KOMPLEKS PENGANGKUTAN AWAM,JALAN GARUDA, LARKIN,80350, JOHOR BAHRU, JOHOR",Pasar Basah ,Johor,Johor Bahru
2062.0,PASAR TAMAN LIP SIN,"LEBUH NIPAH,BAYAN LEPAS,PULAU PINANG",Pasar Basah ,Pulau Pinang,Barat Daya
2095.0,SRI INDAH MINI MARKET,"NO. 858-S, MK 6, TAMAN SRI INDAH,11000 BALIK PULAU,PULAU PINANG.,",Pasar Mini,Pulau Pinang,Barat Daya
2098.0,FOOD COURT GIANT HYPERMARKET,"FOOD COURT GIANT HYPERMARKET BAYAN BARU,78 JALAN TENGAH,BAYAN BARU",Foodcourt,Pulau Pinang,Barat Daya
2107.0,PELITA SAMUDERA JALAN TENGAH,"PELITA SAMUDERA,JALAN TENGAH BAYAN BARU,",Restoran India Muslim,Pulau Pinang,Barat Daya
2109.0,SERVAY HYPERMARKET BANDAR,"JALAN KLINIK,PETI SURAT 61758,91027 TAWAU,",Hypermarket,Sabah,Tawau
2115.0,TAMAN TUN SARDON,"1-9 ASTAKA TAMAN TUN SARDON, PINTASAN PEMANCAR 5,TAMAN TUN SARDON 11700 GELUGOR,",Medan Selera,Pulau Pinang,Timur Laut
2130.0,MDJ ABDUL NAZAR KEDAI RUNCIT,"NO. 12, PASAR CHOWRASTA,PASAR CHOWRASTA, 26 TAMIL STREET,10100 PULAU PINANG.",Kedai Runcit,Pulau Pinang,Timur Laut
2158.0,GIANT HYPERMARKET LEISURE MALL,"LOT 1.01 & B1.01, PELANGI LEISURE MALL,JALAN SERAMPANG, TAMAN PELANGI,80400 JOHOR",Hypermarket,Johor,Johor Bahru
2161.0,PASAR CHOWRASTA,"JALAN PENANG,GEORGETOWN,",Pasar Basah ,Pulau Pinang,Timur Laut
2172.0,MEDAN SELERA NEWSTAR,"MEDAN SELERA NEWSTAR, JALAN SUTERA, TAMAN SENTOSA, 80150 JOHOR BAHRU, JOHOR,",Restoran Cina,Johor,Johor Bahru
2179.0,MS MART,"JALAN PADANG TEMBAK,GEORGETOWN,",Kedai Runcit,Pulau Pinang,Timur Laut
2185.0,KEDAI KOPI BEE SAN,"NO 584,JALAN AIR ITAM,11400 AYER ITAM,PULAU PINANG.,",Medan Selera,Pulau Pinang,Timur Laut
2186.0,KHALEEL TELUK BAHANG,"576 MK 2 TELUK BAHANG,TELUK BAHANG,",Restoran India Muslim,Pulau Pinang,Timur Laut
2190.0,PASAR PULAU TIKUS,"3, JALAN PASAR PULAU TIKUS,GEORGETOWN,",Pasar Basah ,Pulau Pinang,Timur Laut
2193.0,GERAI MAKAN & MINUM Y&H,"NO.13, MEDAN SELERA,72000 K.PILAH, N.SEMBILAN,",Medan Selera,Negeri Sembilan,Kuala Pilah
2197.0,ABDUL RAZAK BIN RAMLI,"NO. 21, MEDAN SELERA,72000 KUALA PILAHN.SEMBILAN,",Medan Selera,Negeri Sembilan,Kuala Pilah
2200.0,LOTUSS STORE KAMPAR,"JALAN KAMPAR PERDANA,TAMAN KAMPAR PERDANA,31900 KAMPAR",Pasar Raya / Supermarket,Perak,Kampar
2213.0,PASAR TELUK BAHANG,"JALAN HASSAN ABBAS,TELUK BAHANG,",Pasar Basah ,Pulau Pinang,Timur Laut
2214.0,PASAR MINI ZAZA,"PT 7807 TAMAN MESRA JALAN PERSIARAN RAYA,GUA MUSANG,",Pasar Mini,Kelantan,Gua Musang
2216.0,PASAR MINI MAE,"2046, BANDAR BARU GUA MUSANG,GUA MUSANG,",Pasar Mini,Kelantan,Gua Musang
2221.0,BANDAR BARU PULAU TIKUS,"LEBUHRAYA CANTONMENT,PULAU TIKUS,GEORGETOWN",Pasar Raya / Supermarket,Pulau Pinang,Timur Laut
2222.0,PASAR JALAN PATANI,"JALAN PATANI,GEORGETOWN,",Pasar Basah ,Pulau Pinang,Timur Laut
2230.0,MILIMEWA SUPERSTORE (KUDAT),"LOT 2-7,GROUND FLOOR,JLN LINTAS, 89057 KUDAT, SABAH.",Pasar Raya / Supermarket,Sabah,Kudat
2234.0,TAI AH RESTAURANT,"NO. 606 JALAN SEREMBAN,72000 KUALA PILAH, N.SEMBILAN,",Restoran Cina,Negeri Sembilan,Kuala Pilah
2236.0,UPWELL SUPERSTORE (MATANG),"LOT 14-GF, MATANG RIA SHOPPING CENTRE,JALAN GITA,KUCHING, SARAWAK",Pasar Mini,Sarawak,Kuching
2237.0,A. AZEEZ CAFE,"121, JALAN PERPATEH,72000 KUALA PILAH, N.SEMBILAN,",Restoran India Muslim,Negeri Sembilan,Kuala Pilah
2248.0,MEDAN NIAGA SATOK,"LOT 13636, SEKSYEN 65 KTLD,JALAN MATANG,PETRA JAYA, KUCHING",Pasar Basah ,Sarawak,Kuching
2257.0,KEDAI RUNCIT CHUAN HUAT,"NO. 355,BATU 2 RUMAH KEDAI, JALAN BINTONG,01000 KANGAR, PERLIS",Kedai Runcit,Perlis,Kangar
2270.0,MING MING (BAU),"LOT 335,BAU BAZAAR,",Pasar Mini,Sarawak,Bau
2280.0,MERCATO GURNEY PLAZA,"170-B1-15, GURNEY PLAZA,PERSIARAN GURNEY,GEORGETOWN",Pasar Raya / Supermarket,Pulau Pinang,Timur Laut
2283.0,KAMAL RESTAURANT,"NO 41,JALAN BESAR,PASIR MAS, KELANTAN.",Restoran Melayu,Kelantan,Pasir Mas
2286.0,ALIEF MAJU SDN. BHD. (CHIKU 3),"JALAN KLINIK CHIKU 3,FELDA CHIKU 3,",Kedai Runcit,Kelantan,Gua Musang
2292.0,SWI WUAT MINI MARKET,"129 D& E, JALAN TAN SRI THE EWE LIM,BATU LANCHANG,GEORGETOWN",Pasar Mini,Pulau Pinang,Timur Laut
2309.0,NAR CERIA ENTERPRISE,"NO. 97 RKT PALOH 03,GUA MUSANG,",Kedai Runcit,Kelantan,Gua Musang
2315.0,GERAKAN BELIA 4B,"GERAI NO. 4,FELDA SERTING HILIR 6,72120 BAHAU,N.SEMBILAN",Medan Selera,Negeri Sembilan,Bahau
2320.0,TERUSAN CORNER,"GERAI NO. 3,MEDAN PERNIAGAAN MUHIBAH,72100 BAHAU, N.SEMBILAN",Medan Selera,Negeri Sembilan,Bahau
2332.0,DEEN NASI KANDAR,"598-D & 598-E, JALAN JELUTONG,GEORGETOWN,",Restoran India Muslim,Pulau Pinang,Timur Laut
2333.0,ALIEF MAJU SDN. BHD (GUA MUSANG),"PT 7777 TAMAN MESRA,GUA MUSANG,",Kedai Runcit,Kelantan,Gua Musang
2343.0,KEDAI KOPI SENYA,"LOT 10, BLOK D,SEDCO TOMBORUNGUS KUDAT,PETI SURAT 132,89058 KUDAT, SABAH.,",Restoran Cina,Sabah,Kudat
2364.0,PASAR MINI MAJURIA,"NO. B-12 & B-13,DATARAN USAHAWAN TAMAN DUSUN,BANDAR BARU",Pasar Mini,Kelantan,Gua Musang
2373.0,SENG SANG MINI MARKET,"PT 4222 TAMAN BUNGA TROPIKA,GUA MUSANG,",Pasar Mini,Kelantan,Gua Musang
2423.0,SYARIKAT PERNIAGAAN YUM CHERNG,"KG PULAI,GUA MUSANG,",Kedai Runcit,Kelantan,Gua Musang
2450.0,SERVAY HYPERMARKET LIKAS,"LOT 23-32, BLOK D,LORONG JUTA 1, PLAZA JUTA, MILE 4, JALAN TUARAN, P.O.BOX 12012,89400 LIKAS SABAH.",Hypermarket,Sabah,Kota Kinabalu
2471.0,KEDAI RUNCIT CHIANG SOON,"NO. 411,JLN. PERISAI,86900 ENDAU, JOHOR",Kedai Runcit,Johor,Mersing
2506.0,KEDAI RUNCIT ALFIRA,"RPS KUALA BETIS,GUA MUSANG,KELANTAN,",Kedai Runcit,Kelantan,Gua Musang
2507.0,MILIMEWA SUPERSTORE,"DEPT STORE & SUPERMARKET,LOT 1-6,  SEMPORNA NEW TOWN CENTRE,JALAN PANGLIMA ABDULLAH,",Pasar Raya / Supermarket,Sabah,Semporna
2510.0,PASAR PAYANG,"PASAR BESAR KEDAI PAYANG, KUALA TERENGGANU, TERENGGANU,KUALA TERENGGANU,TERENGGANU",Pasar Basah ,Terengganu,Kuala Terengganu
2511.0,R & Z BERKAT ENTERPRISE,"KG. KUALA LAH,GUA MUSANG,",Kedai Runcit,Kelantan,Gua Musang
2517.0,PASAR IKAN & PASAR AM PAPAR,"PASAR IKAN & PASAR AM PAPAR, JALAN TAPIKONG, 89608 PAPAR, SABAH,",Pasar Basah ,Sabah,Papar
2525.0,NADHIRAH CAFETERIA,"LOT 81,TAMAN OKK MAHALI PAPAR, PETI SURAT 594,89600 PAPAR, SABAH.",Restoran Melayu,Sabah,Papar
2530.0,PASAR SENTUL,"JALAN SENTUL,SENTUL,",Pasar Basah ,W.P. Kuala Lumpur,Batu
2554.0,CHUA KAH SENG SUPERMARKET PENAMPANG,"WISMA CKS,PEKAN DONGGONGON,GRAND MILLENIUM,",Pasar Raya / Supermarket,Sabah,Penampang
2556.0,"RESTORAN SINAR MUSTIKA,","LOT 2 & 3,PUTATAN COURT, PUTATAN,88200 KOTA KINABALU, SABAH.",Restoran Melayu,Sabah,Putatan
2560.0,ECONSAVE CASH AND CARRY MALIM S/B,"NO 1-15,JALAN PPM3 PLAZA PANDAN MALIM BUSINESS PARK, BALAI PANJANG,75250 MELAKA",Pasar Raya / Supermarket,Melaka,Melaka Tengah
2562.0,RESTORAN SRI MUSLIM,"12 TAMAN JUMBO, PETAGAS, KOTA KINABALU, SABAH,",Restoran India Muslim,Sabah,Putatan
2573.0,GRAND UNION STORE,"LOT PT 9979-9983,PUTRA POINTS PHASE 2AJALAN BBN 1/3L,71800 NILAINEGERI SEMBILAN",Pasar Raya / Supermarket,Negeri Sembilan,Seremban
2612.0,B FAMILY MART SDN BHD,"NO. 159-168,LORONG DALAM 6,TAMAN DATO' LELA MAHARAJA,PEKAN CHEMBONG,71300 REMBAU,N.SEMBILAN",Pasar Raya / Supermarket,Negeri Sembilan,Rembau
2617.0,MILIMEWA SUPERSTORE (KOTA MARUDU),"LOT 1-6,JLN JAYA PEKAN BARU,89108 KOTA MARUDU, SABAH.",Pasar Raya / Supermarket,Sabah,Kota Marudu
2623.0,PASAR TANJUNG TAWAU,"JALAN DUNLOP, 91000 TAWAU,SABAH.,",Pasar Basah ,Sabah,Tawau
2626.0,PASAR BESAR IKAN TAWAU,"JALAN DUNLOP, 91000 TAWAU,SABAH,",Pasar Basah ,Sabah,Tawau
2627.0,RESTORAN SRI PANTAI,"RESTORAN SRI PANTAI,JALAN KUHARA,91000, TAWAU,SABAH.,",Restoran Melayu,Sabah,Tawau
2629.0,PASAR KOMUNITI STUTONG,"JALAN SETIA RAJA,TABUAN JAYA,KUCHING, SARAWAK.",Pasar Basah ,Sarawak,Kuching
2633.0,YASSIN CURRY HOUSE,"YASSIN CURRY HOUSE,JALAN DUNLOP,91000, TAWAU,SABAH.,",Restoran India Muslim,Sabah,Tawau
2637.0,ERA SUPERSTORE,"KAMPUNG MEROTAI BESAR, P/S 21218,LOT A 25/1522, KAMPUNG MEROTAI BESAR,91007 TAWAU, SABAH.",Kedai Runcit,Sabah,Kalabakan
2639.0,PERNIAGAAN BAKTHIAR,"LOT 14, TAMAN SAMPAUL,91308 SEMPORNA, SABAH,",Kedai Runcit,Sabah,Semporna
2641.0,PASAR SEMARAK,"TAMAN SEMARAK,MILE 5, 91000 TAWAU, SABAH,",Pasar Basah ,Sabah,Kalabakan
2644.0,RESTORAN MASKUR,"JALAN MEROTAI BESAR,91007 TAWAU, SABAH.,",Restoran Melayu,Sabah,Kalabakan
2645.0,TEOW SOON HUAT DUTY FREE SDN. BHD.,"A14-15,BATU 3/4 POKOK ASSAM,07000 LANGKAWI KEDAH",Pasar Raya / Supermarket,Kedah,Langkawi
2649.0,KEDAI RUNCIT RAMAI RIA,"CL. 105494657,BATU 15, JALAN APAS (LKTNS) TANAH KERAJAAN,P.O.BOX 60166, 91007 TAWAU, SABAH",Kedai Runcit,Sabah,Tawau
2651.0,BILLION DUTY-FREE (LANGKAWI) SDN. BHD.,"LANGKAWI FAIR SHOPPING MALL,JALAN PERSIARAN PUTRA,07000 KUAH, LANGKAWI.",Pasar Raya / Supermarket,Kedah,Langkawi
2656.0,RESTORAN SABAH CHICKEN RICE,"RESTORAN RAMAI RIA,BATU 15, LKTNS APAS,CL. 105494567,91000, TAWAU, SABAH,",Restoran Cina,Sabah,Tawau
2657.0,PASARAYA C-MART(CHANGLUN) SDN BHD,"PEKAN BARU CHANGLUN,06010 CHANGLUN,KEDAH DARUL AMAN",Pasar Raya / Supermarket,Kedah,Kubang Pasu
2661.0,PASAR AWAM KUAH,"JALAN KELIBANG,07000 KUAH,LANGKAWI KEDAH,",Pasar Basah ,Kedah,Langkawi
2663.0,THE STORE PORT DICKSON,"LOT G 21, GROUND FLOOR, OCEANIC MALL,BATU 1/2 JALAN PANTAI,",Pasar Raya / Supermarket,Negeri Sembilan,Port Dickson
2665.0,"PASARAYA KAWANG SDN BHD,","NO 41-A,SIMPANG KERPAN,MUKIM JERLUN,06150 KUBANG PASU,KEDAH DARUL AMAN.",Pasar Raya / Supermarket,Kedah,Kubang Pasu
2670.0,BILLION PORT DICKSON,"LOT 28-41,SEBAHAGIAN LOT PT 72, KAWASAN PENAMBAHAN LAUT,71000, PORT DICKSON, NEGERI SEMBILAN",Pasar Raya / Supermarket,Negeri Sembilan,Port Dickson
2671.0,TESCO PUCHONG,"PUSAT BANDAR PUCHONG,47100 PUCHONG, SELANGOR.,",Hypermarket,Selangor,Petaling
2674.0,RMT SUPERMART SDN BHD,"NO 1-5, TAMAN BAHAGIA 2,06100 KODIANG,KEDAH DARUL AMAN,",Pasar Raya / Supermarket,Kedah,Kubang Pasu
2676.0,MESRA FAMILY STORE,"NO. 5-9, TELUK KEMANG SQUARE,BATU 7, JALAN PANTAI SRI RUSA,",Pasar Raya / Supermarket,Negeri Sembilan,Port Dickson
2678.0,PASAR AWAM JITRA,"PEKAN JITRA 2,06000 JITRA,KEDAH DARUL AMAN",Pasar Basah ,Kedah,Kubang Pasu
2685.0,PASAR TANI KEKAL CHANGLUN,"PEKAN LAMA CHANGLUN,06010, CHANGLUN KEDAH,",Pasar Basah ,Kedah,Kubang Pasu
2687.0,FRESCO N CONVENIENT RETAIL (REMBAU) SDN BHD,"36-39,TAMAN REMBAU JAYA,71300 REMBAU, NEGERI SEMBILAN",Pasar Raya / Supermarket,Negeri Sembilan,Rembau
2688.0,NEW NAM KEE,"PEKAN LUNDU,94500 LUNDU, SARAWAK.,",Kedai Runcit,Sarawak,Lundu
2689.0,PASAR AWAM KERPAN,"SIMPANG EMPAT KERPAN,06150 KERPAN,KEDAH DARUL AMAN",Pasar Basah ,Kedah,Kubang Pasu
2697.0,PASAR AWAM KODIANG,"PEKAN KODIANG,06100 KODIANG,KEDAH DARUL AMAN",Pasar Basah ,Kedah,Kubang Pasu
2700.0,PASAR AWAM AYER HANGAT,"KAMPUNG PADANG LALANG,07000 LANGKAWI KEDAH,KEDAH",Pasar Basah ,Kedah,Langkawi
2736.0,PASAR LUKUT,"PASAR LUKUT,71010 LUKUT, NEGERI SEMBILAN,",Pasar Basah ,Negeri Sembilan,Port Dickson
2739.0,PL SOON HUAT SDN. BHD.,"LOT 945. KG BOHOR RENDAM, MUKIM BOHOR,07000 LANGKAWI, KEDAH,",Pasar Mini,Kedah,Langkawi
2743.0,PASAR AM PITAS,"PASAR AM PITAS, 89100 PITAS, SABAH.,",Pasar Basah ,Sabah,Pitas
2758.0,PASAR AWAM PADANG MATSIRAT,"MUKIM PADANG MATSIRAT,  KEDAH,07100 LANGKAWI, KEDAH,",Pasar Basah ,Kedah,Langkawi
2772.0,FRESCO MERLIMAU,"JB 7000-7004,TAMAN MEWAH, JALAN JASIN,77300 MERLIMAU, MELAKA",Pasar Raya / Supermarket,Melaka,Jasin
2775.0,PASAR GUNUNG RAPAT,"LORONG GUNUNG RAPAT 5,TAMAN RAPAT SETIA, 31350, IPOH PERAK,",Pasar Basah ,Perak,Kinta
2788.0,PASAR TELUK KEMANG,"PASAR TELUK KEMANG,JALAN PANTAI,71050,TELUK KEMANG, PORT DICKSON,",Pasar Basah ,Negeri Sembilan,Port Dickson
2804.0,DESA CAFE & KOPITIAM,"GROUND FLOOR, BANGUNAN ATS,NO.55, JALAN KG. PANDAN,",Restoran Melayu,W.P. Kuala Lumpur,Titiwangsa
2808.0,PASAR PASIR PANJANG,"PASAR PASIR PANJANG,PORT DICKSON, NEGERI SEMBILAN,",Pasar Basah ,Negeri Sembilan,Port Dickson
2820.0,PASAR LINGGI,"PASAR LINGGI,LINGGI, NEGERI SEMBILAN,",Pasar Basah ,Negeri Sembilan,Port Dickson
2829.0,RAMAI RAMAI SDN BHD,"MDLD 2113-2114,JALAN BUNGA RAYA,91100 LAHAD DATU",Pasar Raya / Supermarket,Sabah,Lahad Datu
2831.0,CHOON CHEONG DEPARTMENT STORE SDN BHD,"LOT 2230-2231, LIMBANG TOWN DISTRICT JALAN PANDARUAN, P.O BOX 162,98700 LIMBANG, SARAWAK.,",Pasar Raya / Supermarket,Sarawak,Limbang
2838.0,TF VALUE MART SG SIPUT,"NO. 1 PERSIARAN KOMERSIAL 1,KOMERSIAL WATERFRONT,31100 SUNGAI SIPUT (U), PERAK DARUL RIDZUAN.",Pasar Raya / Supermarket,Perak,Kuala Kangsar
2846.0,LBG SOON SENG SDN BHD,"LOT 2117, 2118 & 2119, JALAN BANGKITA,98700 LIMBANG,SARAWAK.,",Kedai Runcit,Sarawak,Limbang
2864.0,PASAR BASAH MANIR,"KAMPUNG MANIR,KUALA TERENGGANU,TERENGGANU",Pasar Basah ,Terengganu,Kuala Terengganu
2874.0,SERI KOLAM-TELIPOT TRADING (AH BENG),"A291 KAMPONG KOLAM MENGABANG TELIPOT,KUALA TERENGGANU,",Kedai Runcit,Terengganu,Kuala Nerus
2879.0,SING KWONG (SALIM) SUPERMARKET,"LOT 2, GROUND & 1ST FLOOR,BLOCK B SING KWONG COMPLEX,JALAN SALIM, SIBU, SARAWAK",Pasar Raya / Supermarket,Sarawak,Sibu
2890.0,RESTORAN NUR HIDAYAH & CATERING,"LOT 84,MDLD 3822 FAJAR CENTR,91000 LAHAD DATU, SABAH.",Restoran Melayu,Sabah,Lahad Datu
2906.0,CHOP CHOON SENG HIN,"LOT 51,SUNDAR,",Kedai Runcit,Sarawak,Lawas
2907.0,PASAR EKONOMI TOPEN,"1E & 1F, JALAN 13,T,AMAN KLUANG BARAT,86000 KLUANG.",Pasar Mini,Johor,Kluang
2908.0,AULIAH RESTAURANT,"JALAN KEMBANGMETRO COMMERCIAL COMPLEXP.O.BOX 6023191111 LAHAD DATUSABAH,",Restoran India Muslim,Sabah,Lahad Datu
2917.0,PASAR AWAM KLUANG,"JALAN BERANGAN,86000 KLUANG.,",Pasar Basah ,Johor,Kluang
2918.0,PASAR PEKAN SIK,"MEJA SRI TANJUNG,08200 SIK KEDAH,",Pasar Basah ,Kedah,Sik
2925.0,ZUA PERMAI TRADING,"HJH. MUNAH BT. CHE ABDULLAH,LOT 50038 SUNGAI TAROM, BANDAR PERMAISURI,SETIU, TERENGGANU",Pasar Raya / Supermarket,Terengganu,Setiu
2930.0,YANG KWANG DEPARTMENT STORE SDN BHD,"LOT 172 -173,  GROUND FLOOR,JALAN LIEW SIEW ANN, P.O. BOX 35,",Kedai Runcit,Sarawak,Lawas
2939.0,RESTORAN A BISMI & RESTORAN NAZNISHA,"PLAZA 393, LOT NO 61, JALAN PEEL,CHERAS,",Restoran India Muslim,W.P. Kuala Lumpur,Cheras
2946.0,KEDAI RUNCIT YEW LEONG,"NO. 142,JALAN TELOI TUA, PEKAN BATU 5,MUKIM TELOI, 08200 SIK, KEDAH DARUL AMAN.",Kedai Runcit,Kedah,Sik
2948.0,PASAR AWAM PADANG SERAI,"3132,JALAN MAHSURI 3J,09400 PADANG SERAI, KEDAH",Pasar Basah ,Kedah,Kulim
2952.0,PASAR BASAH PEKAN BATU LIMA,"PEKAN SIK,08210 SIK, KEDAH,",Pasar Basah ,Kedah,Sik
2955.0,PASAR AWAM KULIM,"TAMAN TUNKU PUTRA,09000 KULIM, KEDAH,",Pasar Basah ,Kedah,Kulim
2958.0,KEDAI RUNCIT SEJAHTERA BARU,"NO.33, JALAN RAJA ALANG,KG. BARU,",Kedai Runcit,W.P. Kuala Lumpur,Titiwangsa
2959.0,SK MART,"PT 953-PT954,JLN MAK SARA, TAMAN D'JAYA,22000 JERTEH, TERENGGANU",Kedai Runcit,Terengganu,Besut
2983.0,PASAR BESAR BANDAR TEMERLOH,"BANDAR TEMERLOH,TEMERLOH, PAHANG.,",Pasar Basah ,Pahang,Temerloh
2984.0,NIRWANA MAJU SDN BHD,"LOT 1572, MUKIM KUALA DUNGUN,JALAN YAHYA AHMAD,23000 DUNGUN",Pasar Raya / Supermarket,Terengganu,Dungun
2993.0,PASAR BASAH (BALING),"JALAN SYED SHEIKH,09100 BALING KEDAH,",Pasar Basah ,Kedah,Baling
3002.0,RDY MINI MARKET,"2B, KAWASAN PERNIAGAAN FELDA SEBERTAK,BERA, PAHANG,",Pasar Mini,Pahang,Bera
3003.0,AEON ( MID VALLEY ),"1st FLOOR, UNIT AT3, MID VALLEY MEGAMALL,MID VALLEY CITY,LINGKARAN SYED PUTRA,",Pasar Raya / Supermarket,W.P. Kuala Lumpur,Lembah Pantai
3017.0,PASAR BASAH (KUALA KETIL),"NO 60, 1,SUSUR ORKID, KUALA KETIL,09100 BALING, KEDAH",Pasar Basah ,Kedah,Baling
3019.0,TC BROS TUARAN,"BLOCK 17, SHOP NO. 5 & 6, JALAN LABUAYA, 89208 TUARAN, SABAH,",Pasar Mini,Sabah,Tuaran
3021.0,BILLION BALING,"BILLION SHOPPING CENTRE (BALING) SDN, BHDPLAZA BALING,LOT PT 6333 MUKIM PULAI, DERAH BALING,09100 BALING KEDAH DARUL AMAN",Pasar Raya / Supermarket,Kedah,Baling
3023.0,WAN LEE HENG CASH & CARRY,"105, LENGGOK RAJA LAUT,CHOW KIT,",Pasar Raya / Supermarket,W.P. Kuala Lumpur,Titiwangsa
3024.0,PASAR BASAH MERSING,"JALAN BANDAR TEPIAN SUNGAI,86800 MERSING, JOHOR,",Pasar Basah ,Johor,Mersing
3041.0,PASARAYA ECONSAVE KAPAR SDN BHD,"14-22,JALAN RAJA MOKHTAR PEKAN KAPAR,44220 KAPAR, SELANGOR",Pasar Raya / Supermarket,Selangor,Klang
3051.0,PASAR AWAM SERDANG,"16, 136,09800, SERDANG KEDAH,",Pasar Basah ,Kedah,Kulim
3053.0,AULIAH TRADING,"JALAN TERATAI,P.O.BOX 60231,91111 LAHAD DATU, SABAH.",Kedai Runcit,Sabah,Lahad Datu
3056.0,PASAR SENTRAL SMC,"JALAN WONG NAI SIONG,PEKAN SIBU,SIBU",Pasar Basah ,Sarawak,Sibu
3066.0,PASAR RAKYAT LAHAD DATU,"PASAR RAKYAT LAHAD DATU, P.O BOX 60249, LAHAD DATU, SABAH,",Pasar Basah ,Sabah,Lahad Datu
3078.0,PASARAYA STAR GROCER ( DESA PANDAN ),"NO. 6,8,10&12, JALAN 1/76C,DESA PANDAN,",Pasar Raya / Supermarket,W.P. Kuala Lumpur,Titiwangsa
3103.0,PASARAYA TF VALUE MART JERANTUT,"LOT 7801-7811 & 7816-7826,BANDAR INDERAPURA,JERANTUT PAHANG",Pasar Raya / Supermarket,Pahang,Jerantut
3130.0,AEON ( METRO PRIMA ),"NO.1, JALAN METRO PRIMA,KEPONG,",Pasar Raya / Supermarket,W.P. Kuala Lumpur,Kepong
3145.0,KEDAI RUNCIT ROSLAN,"KEDAI GUAL IPOH,17500 TANAH MERAH,KELANTAN,TANAH MERAH,KELANTAN,",Kedai Runcit,Kelantan,Tanah Merah
3150.0,AEON BIG ( KEPONG ),"NO.2, JALAN METRO PERDANA,TAMAN USAHAWAN KEPONG,",Hypermarket,W.P. Kuala Lumpur,Kepong
3153.0,HUP HENG MINI MARKET,"NO : 78,JALAN RAYA,09800 SERDANG KEDAH",Pasar Mini,Kedah,Kulim
3165.0,PASAR MINI SIN KEAN JOO,"NO: 22-23,JALAN RAYA LUBOK BUNTAR,09800 SERDANG KEDAH",Pasar Mini,Kedah,Kulim
3171.0,BALING MINI MARKET,"18-21, JALAN LIKU,09100 BALING KEDAH,",Pasar Mini,Kedah,Baling
3178.0,AEON BIG SUBANG JAYA,"NO 3 JALAN SS16/1,47500 SUBANG JAYA, SELANGOR DARUL EHSAN,",Hypermarket,Selangor,Petaling
3181.0,PASAR PUDU,"JALAN PASAR,PUDU,",Pasar Basah ,W.P. Kuala Lumpur,Cheras
3195.0,PASAR BATU 5,"BATU 5,JALAN IPOH,",Pasar Basah ,W.P. Kuala Lumpur,Batu
3204.0,THE STORE ( SRI PETALING ),"LOT 24211, JALAN RADIN TENGAH,BANDAR BARU SRI PETALING,",Pasar Raya / Supermarket,W.P. Kuala Lumpur,Seputeh
3208.0,PASARAYA SHAAN SDN BHD,"NO : 403-408 TAMAN BAYAM INDAHJALAN SUNGAI SELUANG09600 LUNASKEDAH,",Pasar Raya / Supermarket,Kedah,Kulim
3211.0,PASAR HARIAN SELAYANG ( KL ),"SELAYANG,KUALA LUMPUR,",Pasar Basah ,W.P. Kuala Lumpur,Batu
3214.0,FARLEY SUPERMARKET,"LOT 7181, BLOCK 31,MEDAN JAYA COMMERCIAL CENTRE,97000 BINTULU,SARAWAK,",Pasar Raya / Supermarket,Sarawak,Bintulu
3221.0,KF-KUFAROSIRA (M) SDN BHD,"NO 166-A JALAN BESAR KUALA BERANG,21700 HULU TERENGGANU,TERENGGANU.",Kedai Runcit,Terengganu,Hulu Terengganu
3232.0,KEDAI RUNCIT MEGA GRADE SDN BHD,"NO.2, JALAN SEPADU,TAMAN UNITED,",Kedai Runcit,W.P. Kuala Lumpur,Seputeh
3245.0,TERATAI MINI MARKET,"LOT PT 417,JALAN PUTRI SA'ADONG,",Pasar Mini,Kelantan,Tumpat
3251.0,PASAR BUKIT BESAR,"JALAN PASIR PANJANG,KUALA TERENGGANU,TERENGGANU",Pasar Basah ,Terengganu,Kuala Terengganu
3254.0,PASAR BASAH KUALA BERANG,"KUALA BERANG,HULU TERENGGANU,",Pasar Basah ,Terengganu,Hulu Terengganu
3256.0,SUPERMAS RETAIL SDN. BHD,"PT 5183,KG. GONG KEPAS,22200 JERTEH, TERENGGANU",Pasar Raya / Supermarket,Terengganu,Besut
3261.0,PASAR BASAH AJIL,"AJIL,HULU TERENGGANU,",Pasar Basah ,Terengganu,Hulu Terengganu
3265.0,PASAR BESAR DUNGUN,"PASAR BESAR DUNGUN,23000 DUNGUN,TERENGGANU",Pasar Basah ,Terengganu,Dungun
3270.0,KEDAI RUNCIT WEE CHIN FATT,"NO. 1 BLOCK B, JALAN KIOK, P.O. BOX 42, 89207 TUARAN, SABAH,",Pasar Mini,Sabah,Tuaran
3271.0,PASAR PAGI SELAYANG JAYA,"PASAR HARIAN TAMAN SELAYANG JAYA,TAMAN SELAYANG JAYA, SELAYANG,68100 BATU CAVES, SELANGOR",Pasar Basah ,Selangor,Gombak
3274.0,ISTANA AYAM TUA,"LOT. 6 BLOCK B, KEDAI SEDCO, 89208 TUARAN SABAH,",Pasar Mini,Sabah,Tuaran
3302.0,PASAR SELAYANG BARU,"PASAR HARIAN SELAYANG BARU,JALAN BESAR SELAYANG BARU,68100 BATU CAVES, SELANGOR.",Pasar Basah ,Selangor,Gombak
3304.0,YAT LAI HIONG,"NO. 40 & 41,MAIN ROAD,32800 PARIT, PERAK.",Pasar Mini,Perak,Perak Tengah
3305.0,PASAR BESAR TAMAN TUN DR ISMAIL ( TTDI ),"JALAN WAN KADIR,TAMAN TUN DR ISMAIL,",Pasar Basah ,W.P. Kuala Lumpur,Segambut
3310.0,NELAYAN MINI MARKET,"JALAN HILIR PASAR16200 TUMPATKELANTAN,TUMPAT,",Pasar Mini,Kelantan,Tumpat
3313.0,C-FAR MINIMART,"7 JALAN DELIMA,TAMAN SAMUDERA,86200 SIMPANG RENGGAM, JOHOR.",Pasar Mini,Johor,Kluang
3318.0,GIANT BATU CAVES,"GCH RETAIL MALAYSIA SDN BHD (667035-P)LOT 10243,JALAN BATU CAVES, BANDAR SELAYANG, DAERAH GOMBAK,68100 SELANGOR",Hypermarket,Selangor,Gombak
3335.0,RESTORAN NO.8,"NO.19 JALAN DATO ABDULLAH,71600 KUALA KLAWANG, NEGERI SEMBILAN,",Restoran India Muslim,Negeri Sembilan,Jelebu
3336.0,GIANT SEKSYEN 7 SHAH ALAM,"GROUND FLOOR KOMERSIAL BLOK A PUSAT KOMERSIAL,NO.2, JALAN PLUMBUM T 7/T, SEKSYEN 7,40000 SHAH ALAM, SELANGOR",Pasar Raya / Supermarket,Selangor,Petaling
3337.0,PASAR AWAM TANJUNG MALIM,"PASAR AWAM TANJUNG MALIM,35900 TANJUNG MALIM, PERAK,",Pasar Basah ,Perak,Muallim
3339.0,PASAR AWAM SLIM RIVER,"PASAR AWAM SLIM RIVER,35800 SLIM RIVER, PERAK,",Pasar Basah ,Perak,Muallim
3344.0,PASAR AWAM SUNGKAI,"35600 SUNGKAI,PERAK.,",Pasar Basah ,Perak,Batang Padang
3346.0,PASAR AWAM BIDOR,"35500 BIDOR,PERAK,",Pasar Basah ,Perak,Batang Padang
3347.0,RESTORAN JELEBU,"NO 196A,JALAN DATO' MOYANG SALLEH,71600 KUALA KLAWANG, NEGERI SEMBILAN.",Restoran Melayu,Negeri Sembilan,Jelebu
3357.0,RESTORAN FATIMAH,"NO.188,JALAN DATO' MENTERI,71600 KUALA KLAWANG, NEGERI SEMBILAN.",Restoran Melayu,Negeri Sembilan,Jelebu
3359.0,PASAR AWAM SIMPANG RENGGAM,"JALAN PASAR,86200 SIMPANG RENGGAM.,",Pasar Basah ,Johor,Kluang
3366.0,AEON MAXVALU PRIME ( DESA PARK CITY ),"LOT GF22, GROUND FLOOR,THE WATERFRONT@DESA PARKCITY,5, PERSIARAN RESIDEN,",Pasar Raya / Supermarket,W.P. Kuala Lumpur,Segambut
3381.0,PERNIAGAAN LUKUT STORE,"951-952,BATU 7, JALAN PANTAI,71050 TELOK KEMANG, PO71050 TELOK KEMANG, PORT DICKSON, NEGERI SEMBILANRT DICKSON, NEGERI SEMBILAN",Kedai Runcit,Negeri Sembilan,Port Dickson
3382.0,INDERA STORE,"119/5,JALAN BESAR LINGGI,71150 LINGGI, NEGERI SEMBILAN DARUL KHUSUS.",Kedai Runcit,Negeri Sembilan,Port Dickson
3383.0,PASAR AWAM PARIT,"PASAR BASAH BESAR PARIT,32800 PARIT,PERAK",Pasar Basah ,Perak,Perak Tengah
3399.0,PASAR BESAR JALAN OTHMAN,"JALAN OTHMAN,PJS 4,46000 PETALING JAYA, SELANGOR",Pasar Basah ,Selangor,Petaling Jaya
3424.0,PASAR AWAM REMBAU,"PASAR AWAM PEKAN REMBAU,71300, REMBAU, NEGERI SEMBILAN,",Pasar Basah ,Negeri Sembilan,Rembau
3436.0,GIANT SUPERMARKET AMCORP MALL,"LG 22, LGF BLOK E, AMCORP MALL,NO. 18, PERSIARAN BARAT, OFF, JALAN TIMUR,46050 PETALING JAYA, SELANGOR",Pasar Raya / Supermarket,Selangor,Petaling Jaya
3438.0,PASAR AIR PANAS,"JALAN AYER KEROH,TAMAN AIR PANAS, SETAPAK,",Pasar Basah ,W.P. Kuala Lumpur,Setiawangsa
3444.0,U ALL MART SDN BHD,"LOT 22584,JALAN INTAN NADI KOTA,BANDAR JENGKA, PAHANG.",Pasar Raya / Supermarket,Pahang,Maran
3448.0,TUNAS MANJA SUPERMARKET (MARAN) SDN BHD,"LOT 7466,BANDAR BARU MARAN,MARAN,PAHANG.",Pasar Raya / Supermarket,Pahang,Maran
3450.0,YUSUF ISLAMIC CAFE,"NO.6, LORONG 3, JALAN JUBLI MUTIARA, 96100 SARIKEI,SARAWAK,",Restoran India Muslim,Sarawak,Sarikei
3456.0,MEDAN SELERA SARIKEI,"JALAN MARKET,SARIKEI,",Medan Selera,Sarawak,Sarikei
3514.0,KEDAI MKN CINA-WONG CHU,"3742, JLN RJ 6/2TMN RASAH JAYA,70300 SEREMBAN,",Restoran Cina,Negeri Sembilan,Seremban
3517.0,PASARAYA TF VALUE MART MENTAKAB,"BANGUNAN PASAR LAMA MENTAKAB,JALAN BESAR,MENTAKAB",Pasar Raya / Supermarket,Pahang,Temerloh
3528.0,KEDAI RUNCIT BALKEES ENTERPRISE,"NO.6, JALAN SRI SENTOSA,TAMAN SRI SENTOSA,OFF JALAN KLANG LAMA,",Kedai Runcit,W.P. Kuala Lumpur,Lembah Pantai
3531.0,MILIMEWAH SUPERSTORE,"LOT 22-27 LAZENDA COMMERCIAL CENTRE, PHASE LL,JLN TUN MUSTAPHA, P.O. BOX 80838, 87018 WP LABUAN,PHASE LL,JLN TUN MUSTAPHA, P.O. BOX 80838,",Pasar Raya / Supermarket,W.P. Labuan,Kawasan Bandar
3541.0,PASAR PAGI SRI GOMBAK,"JALAN 1, TAMAN SRI GOMBAK,68100 BATU CAVES, SELANGOR,",Pasar Basah ,Selangor,Gombak
3551.0,MEDAN SELERA MARA S.RENGGAM,"MEDAN NIAGA MARA,JALAN BESAR,86200 SIMPANG RENGGAM, JOHOR.",Medan Selera,Johor,Kluang
3557.0,MINI MARKET TONG SENG HIN,"NO.3 RUMAH KEDAI STESYEN BAS,JALAN DATO' MENTERI,JELEBU NEGERI SEMBILAN",Pasar Mini,Negeri Sembilan,Jelebu
3558.0,PASAR AWAM PASIR PENAMBANG,"PEKAN PASIR PENAMBANG,45000 KUALA SELANGOR, SELANGOR,",Pasar Basah ,Selangor,Kuala Selangor
3575.0,PASAR AWAM TANJUNG KARANG,"PASAR AWAM TANJUNG KARANG TANJUNG,45500 TANJUNG KARANG, SELANGOR,",Pasar Basah ,Selangor,Kuala Selangor
3587.0,PASAR BESAR JASIN,"BANDAR BARU 3,77000 JASIN MELAKA,",Pasar Basah ,Melaka,Jasin
3588.0,PASAR BESAR MERLIMAU,"JLN BANDAR BARU,77300 MERLIMAU, MELAKA,",Pasar Basah ,Melaka,Jasin
3612.0,MINI MARKET RASAH JAYA,"RASAH JAYA SUPERMARKET,3384, JALAN RJ 6/1,TMN RASAH JAYA SEREMBAN",Pasar Mini,Negeri Sembilan,Seremban
3639.0,RESTORAN MELATI,"NO.120,BANGUNAN UMNO,73000 TAMPIN, NEGERI SEMBILAN.",Restoran Melayu,Negeri Sembilan,Tampin
3652.0,KEDAI MAKAN SYARIFAH NOR,"NO.6,KEDAI MARA TAMPIN SQUARE,73000 TAMPIN, NEGERI SEMBILAN.",Restoran Melayu,Negeri Sembilan,Tampin
3662.0,PASAR AWAM SG BESAR,"PASAR AWAM SG BESAR,45300 SG BESAR,SELANGOR,SG BESAR,",Pasar Basah ,Selangor,Sabak Bernam
3686.0,CHANDRIKA CASH & CARRY,"PT 4708 & PT 4709,JALAN TS 1/1TAMAN SEMARAK,71800 NILAI,NEGERI SEMBILAN",Kedai Runcit,Negeri Sembilan,Seremban
3692.0,PASAR SERI SETIA,"JALAN SS9A/1,SG WAY,47300 PETALING JAYA, SELANGOR",Pasar Basah ,Selangor,Petaling Jaya
3694.0,PASAR BATU 24,"JALAN APAS BALUNG, 91000 TAWAU,",Pasar Basah ,Sabah,Tawau
3702.0,PASAR BASAH KOTA BELUD,"PASAR BASAH KOTA BELUD, 89158 KOTA BELUD,",Pasar Basah ,Sabah,Kota Belud
3722.0,SABINDO SUPERMARKET,"SABINDO SUPERMARKET,KG LASING (JLN RANAU - TELUPID),89307 RANAU, SABAH.",Pasar Raya / Supermarket,Sabah,Ranau
3725.0,PASAR RANAU,"PASAR RANAU, 89308 RANAU,",Pasar Basah ,Sabah,Ranau
3727.0,PASARAYA B & O,"NO.19-35, JALAN 46B/26,PUSAT BANDAR SRI RAMPAI,",Pasar Raya / Supermarket,W.P. Kuala Lumpur,Setiawangsa
3733.0,PASARAYA AZMI,"LOT 2089,DEPAN KLINIK DESA TELUK JERING,",Pasar Mini,Kelantan,Tumpat
3739.0,PASAR AM BEAUFORT,"PASAR AM BEAUFORT SABAH,",Pasar Basah ,Sabah,Beaufort
3770.0,PASAR CHABANG 3,"CHABANG TIGA,KUALA TERENGGANU,TERENGGANU",Pasar Basah ,Terengganu,Kuala Terengganu
3786.0,RAKAN MUDA MINI MARKET,"NO. C12 & 13,,PUSAT PERKHIDMATAN KG AWAH,,",Pasar Mini,Pahang,Temerloh
3805.0,MAT RAHIN KEDAI RUNCIT.,"KG. RHU SEPULUH,22120 SETIU,TERENGGANU.",Kedai Runcit,Terengganu,Setiu
3837.0,NAM LEONG (KANOWIT) SUPERMARKET,"MAIN BAZAAR KANOWIT,KANOWIT,",Pasar Mini,Sarawak,Kanowit
3838.0,KIM HOCK SUPERMARKET,"SIBUJAYA,96000 SIBU,",Pasar Raya / Supermarket,Sarawak,Sibujaya
3845.0,SERVAY HYPERMARKET PARKWELL DEPARTMENTAL STORE PUTATAN,"BLOCK K, LOT 1,LORONG GRAND PLAZA PUTATAN,88200 PUTATAN.",Hypermarket,Sabah,Putatan
3856.0,SIN LAM BEE MINIMARKET,"166, JALAN AIR ITAM,GEORGETOWN,",Kedai Runcit,Pulau Pinang,Timur Laut
3861.0,PASARAYA ECONJAYA SDN. BHD.,"PT 310-315, JALAN FARIDAH,JERTEH,22000 JERTEH TERENGGANU",Pasar Raya / Supermarket,Terengganu,Besut
3870.0,PASAR UMUM KUNAK,"MAJLIS DAERAH KUNAK, PETI SURAT 15, 91207 KUNAK,",Pasar Basah ,Sabah,Kunak
3873.0,FAMILY CHE ENTERPRISE,"NO.7, KAMPUNG ANAK MUSANG,22020 JERTEH,BESUT, TERENGGANU",Kedai Runcit,Terengganu,Besut
3901.0,LOTUSS STORES,"LOTUSS STORES (MALAYSIA) SDN.BHD. LOT 37820 & 11196,MUKIM KAJANG, SAUJANA IMPIAN,43000 KAJANG, SELANGOR DARUL EHSAN.",Hypermarket,Selangor,Hulu Langat
3904.0,AEON BIG KAPAR,"NO. 2, JALAN HARMONI 3,KU3, SUNGAI PINANG,42100 KLANG,SELANGOR DARUL EHSAN",Hypermarket,Selangor,Klang
3908.0,PASAR KAMPUNG MELAYU SUBANG,"KAMPUNG MELAYU SUBANG,PERSIARAN LAPANGAN TERBANG SULTAN ABDUL AZIZ SHAH,40000 SUBANG, SELANGOR",Pasar Basah ,Selangor,Petaling
3909.0,TESCO SETIA ALAM,"NO. 2 JLN SETIA PRIMA U13/S ,40170 SHAH ALAM, SELANGOR DARUL EHSAN,",Hypermarket,Selangor,Klang
3936.0,PASAR BASAH KUALA NERANG,"KUALA NERANG,06300 KUALA NERANG, KEDAH,",Pasar Basah ,Kedah,Padang Terap
3939.0,PASAR TAMU TATAU,"TATAU BINTULU,SARAWAK,",Pasar Basah ,Sarawak,Tatau
3947.0,PASAR MINI SRI NAKA,"NO. 5,KEDAI MDPT PEKAN NAKA,ALOR STAR KEDAH",Pasar Mini,Kedah,Padang Terap
3949.0,RAMLEE KEDAI RUNCIT,"NO. 15,RUMAH KEDAI KEDAPEKAN NAKA,06350 ALOR STAR KEDAH",Kedai Runcit,Kedah,Padang Terap
3963.0,PASAR BESAR MODEN RAWANG,"JALAN BANDAR RAWANG 3,48000 RAWANG, SELANGOR,",Pasar Basah ,Selangor,Rawang
3984.0,BILLION SHOPPING CENTRE (KOTA PERMAI) SDN BHD,"PLAZA KOTA PERMAI, NO. 2, LORONG KOTA PERMAI 13,TAMAN KOTA PERMAI, 14000 BUKIT MERTAJAM, PULAU PINANG,",Pasar Raya / Supermarket,Pulau Pinang,Seberang Perai Tengah
4015.0,PASAR MINI 99 SPEEDMART SDN BHD (PASIR PENAMBANG),"202 & 203 (Q),PEKAN PASIR PENAMBANG,45400 KUALA SELANGOR, SELANGOR",Pasar Mini,Selangor,Kuala Selangor
4057.0,WONDERFUL SUPER MART SHOP SDN BHD,"2875 JALAN ROZHAN,TAMAN PUSAT PERNIAGAAN ROZHAN, 14000 BUKIT MERTAJAM, PULAU PINANG,",Pasar Raya / Supermarket,Pulau Pinang,Seberang Perai Tengah
4069.0,PASAR  BANGI,"PASAR BASAH BANGI,JALAN 1/1, SEKSYEN 1,43650 BANDAR BARU BANGI, SELANGOR",Pasar Basah ,Selangor,Hulu Langat
4081.0,PASAR MINI PERNIAGAAN JAYA DIRI,"NO.714A, LORONG KERAMAT 11,KAMPUNG DATUK KERAMAT,",Pasar Mini,W.P. Kuala Lumpur,Titiwangsa
4083.0,PASAR KAMPUNG BARU,"JALAN AIR ITAM, KAMPUNG BAHARU,AYER ITAM,",Pasar Basah ,Pulau Pinang,Timur Laut
4088.0,PERNIAGAAN RAMESH SDN BHD,"NO.83&84,PEKAN BARU CHANGLUN,06010 CHANGLUN,KEDAH",Kedai Runcit,Kedah,Kubang Pasu
4097.0,PASAR KERAMAT,"KAMPUNG DATUK KERAMAT,KUALA LUMPUR,",Pasar Basah ,W.P. Kuala Lumpur,Titiwangsa
4101.0,SHENG MINI MARKET,"1350 & 1986, JALAN TIGA, 13200 KEPALA BATAS,PULAU PINANG,JALAN TIGA,",Pasar Mini,Pulau Pinang,Seberang Perai Utara
4106.0,CHOP JOO ENG,"8141 JALAN ONG YI HOW                              13400 BUTTERWORTH,JALAN ONG YI HOW,",Kedai Runcit,Pulau Pinang,Seberang Perai Utara
4110.0,PASAR AWAM SG YAN,"06900 YAN,KEDAH,",Pasar Basah ,Kedah,Yan
4115.0,PASAR MINI JALINAN TELITI,"JALINAN TELITI SDN BHD,NO 1 KOMPLEKS NIAGA 2, YAN KECHIL,06900 YAN, KEDAH.",Pasar Mini,Kedah,Yan
4118.0,PASAR AWAM BAGAN AJAM,"JALAN PAKU LIMA, 13000 BUTTERWORTH, PULAU PINANG,",Pasar Basah ,Pulau Pinang,Seberang Perai Utara
4119.0,PASAR MINI BAN CHEONG LEONG,"NO 8,9 & 10,KG MERBAU KUDUNGMUKIM TELOI,08200 SIK KEDAH",Pasar Mini,Kedah,Sik
4129.0,PASAR AWAM GUAR CHEMPEDAK,"08800 GUAR CHEMPEDAK,KEDAH DARUL AMAN,",Pasar Basah ,Kedah,Yan
4148.0,JMS MINI MART BAGAN LALLANG SDN BHD,"JMS MINI MART(BL) SDN BHD1214 & 1215 JALAN BAGAN LALLANG BUTTERWORTH,JALAN BAGAN LALANG,",Pasar Mini,Pulau Pinang,Seberang Perai Utara
4169.0,LAU LIONG KEE,"NO. 48-49,MAIN BAZAAR,97100 SEBAUH,BINTULU,SARAWAK,",Kedai Runcit,Sarawak,Sebauh
4172.0,LUCKY SEVEN,"PASAR SEBAUH,971000 SEBAUH, BINTULU, SARAWAK,",Kedai Runcit,Sarawak,Sebauh
4177.0,BERAPIT MINI MARKET,"2115, JLN GASING, TMN BERAPIT, 14000 BKT MERTAJAM.,PULAU PINANG,",Pasar Mini,Pulau Pinang,Seberang Perai Tengah
4181.0,PASAR MINI SIN CHUEN ENTERPRISE,"NO 60 B & C,SUNGAI LIMAU DALAM,06910 YAN, KEDAH DARUL AMAN.",Pasar Mini,Kedah,Yan
4191.0,PASAR MINI GUAR INDAH,"NO 27 TINGKAT BAWAH,JALAN YAN ,BANGUNAN ARKED KOPERASI,08800 GUAR CHEMPEDAK,KEDAH",Pasar Mini,Kedah,Yan
4195.0,PASAR KAJANG,"PASAR KAJANG,BANDAR KAJANG,43000 KAJANG, SELANGOR",Pasar Basah ,Selangor,Hulu Langat
4197.0,PASAR SEMENYIH,"PEKAN SEMENYIH,43500 SEMENYIH, SELANGOR,",Pasar Basah ,Selangor,Hulu Langat
4203.0,PASAR AWAM SRI PENANTI,"PENANTI,KUBANG SEMANG,BUKIT MERTAJAM",Pasar Basah ,Pulau Pinang,Seberang Perai Tengah
4205.0,PASARAYA TUNAS MANJA BESERAH,"TUNAS MANJA (CAWANGAN BESERAH),B-634 JALAN BESERAH,",Pasar Raya / Supermarket,Pahang,Kuantan
4228.0,PASAR AWAM BERAPIT,"LOT 2292, MK 17, JALAN BERAPIT, 14000 BUKIT MERTAJAM PULAU PINANG,PULAU PINANG,",Pasar Basah ,Pulau Pinang,Seberang Perai Tengah
4231.0,PASAR AWAM CHAI LENG PARK,"MEDAN KURAU 1,TAMAN CHAI LENG,PERAI",Pasar Basah ,Pulau Pinang,Seberang Perai Tengah
4234.0,JMS MINI MART SUNGAI DUA SDN.BHD.,"44-46, JALAN MURNI 1, TAMAN DESA MURNI,13800 BUTTERWORTH, PULAU PINANG.,TAMAN DESA MURNI,",Pasar Mini,Pulau Pinang,Seberang Perai Utara
4270.0,SING KWONG SUPERMARKET FOODCOURT,"MEDAN RAYA,97000 BINTULUSARAWAK,",Foodcourt,Sarawak,Bintulu
4296.0,PASAR BASAH BALOK,"BALOK,KUANTAN,",Pasar Basah ,Pahang,Kuantan
4299.0,PASAR MINI TMN PERAI,"NO.4 TINGKAT TALANG,TAMAN EMAS,Perai",Kedai Runcit,Pulau Pinang,Seberang Perai Tengah
4302.0,CHUA KAH SENG HYPERMARKET PERMAI MANGGATAL,"LOT 17 AT TAMAN PERMAI,STAGE 3 SHOP OFFICE,88450, MANGGATAL, SABAH.",Hypermarket,Sabah,Kota Kinabalu
4303.0,PASAR BASAH KOTA SENTOSA,"7TH MILE,KOTA SENTOSA,KUCHING, SARAWAK",Pasar Basah ,Sarawak,Kuching
4304.0,AEON BIG EAST COAST MALL,"JALAN PUTRA SQUARE,KUANTAN, PAHANG DARUL MAKMUR,",Hypermarket,Pahang,Kuantan
4313.0,PASAR BESAR KOTA KINABALU,"JALAN TUN FUAD STEPHEN,KOTA KINABALU,",Pasar Basah ,Sabah,Kota Kinabalu
4315.0,TUNAS MANJA SDN BHD (TRANSIT POINT),"A1 TRANSIT POINT,JALAN LIM HOE LEK,KUANTAN, PAHANG",Pasar Raya / Supermarket,Pahang,Kuantan
4324.0,PASAR AWAM AYER TAWAR,"32400 AYER TAWAR,PERAK,",Pasar Basah ,Perak,Manjung
4337.0,GIANT KINRARA,"LOT 449,JALAN BK 5A/1, BANDAR KINRARA,47180 PUCHONG SELANGOR.",Hypermarket,Selangor,Petaling
4340.0,JIT SIANG,"NO.8,LUBOK ANTU BAZAAR,NO.8,LUBOK ANTU BAZAAR,",Kedai Runcit,Sarawak,Lubok Antu
4361.0,RESTORAN TONG NAM HENG (AIRCOND) WESTERN FOOD,"NO S-12, TAMAN INTAN27000 JERANTUTPAHANG,",Restoran Cina,Pahang,Jerantut
4377.0,BANDAR PERDA MINIMARKET,"8, 10, LORONG PERDA UTAMA 4,BANDAR PERDA, 14000 BUKIT MERTAJAM, PULAU PINANG,",Pasar Mini,Pulau Pinang,Seberang Perai Tengah
4387.0,GIANT PENANG PLAZA,"GROUND FLOOR PENANG PLAZA,126 JALAN BURMA,GEORGETOWN",Pasar Raya / Supermarket,Pulau Pinang,Timur Laut
4429.0,M.R. MINI MARKET,"BN 11-14,JALAN PASAR,BANDAR TUN RAZAK,PAHANG DARUL MAKMUR.",Pasar Mini,Pahang,Rompin
4454.0,SABASUN BANDAR KUALA TERENGGANU,"SABASUN HYPERRUNCIT SDN. BHD,1125, JALAN BUKIT KECIL,KUALA TERENGGANU",Pasar Raya / Supermarket,Terengganu,Kuala Terengganu
4470.0,BILLION SHOPPING CENTRE SEBERANG JAYA,"BANDAR SEBERANG JAYA,13700 SEBERANG JAYA , PENANG,",Pasar Raya / Supermarket,Pulau Pinang,Seberang Perai Tengah
4473.0,PASAR AWAM SG BAKAP,"JALAN BESAR, 14200 SUNGAI BAKAP, SEBERANG PERAI SELATAN, PULAU PINANG,SEBERANG PERAI SELATAN,",Pasar Basah ,Pulau Pinang,Seberang Perai Selatan
4496.0,PASAR AWAM NIBONG TEBAL,"6, JALAN RAJAWALI, TAMAN BERJAYA, 14300 NIBONG TEBAL PULAU PINANG,6, JALAN RAJAWALI, TAMAN BERJAYA, 14300 NIBONG TEBAL PULAU PINANG,",Pasar Basah ,Pulau Pinang,Seberang Perai Selatan
4501.0,PASAR AWAM KEPALA BATAS,"JALAN BUTTERWORTH, PERMATANG MANGGIS, 13200 KEPALA BATAS, PULAU PINANG,",Pasar Basah ,Pulau Pinang,Seberang Perai Utara
4505.0,PASAR AWAM SEBERANG JAYA,"JALAN KUIL ARULMIGU KARUMANIAMAN,JALAN TODAK,",Pasar Basah ,Pulau Pinang,Seberang Perai Tengah
4507.0,PASAR AWAM JETI LAMA,"JALAN PASAR 12000 BUTTERWORTH PULAU PINANG,JALAN PASAR,",Pasar Basah ,Pulau Pinang,Seberang Perai Utara
4511.0,PASAR AWAM TASEK GELUGOR,"13300 TASEK GELOGORSEBERANG PERAI UTARA,TASEK GELUGOR,",Pasar Basah ,Pulau Pinang,Seberang Perai Utara
4530.0,ECONSAVE CASH & CARRY BUTTERWORTH,"LOT 2446, 2447, 2453 SECTION 4 JLN CHAIN FERRY 12700 BUTTERWORTH PULAU PINANG,JALAN CHAIN FERRY,",Pasar Raya / Supermarket,Pulau Pinang,Seberang Perai Utara
4547.0,PASAR AWAM SUNGAI DUA,"LORONG SERI MURNI 2, 13800 BUTTERWORTH, PULAU PINANG,LORONG SERI MURNI,",Pasar Basah ,Pulau Pinang,Seberang Perai Utara
4573.0,PASAR AWAM PENAGA,"13100, PENAGASEBERANG PERAI UTARA,PENAGA,",Pasar Basah ,Pulau Pinang,Seberang Perai Utara
4582.0,HOCK CHUAN LEE,"NO 7,JALAN BESAR,PADANG TENGKU, KUALA LIPIS,PAHANG",Pasar Mini,Pahang,Lipis
4586.0,AZWANI BT MOHAMED,"NO M-A KOMPLEKS TERATAI, KUALA LIPIS,27100 PADANG TENGKU,PAHANG,",Medan Selera,Pahang,Lipis
4591.0,HOCK CHING CHIONG SDN. BHD,"NO.10, JLN JANTING,PASAR JULAU,",Kedai Runcit,Sarawak,Julau
4593.0,PASAR AWAM SUNGAI PUYU,"JALAN BESAR SUNGAI PUYU, 13020 SUNGAI PUYU, BUTTERWORTH PULAU PINANG,SUNGAI PUYU,",Pasar Basah ,Pulau Pinang,Seberang Perai Utara
4619.0,GAMBANG EKONOMI MINI MARKET,"NO C-151, BATU 19 1/4,JALAN KUANTAN-MARAN,KUANTAN, GAMBANG",Pasar Mini,Pahang,Kuantan
4633.0,PASAR AWAM BUKIT MERTAJAM,"JALAN PASAR,14000 BUKIT MERTAJAM,PULAU PINANG.,JALAN PASAR,",Pasar Basah ,Pulau Pinang,Seberang Perai Tengah
4637.0,PASAR MINI JIMAT JAYA,"199-201,LORONG GAMELAN 5,TAMAN RIA JAYA,08000 SUNGAI PETANI,KEDAH.",Pasar Mini,Kedah,Kuala Muda
4647.0,THE STORE SUNGAI PETANI,"CENTRAL SQUARE,23,JALAN KAMPUNG BARU,08000 SUNGAI PETANI,KEDAH.,",Pasar Raya / Supermarket,Kedah,Kuala Muda
4648.0,PASAR TAMAN RIA,"TAMAN RIA,08000 SUNGAI PETANI, KEDAH.,",Pasar Basah ,Kedah,Kuala Muda
4654.0,CHONG HENG,"NO. 66,PEKAN TIKAM BATU,08600 SUNGAI PETANI,KEDAH.",Kedai Runcit,Kedah,Kuala Muda
4655.0,PASAR TIKAM BATU,"PEKAN TIKAM BATU,08600 TIKAM BATU,SUNGAI PETANI,KEDAH.",Pasar Basah ,Kedah,Kuala Muda
4657.0,PASARAYA KARNIVAL (JERAI) SDN. BHD.,"NO. 42E, BANGUNAN UTC,JALAN RAYA, 08300 GURUN, KEDAH.,",Pasar Mini,Kedah,Kuala Muda
4658.0,PASAR GURUN,"PEKAN GURUN,JALAN RAYA,08600 GURUN,KEDAH.",Pasar Basah ,Kedah,Kuala Muda
4660.0,PASAR BASAH MERBOK,"PEKAN MERBOK,08400 MERBOK,KEDAH.,",Pasar Basah ,Kedah,Kuala Muda
4661.0,PASARAYA EKONOMI LEE KHEOW,"33A, 33 & 34,PEKAN JENIANG,08700 JENIANG,KEDAH.",Pasar Mini,Kedah,Kuala Muda
4662.0,PASAR AWAM JENIANG,"PEKAN JENIANG,08700 JENIANG,KEDAH.,",Pasar Basah ,Kedah,Kuala Muda
4664.0,PASAR SEJAHTERA,"BANGUNAN TAMU BESAR LIMBANG.,JALAN TARAP,98700, LIMBANG,SARAWAK.",Pasar Basah ,Sarawak,Limbang
4666.0,TAMU CINA LIMBANG,"MALAYAN BANKING STREET,98700, LIMBANG,SARAWAK.",Pasar Basah ,Sarawak,Limbang
4667.0,TAMU BESAR LAWAS,"BANGUNAN TAMU BESAR LAWAS,JALAN MATUSIN,LAWAS, SARAWAK.",Pasar Basah ,Sarawak,Lawas
4668.0,SARIMAH CURRY HOUSE (RESTORAN & CATERING),"SARIMAH CURRY HOUSE (RESTORAN & CATERING),LOT 2056, GROUND FLOOR & 1ST FLOOR,RICKETTS COMMERCIAL CENTRE,JALAN TARAP,98700 LIMBANG, SARAWAK.,",Restoran Melayu,Sarawak,Limbang
4669.0,ADENAN AND CATERING,"ALAN BUANGSIOL,98700 LIMBANG, SARAWAK.,",Restoran Melayu,Sarawak,Limbang
4670.0,NURUL CAFE,"LOT 1051, NO.14 G/FLOOR,JALAN BUANGSIOL,98700 LIMBANG, SARAWAK.",Restoran Melayu,Sarawak,Limbang
4671.0,DAYANA CURRY HOUSE,"TAMAN CAHAYA,98700 LIMBANG,SARAWAK.,",Restoran India Muslim,Sarawak,Limbang
4676.0,LEEYA RESTORAN,"LEEYA RESTORAN,P.O.BOX 346, 98857 LAWASSARAWAK,",Restoran Melayu,Sarawak,Lawas
4687.0,RESTORAN AMPANG,"JALAN RAJA,35000 TAPAH, PERAK.,",Restoran Melayu,Perak,Batang Padang
4688.0,DREAM  CAFE 818,"NO 87B, JALAN SEGAMAT,TAMAN ORKID BARU,85300 LABIS JOHOR",Restoran Cina,Johor,Segamat
4696.0,SHAKRI MINI MARKET,"2968 KAMPUNG GONG KEPAS,22200 KG RAJA,BESUT TERENGGANU",Pasar Mini,Terengganu,Besut
4711.0,RESTORAN KURNIA,"JALAN STESEN,35800 SLIM RIVER, PERAK.,",Restoran Melayu,Perak,Batang Padang
4762.0,FARLEY FOOD COURT,"FARLEY FOOD COURT MEDAN JAYA COMMERCIAL CENTRE,97000 BINTULU,SARAWAK,",Foodcourt,Sarawak,Bintulu
4767.0,PASAR BESAR SITI AISYAH,"PASAR BESAR SITI AISYAH,BACHOK, KELANTAN,",Pasar Basah ,Kelantan,Bachok
4796.0,QUALI FOODCOURT @ GIANT HYPERMARKET BATU CAVES,"LOT 10243, JALAN BATU CAVES,BANDAR SELAYANG,68100 GOMBAK, SELANGOR",Foodcourt,Selangor,Gombak
4800.0,KHALEEL BATU FERRINGHI,"NO. 3G, LORONG SUNGAI EMAS,KAWASAN PERUMAHAN SUNGAI EMAS,BATU FERRINGHI",Restoran India Muslim,Pulau Pinang,Timur Laut
4812.0,KEDAI RUNCIT COMEL MINI MARKET,"NO 11 BANGUNAN PERMINT,JALAN BESAR,KUALA BERANG",Kedai Runcit,Terengganu,Hulu Terengganu
4815.0,PASARAYA DM PEMBORONG SDN BHD,"LOT 2325,KAMPUNG SUNGAI BAJAR,KUALA BERANG",Kedai Runcit,Terengganu,Hulu Terengganu
4860.0,ZAKARIA RAZAK,"GERAI NO 6, MEDAN SELERA BATU KURAU,34500 TAIPING, PERAK,",Medan Selera,Perak,"Larut, Matang & Selama"
4936.0,LUNG SENG,"NO.21 COURT ROAD,PASAR BINTANGOR,MERADONG",Kedai Runcit,Sarawak,Meradong
4950.0,ASTAKA KAMPUNG MELAYU,"GERAI PERSILA KAMPUNG MELAYU,KAMPUNG MELAYU,11500 AYER ITAM,PULAU PINANG.,",Medan Selera,Pulau Pinang,Timur Laut
4957.0,MAMAK SPICY,"TAMAN BUNGA TROPIKA,CABANG 4 KUNDUR,GUA MUSANG",Restoran India Muslim,Kelantan,Gua Musang
4960.0,BISMILLAH TOMYAM,"GERAI NO 28, JLN TAMAN MAS 2, TAMAN MAS,JALAN AIR KUNING, 34000 TAIPING,",Medan Selera,Perak,"Larut, Matang & Selama"
4970.0,PASAR AWAM SAMA GAGAH,"JALAN SAMA GAGAH,TAMAN SAMA GAGAH,PERMATANG PAUH PULAU PINANG",Pasar Basah ,Pulau Pinang,Seberang Perai Tengah
4981.0,NATION LIGHT SDN BHD,"SIMPANG BEKENU, SIBUTI,98150 BEKENU, SARAWAK,",Pasar Mini,Sarawak,Bekenu
4994.0,RESTORAN STESEN RASA,"NO.6,ARKED MAJLIS DAERAH JALAN PADANG,70300 TAMPIN, NEGERI SEMBILAN.",Restoran Melayu,Negeri Sembilan,Tampin
5003.0,TAMU DAN PASAR BASAH BEKENU,"PASAR TAMU BARU,MAJLIS DAERAH SUBIS,98150 BEKENU, SARAWAK",Pasar Basah ,Sarawak,Bekenu
5058.0,PASAR BESAR MASJID TANAH,"PASAR BESAR MASJID TANAH,78300 MASJID TANAH MELAKA,",Pasar Basah ,Melaka,Alor Gajah
5072.0,KEDAI RUNCIT MRT MAJU TRADING (MRT 1),"NO. A-0-09-A2,TERATAK MUHIBBAH,TAMAN DANAU DESA,",Kedai Runcit,W.P. Kuala Lumpur,Seputeh
5086.0,PASAR BESAR ALOR GAJAH,"PASAR BESAR ALOR GAJAH,78000 ALOR GAJAH, MELAKA.,",Pasar Basah ,Melaka,Alor Gajah
5093.0,AEON BIG ( SRI PETALING ),"LG & GF, ENDAH PARADE SHOPPING MALL,NO.1, JALAN 1/149E,TAMAN SRI ENDAH,",Hypermarket,W.P. Kuala Lumpur,Bandar Tun Razak
5102.0,99 SPEED MART ( BANDAR SRI PERMAISURI 2 ),"NO.3 & NO.5, GROUND FLOOR,JALAN SRI PERMAISURI 8,BANDAR SRI PERMAISURI,",Pasar Mini,W.P. Kuala Lumpur,Bandar Tun Razak
5137.0,HERO MARKET ( BANDAR SRI PERMAISURI ),"NO.35-51, JALAN PERMAISURI 9,BANDAR SRI PERMAISURI,",Pasar Raya / Supermarket,W.P. Kuala Lumpur,Bandar Tun Razak
5138.0,EKEY CAFE,"BATU 25,JALAN YAN KECHIL, SUNGAI YAN,06900 YAN, KEDAH.",Restoran Melayu,Kedah,Yan
5161.0,PASARAYA KINI,"NO 21-29, JALAN JETI,BANDAR TEPIAN SUNGAI,86800 MERSING, JOHOR",Pasar Raya / Supermarket,Johor,Mersing
5179.0,MYDIN SELAYANG,"NO 10-16, JALAN SU/12,SELAYANG UTAMA,68100 BATU CAVES, SELANGOR.",Hypermarket,Selangor,Gombak
5190.0,PASAR AWAM KG BARU,"JALAN KAMPUNG BARU, 14000 BUKIT MERTAJAM PULAU PINANG,BUKIT MERTAJAM,",Pasar Basah ,Pulau Pinang,Seberang Perai Tengah
5204.0,PASARAYA GAMA,"WISMA GAMA,NO. 1, JALAN DATO KERAMAT,GEORGETOWN",Pasar Raya / Supermarket,Pulau Pinang,Timur Laut
5205.0,PASAR MINI SHAMIRA,"LOT 7122, TAMAN PERMAI, BATU 2 1/2,JALAN SEREMBAN, 71000 PORT DICKSON, NEGERI SEMBILAN,",Pasar Mini,Negeri Sembilan,Port Dickson
5206.0,SHC SUCCESS MARKETING,"NO. 57, 58, 59, JALAN PASAR BARU LUKUT,71010 LUKUT, NEGERI SEMBILAN,",Kedai Runcit,Negeri Sembilan,Port Dickson
5218.0,SERVAY HYPERMARKET,"LOT 637, MIRI PLAZA, PELITA COMMERCIAL CENTRE,P.O. BOX 1591,98008 MIRI, SARAWAK",Hypermarket,Sarawak,Miri
5219.0,BOULEVARD HYPERMARKET,"LOT 2528, JALAN BOULEVARD UTAMA,BOULEVARD COMMERCIAL CENTRE,98000 MIRI, SARAWAK",Hypermarket,Sarawak,Miri
5221.0,PASAR BASAH MENTAKAB,"PASAR BASAH MENTAKAB,BANDAR MENTAKAB.,",Pasar Basah ,Pahang,Temerloh
5228.0,PASAR AWAM BAGAN DATUK,"JALAN SYAHBANDAR,36100 BAGAN DATOH,PERAK",Pasar Basah ,Perak,Bagan Datuk
5230.0,KEDAI PEMBORONG DAN RUNCIT MUHIBAH PORT DICKSON,"NO. 924 (LOT 2101), JALAN LAMA,71000 PORT DICKSON, NEGERI SEMBILAN D.K.,",Kedai Runcit,Negeri Sembilan,Port Dickson
5234.0,EMART SUPERMARKET,"E-MART SUPERMARKET SDN BHD,BLOCK B, LOT 2892, PHASE 3, JALAN TUDAN,98107 TUDAN, MIRI, SARAWAK",Pasar Raya / Supermarket,Sarawak,Miri
5244.0,RESTORAN BEE HOO,"NO.1 JALAN PASAR LUKUT,71000 PORT DICKSON, NEGERI SEMBILAN,",Restoran Cina,Negeri Sembilan,Port Dickson
5246.0,RESTORAN GUAN JI,"NO.22 TINGKAT BAWAH, PASAR BESAR LUKUT,71000 PORT DICKSON,  NEGERI SEMBILAN.,",Restoran Cina,Negeri Sembilan,Port Dickson
5248.0,RESTORAN DEEN BERJAYA,"LOT 1208, JALAN LAMA, BANDAR PORT DICKSON,71000 PORT DICKSON, N.SEMBILAN.,",Restoran India Muslim,Negeri Sembilan,Port Dickson
5249.0,RESTORAN FATIMAH (INDIA MUSLIM),"6/6, TAMAN NEGERI BT 2, JALAN SEREMBAN,71000 PORT DICKSON, NEGERI SEMBILAN,",Restoran India Muslim,Negeri Sembilan,Port Dickson
5250.0,PASAR AWAM YONG PENG,"PASAR AWAM YONG PENG,JALAN PASAR KANGKAR BAHRU,83700 YONG PENG,JOHOR",Pasar Basah ,Johor,Batu Pahat
5254.0,RESTORENT MOHAMADUNNI,"BATU 7, TELUK KEMANG, PORT DICKSON,71050 NEGERI SEMBILAN.,",Restoran India Muslim,Negeri Sembilan,Port Dickson
5255.0,RESTORAN TANJUNG BIRU CAFE,"NO 5,KAMPUNG SIGINTING,71050 PORT DICKSON, NEGERI SEMBILAN.",Restoran Melayu,Negeri Sembilan,Port Dickson
5257.0,PASAR SEKSYEN 16,"PASAR SEKSYEN 16,40000 SHAH ALAM, SELANGOR,",Pasar Basah ,Selangor,Petaling
5260.0,99 SPEED MART ( DESA PANDAN ),"NO.37, JALAN 5/76B,DESA PANDAN,",Pasar Mini,W.P. Kuala Lumpur,Titiwangsa
5274.0,MYDIN USJ,"LOT 4,5,6,PERSIARAN PERPADUAN USJ 1,47600 SUBANG JAYA, SELANGOR",Hypermarket,Selangor,Petaling
5278.0,MYDIN BAZAAR PRESINT 15,"MYDIN BAZAAR PUTRAJAYA 42,JALAN DIPLOMATIK 1, PRESINT 15,62130 PUTRAJAYA",Pasar Raya / Supermarket,W.P. Putrajaya,Wp Putrajaya
5281.0,PASAR MINI WATA,"PASAR MINI WATA YONG PENG,NO.45-47 JALAN KOTA YONG PENG,83700 YONG PENG,JOHOR",Pasar Mini,Johor,Batu Pahat
5282.0,MONEGAIN SDN. BHD.,"NO. A030, 031, 032, 034,B016, 017,018,GROUND FLOOR, FINANCIAL PARK COMPLEX,",Pasar Mini,W.P. Labuan,Kawasan Bandar
5302.0,PASAR JALAN GENTING KLANG,"JALAN PRIMA SETAPAK 1,PRIMA SETAPAK,",Pasar Basah ,W.P. Kuala Lumpur,Wangsa Maju
5304.0,PASAR BASAH SIBUJAYA,"MENYAN LAND DISTRICT,SIBU JAYA,SIBU, SARAWAK",Pasar Basah ,Sarawak,Sibujaya
5309.0,PASARAYA TUNAS MANJA SDN BHD PEKAN,"BANDAR PEKAN,PEKAN.,",Pasar Raya / Supermarket,Pahang,Pekan
5311.0,PASAR BESAR PEKAN,"JALAN SULTAN ABDULLAH,PEKAN.,",Pasar Basah ,Pahang,Pekan
5315.0,"KEDAI RUNCIT DINIEZ ENTERPRISE,","ADINI ENTERPRISE,PASAR DARA CHINI,PEKAN.",Kedai Runcit,Pahang,Pekan
5316.0,KEDAI RUNCIT CHOP CHUAN CHANG,"NO 63 & 64 ,JALAN BESAR NENASI,PEKAN, PAHANG",Kedai Runcit,Pahang,Pekan
5318.0,ECONSAVE BANDAR BARU SUNGAI BULOH,"NO 2-20,JALAN LITER C U19/C SEKSYEN U19,40160 SUNGAI BULOH, SELANGOR DARUL EHSAN",Hypermarket,Selangor,Gombak
5325.0,TESCO JELUTONG PULAU PINANG,"NO 1,LEBUH TENGKU KUDIN 1,GEORGETOWN",Hypermarket,Pulau Pinang,Timur Laut
5343.0,GIANT BUKIT ANTARABANGSA,"LOT 369(PT 3429),JALAN WANGSA UKAY, TAMAN WANGSA UKAY, MUKIM ULU KLANG,68000 SELANGOR.",Hypermarket,Selangor,Gombak
5348.0,NAM LEONG SUPERMARKET,"LOT 5965-5971, JALAN DESA INDAH 3,BANDAR BARU PERMYJAYA,98100 MIRI, SARAWAK",Pasar Raya / Supermarket,Sarawak,Miri
5355.0,PASARAYA ONG TAI KIM ( WANGSA MAJU ),"MEDAN IDAMAN, BATU 5 ¼,JALAN GOMBAK,",Pasar Raya / Supermarket,W.P. Kuala Lumpur,Wangsa Maju
5360.0,PASAR AWAM SERI MANJUNG,"32040 SERI MANJUNG,PERAK,",Pasar Basah ,Perak,Manjung
5377.0,MYDIN MALL,"LOT 1547 & 1548,JALAN SULTAN MOHAMAD,KUALA TERENGGANU",Hypermarket,Terengganu,Kuala Terengganu
5379.0,CENTRAL MARKET SARIKEI,"PASAR BASAH CENTRAL MARKET,LEBUH TEBINGAN NYELONG,BANDAR SARIKEI",Pasar Basah ,Sarawak,Sarikei
5414.0,ECONSAVE KG MELAYU SUBANG,"LOT 3761, JALAN 2D,KG BARU SUBANG,40510 SHAH ALAM, SELANGOR",Pasar Raya / Supermarket,Selangor,Petaling
5416.0,TF VALUE MART RAUB,"LOT 1383,SEMPALIT MUKIM GALI,RAUB PAHANG",Pasar Raya / Supermarket,Pahang,Raub
5433.0,TF VALUE MART SDN BHD BENTONG 1,"PASARAYA LIDO,JALAN AH PENG, BENTONG,",Pasar Raya / Supermarket,Pahang,Bentong
5434.0,PASAR BASAH BENTONG,"JALAN AH PENG,BENTONG,",Pasar Basah ,Pahang,Bentong
5435.0,PASAR BASAH KARAK,"PASAR BESAR KARAK,KARAK PAHANG,",Pasar Basah ,Pahang,Bentong
5448.0,PASAR BESAR RAUB,"JALAN DATO ABDULLAH,RAUB, PAHANG,",Pasar Basah ,Pahang,Raub
5456.0,GIANT SUPERSTORE SUBANG JAYA (USJ),"KOMPLEK MEMBELI BELAH GIANT USJ,NO 1, PERSIARAN SUBANG PERMAI,47500 SUBANG JAYA, SELANGOR",Pasar Raya / Supermarket,Selangor,Petaling
5483.0,"SYARIKAT SAYANG,KERPAN","PT5,PT6,PT7,PUSAT PERTUMBUHAN DESASUNGAI KOROK, MUKIM NAGA,06150 KUBANG PASU,KEDAH",Kedai Runcit,Kedah,Kubang Pasu
5488.0,NIRWANA MAJU SDN BHD (432159-V),"LOT 1354, JALAN KUBANG TANGGA,KAMPUNG KUBANG TANGGA,KUALA TERENGGANU",Pasar Raya / Supermarket,Terengganu,Kuala Terengganu
5498.0,MEDAN SELERA JAYA JUSCO,"JUSCO MELAKA,LEBOH AYER KEROH,75450 MELAKA.",Foodcourt,Melaka,Melaka Tengah
5516.0,MUI KUANG MINI MARKET,"BEKENU BAZAAR,98150 BEKENU,",Pasar Mini,Sarawak,Bekenu
5517.0,NSK HYPERMARKET RAWANG,"LOT 647 & 682,JALAN RAWANG, RAWANG JAYA,48000 RAWANG SELANGOR",Hypermarket,Selangor,Rawang
5532.0,PASAR BESAR PELABUHAN KLANG,"JALAN SUNGAI AUR,KAWASAN 13,42000 PELABUHAN KLANG, SELANGOR",Pasar Basah ,Selangor,Klang
5580.0,RESTORAN LIAN HWA,"CHOP MUI FONG, 35, JALAN TERENTANG,71300 REMBAU, NEGERI SEMBILAN,",Restoran Cina,Negeri Sembilan,Rembau
5581.0,RESTORAN LILIAN HOCK,"LILIAN HOCK,39, JALAN TERENTANG,71300 REMBAU, N.SEMBILAN.,",Restoran Cina,Negeri Sembilan,Rembau
5582.0,RESTORAN SAFKILA ENT,"JALAN TERENTANG, 71300 REMBAU, NEGERI SEMBILAN.,71300 REMBAU, NEGERI SEMBILAN.,",Restoran Melayu,Negeri Sembilan,Rembau
5584.0,RESTORAN KEDAI KOPI & MAKANAN (INDIA MUSLIM),"LOT 945, OFF JALAN DATO UNDANG, 71300 REMBAU, NSDK,71300 REMBAU, NEGERI SEMBILAN,",Restoran India Muslim,Negeri Sembilan,Rembau
5596.0,RESTORAN ASAM MANIS,"NO. 9,JALAN S/J 2A TAMAN SETIA JAYA,83000 BATU PAHAT, JOHOR.",Restoran Melayu,Johor,Batu Pahat
5645.0,SAU RESTORAN,"KG PASIR PUTIH,TUMPAT,",Restoran Cina,Kelantan,Tumpat
5648.0,MUS TOMYAM,"MUS TOMYAM,35600 SUNGKAI, PERAK.,",Restoran Melayu,Perak,Batang Padang
5678.0,BOULEVARD HYPERMARKET (KUCHING) SDN BHD,"BOULEVARD SHOPPING MALL,JALAN DATUK TAWI SLI,",Hypermarket,Sarawak,Kuching
5718.0,RESTORAN NISA DIN,"JB 5645 BAWAH KEDAI,JALAN TERATAI 5, TAMAN MAJU FASA 4,77000 JASIN MELAKA",Restoran India Muslim,Melaka,Jasin
5752.0,MEDAN SELERA TESCO STORES,"TESCO STORES (M) SDN BHD,NO. 1 JALAN TUN ABDUL RAZAK, PERINGGIT,74500 MELAKA",Foodcourt,Melaka,Melaka Tengah
5771.0,PASAR MINI JELAWAT,"PT 8, 16070 JELAWAT,BACHOK,",Pasar Mini,Kelantan,Bachok
5790.0,MEDAN SELERA SEKSYEN 8,"JALAN LAMPAM 8/3,SEKSYEN 8,46050 PETALING JAYA, SELANGOR",Medan Selera,Selangor,Petaling Jaya
5807.0,RESTORAN HO PING,"JALAN PENANG,GEORGETOWN,",Restoran Cina,Pulau Pinang,Timur Laut
5816.0,PASAR BASAH MELOR,"PASAR BASAH MELOR,MELOR,",Pasar Basah ,Kelantan,Kota Bharu
5823.0,PASARAYA HERO SEK 13,"HERO SEKSYEN 13HERO DISTRIBUTION SDN.BHD (666770-U),NO 2, JALAN BADMINTON 13/29, SEKSYEN 13,40100 SHAH ALAM, SELANGOR",Pasar Raya / Supermarket,Selangor,Petaling
5827.0,PASAR FAMA PUCHONG,"PASAR FAMA PUCHONG,BATU 13,47100 PUCHONG, SELANGOR",Pasar Basah ,Selangor,Petaling
5836.0,PASAR SIMPANG,"34700 SIMPANG, TAIPINGPERAK,34700 SIMPANG, TAIPINGPERAK,",Pasar Basah ,Perak,"Larut, Matang & Selama"
5838.0,PASAR BESAR PULAU SEBANG,"PASAR AWAM PULAU SEBANG,78000 TAMPIN, MELAKA,",Pasar Basah ,Melaka,Alor Gajah
5849.0,KEDAI CHOP ENG BEE,"JALAN TRIANG BAHAU,MENGKUANG,PAHANG DARUL MAKMUR.",Kedai Runcit,Pahang,Bera
5850.0,RESTORAN SAIDAH,"PD 361, JALAN UTAMA,TAMAN SEBANG MUTIARA,78000 ALOR GAJAH, MELAKA",Restoran India Muslim,Melaka,Alor Gajah
5857.0,TESCO PERINGGIT,"NO.1,JALAN TUN ABDUL RAZAK,75400 PERINGGIT MELAKA",Hypermarket,Melaka,Melaka Tengah
5859.0,RANJINI (M) SDN BHD,"19 & 20 LORONG SERI DUYONG 11,TAMAN SERI DUYONG,75460, MELAKA",Pasar Mini,Melaka,Melaka Tengah
5870.0,FAMILY STORE (JASIN),"JA 8699,BANDAR JASIN 3,7700 JASIN, MELAKA",Pasar Raya / Supermarket,Melaka,Jasin
5880.0,PASAR AWAM TAMBUN INDAH,"14100 SIMPANG AMPATS.P.S PULAU PINANG,Seberang Perai Selatan,",Pasar Basah ,Pulau Pinang,Seberang Perai Selatan
5889.0,NG SIAN HAP SUPERMARKET,"LOT 1039, PIASAU INDUSTRIAL ESTATE,98000 MIRI,SARAWAK",Pasar Raya / Supermarket,Sarawak,Miri
5895.0,GIANT SEKSYEN 13,"LOT 2,PERSIARAN SUKAN SEKSYEN 13,40100 SHAH ALAM, SELANGOR DARUL EHSAN.",Hypermarket,Selangor,Petaling
5897.0,PASAR BESAR MBMB,"JALAN TUN FATIMAH,BACHANG,75350, MELAKA",Pasar Basah ,Melaka,Melaka Tengah
5980.0,PASAR SS 15 SUBANG JAYA,"SS 15,47500 SUBANG JAYA, SELANGOR,",Pasar Basah ,Selangor,Petaling
6014.0,KEDAI RUNCIT SING TIAN,"NO 1, JALAN SRI KERAYONG 4,BANDAR BARU KERAYONG,BERA, PAHANG.",Kedai Runcit,Pahang,Bera
6016.0,PASAR MINI KUALA TERENGGANU,"KILANG ROTI & KEK KUALA TERENGGANU,66/21, 66/22, 66/23 JALAN SULTAN OMAR,KUALA TERENGGANU, TERENGGANU",Kedai Runcit,Terengganu,Kuala Terengganu
6039.0,LOTUSS STORE STATION 18,"TESCO STATION 18NO 1,MEDAN STESEN 19/9, STATION 18,31650 PENGKALAN, IPOHPERAK DARUL RIDZUAN",Hypermarket,Perak,Kinta
6101.0,PASAR MINI K.K MAJU,"NO 693-694,JALAN TAMAN KAYA 2,TAMAN KAYA",Pasar Mini,Perak,"Larut, Matang & Selama"
6135.0,GLORY (MUKAH) SUPERMARKET,"NO.22-27 MEDAN SETIA RAJA,N0. 20, 21 & 26 MAIN BAZAAR,96400 SARAWAK",Pasar Raya / Supermarket,Sarawak,Mukah
6136.0,PASAR BASAH MUKAH,"PASAR LAMA,JALAN PASAR,MUKAH,SARAWAK",Pasar Basah ,Sarawak,Mukah
6140.0,PASAR BASAH KECIL DALAT,"PEKAN DALAT,DALAT,MUKAH, SARAWAK",Pasar Basah ,Sarawak,Dalat
6141.0,RESTORAN DAYANG CAFE,"SUBLOT 12 PARENT,LOT 484 BLOCK 123 OYA/ DALAT LD,96300 DALAT, SARAWAK.",Restoran Melayu,Sarawak,Dalat
6143.0,EVERWIN ECONOMY MART,"20A, LEVEL 1,JALAN ABDUL RAHMAN,BANDAR SARIKEI",Pasar Raya / Supermarket,Sarawak,Sarikei
6177.0,H&L SERIAN,"LOT 696 & 697,JALAN SERIAN BY-PASS, BUKAR SADING LAND DISTRICT SERIAN,94700 SERIAN, SARAWAK.",Pasar Raya / Supermarket,Sarawak,Serian
6206.0,PASAR BASAH SERIAN,"BANDAR SERIAN,94700 SERIAN,SARAWAK.",Pasar Basah ,Sarawak,Serian
6223.0,RESTORAN REZEKI MAJU,"NO 4 LORONG KIARA,34700 SIMPANG,PERAK.,",Restoran India Muslim,Perak,"Larut, Matang & Selama"
6224.0,RESTORAN RUMAH ATAP,"NO 2, LORONG INDAH 1,34700 TAMAN INDAH SIMPANG TAIPING,PERAK.,",Restoran Cina,Perak,"Larut, Matang & Selama"
6225.0,ANJUNG SELERA,"JALAN KIARA,TAMAN SIMPANG,34700 SIMPANG, PERAK.,",Restoran Melayu,Perak,"Larut, Matang & Selama"
6330.0,RESTORAN ASSALAM,"RESTORAN ASSALAM,SH 1 (BWH), JALAN BESAR,81500 PEKAN NANAS",Restoran India Muslim,Johor,Pontian
6342.0,PERNIAGAAN YAT FONG SDN. BHD. (BIDOR),"PT 6685, 86, 87,JALAN PERSATUAN,35500 BIDOR,  PERAK",Kedai Runcit,Perak,Batang Padang
6437.0,FOOK LONG HIN,"NO. 21, GROUND FLOOR, JALAN BATU NIAH,98200 BATU NIAH, SARAWAK,",Pasar Mini,Sarawak,Batu Niah
6498.0,PASAR MINI PULAU PANJANG,"687 KG. PULAU PANJANG,22000 JERTEH,TERENGGANU",Pasar Mini,Terengganu,Besut
6504.0,SINAR SETIA MINI MARKET,"NO.20, JALAN SETIA JASA,,TAMAN SETIA JASA,,",Pasar Mini,Pahang,Temerloh
6515.0,HOCK LOK COLD STORAGE,"LOT 338, HIGHWAY STREET, MARUDI,98050 BARAM, SARAWAK,",Kedai Runcit,Sarawak,Marudi
6525.0,GIANT BUKIT TINGGI,"LOT 83191 & 8392,PERSIRAN BATU NILAM, BANDAR BUKIT TINGGI 1, JALAN LANGAT,41200 KLANG, SELANGOR DARUL EHSAN",Hypermarket,Selangor,Klang
6574.0,PASAR BASAH MARAN,"PASAR BASAH MARAN,MARAN, PAHANG DARUL MAKMUR,",Pasar Basah ,Pahang,Maran
6609.0,TESCO EXTRA SEBERANG JAYA,"LOT 2762,PERSIARAN SEMBILANG, SEBERANG JAYA,13700 SEBERANG JAYA, PULAU PINANG",Hypermarket,Pulau Pinang,Seberang Perai Tengah
6663.0,JATA TRADING,"LOT 1918, PTTMN BUKIT BAYAS INDAH,KG GELONG BILAL,JLN PASIR PANJANG",Kedai Runcit,Terengganu,Kuala Terengganu
6676.0,PASAR BASAH KOTA PADAWAN,"10TH MILE,KOTA PADAWAN,SARAWAK",Pasar Basah ,Sarawak,Kota Padawan
6701.0,BISMILLAH RESTORAN,"138, JALAN TAMING SARI,34000 TAIPING,PERAK.,",Restoran India Muslim,Perak,"Larut, Matang & Selama"
6711.0,TUAN KAI HONG,"NO. 34B,JALAN COURT,",Kedai Runcit,Sarawak,Kapit
6742.0,RESTORAN NASI KANDAR MUTIARA TANJUNG,"1618, JALAN KULIM,TAMAN MACHANG BUBOK,BUKIT MERTAJAM,PULAU PINANG,",Restoran India Muslim,Pulau Pinang,Seberang Perai Tengah
6772.0,SENG HONG MINI MARKET,"NO. 30, TAMAN REMBAU JAYA, REMBAU,71300 REMBAU NEGERI SEMBILAN,",Pasar Mini,Negeri Sembilan,Rembau
6773.0,"RESTORAN NURUL JANNAH, MANONG","NO 25, TAMAN KENAS,33000 KUALA KANGSAR,PERAK,",Restoran India Muslim,Perak,Kuala Kangsar
6782.0,RESTORAN IKAN BAKAR MALIM,"LOT 35/32,BATU 4 1/2 JALAN BERTAM MALIM CHENG,75250 MELAKA.",Restoran Melayu,Melaka,Melaka Tengah
6809.0,RESTORAN SINAR MUSTIKA,"INANAM BUSSINES CENTRE,BATU 6 JALAN TUARAN INANAM,88450 KOTA KINABALU, SABAH.",Restoran Melayu,Sabah,Kota Kinabalu
6829.0,KS TRIPLE MART (TEMERLOH),"NO 26, JALAN BAHAGIA MAKMUR 8/1,TAMAN BAHAGIA MAKMUR,TEMERLOH, PAHANG DARUL MAKMUR.",Pasar Mini,Pahang,Temerloh
6855.0,RESTORAN RAFIDAH,"1107-G,JALAN PEJABAT,KUALA TERENGGANU, TERENGGANU.",Restoran Melayu,Terengganu,Kuala Terengganu
6871.0,PASAR MINI G & S,"NO.9 JALAN JAYA,TAMAN MEDAN JAYA SRI MEDAN,83400 BATU PAHAT JOHOR",Kedai Runcit,Johor,Batu Pahat
6899.0,KEDAI RUNCIT CHOP PENG SIN,"PUSAT BANDAR TRIANG,TRIANG, PAHANG,",Kedai Runcit,Pahang,Bera
6931.0,TF VALUE MART JLN MAHARAJALELA,"LOT 925, KM 3,JALAN MAHARAJALELA,36000 TELUK INTAN, PERAK",Pasar Raya / Supermarket,Perak,Hilir Perak
6941.0,PASAR BASAH SEKSYEN 6,"PASAR SEKSYEN 6,SEKSYEN  6,40000 SHAH ALAM, SELANGOR",Pasar Basah ,Selangor,Petaling
6961.0,PASAR BASAH KG RAJA,"JALAN PASAR KG RAJA,22200 BESUT,TERENGGANU",Pasar Basah ,Terengganu,Besut
6965.0,RESTORAN BEST - Q JERTEH,"LOT 276,JALAN PASAR BARU OFF JALAN BUKIT MOK MEK,22000 JERTEH, TERENGGANU.",Restoran Melayu,Terengganu,Besut
6972.0,HARNINA ENTERPRISE,"LOT PT 8498 BANGUNAN PMINT,PERKEDAIAN CHALOK KEDAI,21450 SETIU, TERENGGANU.",Kedai Runcit,Terengganu,Setiu
7008.0,SIN LIANG SUPERMARKET,"SIN LIANG SUPERMARKET SDN BHD,NO. 312-315, JALAN NAKHODA GAMPAR, P.O. BOX 1449,98000 MIRI, SARAWAK",Pasar Raya / Supermarket,Sarawak,Miri
7014.0,PASAR AWAM SITIAWAN,"JALAN SENAWI,32000 SITIAWAN,PERAK.",Pasar Basah ,Perak,Manjung
7040.0,TESCO BUKIT TINGGI,"NO. 1 BATU 2 1/2,JALAN LANGAT,41200 KLANG, SELANGOR",Hypermarket,Selangor,Klang
7148.0,CHOW CHOW RESTAURANT,"NO. 1 LORONG SETIA 1,AYER KEROH HEIGHTS,75450 MELAKA",Restoran Cina,Melaka,Melaka Tengah
7161.0,RESTORAN NASI KANDAR AL NASIRAH,"NO 39 MAIN RD,SG. BAKAP,14200 PULAU PINANG.,SEBERANG PERAI SELATAN,",Restoran India Muslim,Pulau Pinang,Seberang Perai Selatan
7192.0,PASAR MINI MESRA M.ALI SDN.BHD.,"2 & 4,SUSURAN TANJONG 1,31250 TANJUNG RAMBUTAN, PERAK",Pasar Mini,Perak,Kinta
7226.0,RESTORAN NAINA MOHAMED (TASEK),"632, JALAN KUALA KANGSAR,TAMAN TASIK DAMAI,30010 , IPOH PERAK,",Restoran India Muslim,Perak,Kinta
7260.0,PASARAYA EKONOMI YUAN HUAT,"PASARAYA EKONOMI YUAN HUAT1838, JALAN BESAR,PERMATANG BERANGAN, 13300 TASEK GELUGOR, PULAU PINANG,JALAN BESAR,PERMATANG BERANGAN",Pasar Mini,Pulau Pinang,Seberang Perai Utara
7262.0,PASAR MINI FOOK YEE,"NO. 21 & 22,JALAN EMAS MERAH, TAMAN EMAS MERAH,81500 PEKAN NENAS, PONTIAN, JOHOR",Pasar Mini,Johor,Pontian
7280.0,PASARAYA NIRWANA SEGAMAT,"PASARAYA NIRWANA SEGAMAT,LOT 588, (NO 8), JLN YUSOF ABD RAHMAN,85000 SEGAMAT, JOHOR.",Pasar Raya / Supermarket,Johor,Segamat
7283.0,PASAR AWAM BANTING,"PASAR BANTING,PERSIARAN,42700 BANTING, SELANGOR",Pasar Basah ,Selangor,Kuala Langat
7284.0,ECONSAVE BANTING,"ECONSAVE CASH & CARRY,LOT 2-14, JALAN SUASA,42700 BANTING, SELANGOR",Pasar Raya / Supermarket,Selangor,Kuala Langat
7349.0,PASARAYA PANTAI TIMUR SHOPPING CENTER,"PT308-PT314,SEKSYEN,BANDAR PASIR MAS,",Pasar Raya / Supermarket,Kelantan,Pasir Mas
7431.0,GIANT TAMAN PERMATA,"LOT 13793 & 13796,JALAN CHANGKAT PERMATA, TAMAN PERMATA,53300 KUALA LUMPUR",Hypermarket,Selangor,Gombak
7472.0,PASAR MERU KLANG,"JALAN MERU KLANG,40150 KLANG, SELANGOR,",Pasar Basah ,Selangor,Klang
7473.0,PASAR BASAH KAPAR,"PEKAN KAPAR KLANG,42200 KAPAR, SELANGOR,",Pasar Basah ,Selangor,Klang
7501.0,MEDAN SELERA TAMAN MELAWATI (JLN BANDAR),"JALAN BANDAR 3,TAMAN MELAWATI, ULU KLANG,53100 KUALA LUMPUR, SELANGOR",Medan Selera,Selangor,Gombak
7562.0,RESTORAN CITARASA 1,"JALAN BESAR, BANDAR LAMA GUA MUSANG,GUA MUSANG,",Restoran Melayu,Kelantan,Gua Musang
7680.0,RESTORAN SELERA KITA 2,"LOT 2191-1,SIMPANG 3 KG PASIR PEKAN, BULATAN PASIR PEKAN,16250 WAKAF BHARU, KELANTAN.",Restoran Melayu,Kelantan,Tumpat
7815.0,BATARAS FOODCOURT KOLOMBONG,"BANGUNAN BATARAS HYPERMARKET,KOLOMBONG,",Foodcourt,Sabah,Kota Kinabalu
7816.0,PASAR AM MANGGATAL,"PEKAN MANGGATAL,KOTA KINABALU,",Pasar Basah ,Sabah,Kota Kinabalu
7826.0,PASAR BASAH CHUKAI,"JALAN SULAIMANI,24000 KEMAMAN,TERENGGANU",Pasar Basah ,Terengganu,Kemaman
7832.0,PASARAYA SAMAMAJU (BINJAI) SDN. BHD.,"3549-3553, TAMAN SEMARAK,24000 BINJAI, KEMAMAN,TERENGGANU",Pasar Raya / Supermarket,Terengganu,Kemaman
7858.0,RESTORAN GRANDVIEW CAFE,"NO.12 BACKROW PERSIARAN BUNGA RAYA,KIJAL BEACH RESORT,24100 KIJAL, KEMAMAN",Restoran Cina,Terengganu,Kemaman
7878.0,RESTORAN MAI CHEK ZAH CIKGU BIDI (PN KHAZAINIAH BT IBRAHIM),"JALAN KEMAMAN / DUNGUN,24300 KEMAMAN,TERENGGANU.",Restoran Melayu,Terengganu,Kemaman
7891.0,RESTORAN AL-BAIK SWEET LOCATION SDN BHD,"K 3521 TAMAN SEMARAK,JALAN AIR PUTIH,BINJAI, KEMAMAN",Restoran India Muslim,Terengganu,Kemaman
7922.0,NIRWANA MAJU SDN.BHD (KEMAMAN),"LOT 2027,JALAN KUBANG KURUS,24000 CHUKAI KEMAMAN, TERENGGANU.",Pasar Raya / Supermarket,Terengganu,Kemaman
7949.0,NAJWA IKAN BAKAR,"NO. 7 & 8,MEDAN SELERA GELIGA,24000 KEMAMAN, TERENGGANU.",Medan Selera,Terengganu,Kemaman
7961.0,PASAR BESAR BANDAR TASEK RAJA,"BANDAR TASEK RAJA,PASIR MAS,",Pasar Basah ,Kelantan,Pasir Mas
7971.0,RESTORAN PELADANG,"SIMPANG EMPAT,11000 BALIK PULAU, PULAU PINANG,",Restoran Melayu,Pulau Pinang,Barat Daya
7974.0,BARVIN RESTORAN,"SIMPANG EMPAT,11000 BALIK PULAU, PULAU PINANG,",Restoran India Muslim,Pulau Pinang,Barat Daya
7983.0,PASAR BUKIT PAYUNG,"PASAR BUKIT PAYONG,MARANG,TERENGGANU",Pasar Basah ,Terengganu,Marang
7995.0,PASAR TAMAN TUN SARDON,"25, PINTASAN PEMANCAR 5,TAMAN TUN SARDON,GELUGOR",Pasar Basah ,Pulau Pinang,Timur Laut
7997.0,PASAR BESAR MARANG,"BERSEBELAHAN WATERFRONT MARANG,MARANG,TERENGGANU",Pasar Basah ,Terengganu,Marang
8068.0,MEDAN SELERA PANTAI BATU BURUK,"MEDAN SELERA BATU BURUK,KUALA TERENGGANU,TERENGGANU",Medan Selera,Terengganu,Kuala Terengganu
8100.0,CITY MEWAH ( RAMLI SELERA KAMPUNG),"JALAN PADANG TEMBAK,36000 TELUK INTAN, PERAK,",Medan Selera,Perak,Hilir Perak
8118.0,PACIFIC FOOD COURT,"PACIFIC FOOD COURTPACIFIC HYPERMARKET & DEPT STORE SDN BHD,JLN HAMZAH,",Foodcourt,Kelantan,Kota Bharu
8122.0,RESTORAN IKAN BAKAR MALIM (MITC),"NO. 2 & NO. 4, JALAN TU 40,TAMAN TASIK UTAMA,AYER KEROH, 75450 MELAKA",Restoran Melayu,Melaka,Melaka Tengah
8176.0,PASAR WAKAF TAPAI,"WAKAF TAPAI, JALAN KUALA BERANG,MARANG,TERENGGANU",Pasar Basah ,Terengganu,Marang
8199.0,PASARAYA JAYA GADING (BUKIT GOH),"A 211- A215, JALAN BUKIT GOH,TAMAN KAMPUNG PADANG,KUANTAN, PAHANG",Pasar Raya / Supermarket,Pahang,Kuantan
8205.0,PASARAYA LU MIOU,"NO. 13,14, 15, LORONG MARKISA 1,TMN MARKISA,86900 ENDAU, JOHOR",Pasar Mini,Johor,Mersing
8339.0,RESTORAN TELANAI SEAFOOD,"LOT 10596/10597 KAMPUNG PADANG MIDIN,KUALA TERENGGANU,TERENGGANU",Restoran Melayu,Terengganu,Marang
8359.0,PASAR  BASAH PERMAISURI,"BANDAR PERMAISURI,22100 SETIU,TERENGGANU",Pasar Basah ,Terengganu,Setiu
8380.0,EXCELLENT MARZ TRADING (BAINI),"KM.8 KAMPUNG KENJING,SEBERANG JERTEH,22000 JERTEH,TERENGGANU",Kedai Runcit,Terengganu,Besut
8539.0,PASAR AM KUDAT,"PASAR AM KUDAT, 89058 KUDAT,",Pasar Basah ,Sabah,Kudat
8544.0,MORE CHANCE TRADING SDN.BHD,"LOT G3-G6,BANGUNAN SEDCO,89108 KOTA MARUDU, SABAH.",Kedai Runcit,Sabah,Kota Marudu
8561.0,KEDAI RUNCIT CHOP HIAP GUAN,"NO. 8,DURIAN TAWAR,BERA, PAHANG",Kedai Runcit,Pahang,Bera
8571.0,TR BINTANG TRADING,"LOT 379,HADAPAN PUSAT GIAT MARA SELISING,",Pasar Mini,Kelantan,Pasir Puteh
8582.0,PASAR BESAR SITI HAFSAH,"PASAR BESAR SITI HAFSAH,BERIS KUBUR BESAR,BACHOK, KELANTAN",Pasar Basah ,Kelantan,Bachok
8614.0,PASAR AWAM DENGKIL,"PEKAN DENGKIL,43800 DENGKIL, SELANGOR,",Pasar Basah ,Selangor,Sepang
8616.0,PASAR CHOW KIT,"JALAN RAJA ALANG,CHOW KIT,",Pasar Basah ,W.P. Kuala Lumpur,Titiwangsa
8678.0,PASAR KECIL BATU MAUNG,"LEBUHRAYA BATU MAUNG,11960 BAYAN LEPAS, PULAU PINANG.,",Pasar Basah ,Pulau Pinang,Barat Daya
8710.0,RESTORAN CIPTARASA,"RESTORAN CIPTARASA,JLN PAGOH,84500 MUAR,JOHOR.",Restoran Melayu,Johor,Muar
8715.0,RESTORAN KOPITIAM BUKIT PASIR,"RESTORAN KOPITIAM, NO.45 BUKIT PASIR,84300 MUAR,JOHOR,",Restoran Cina,Johor,Muar
8747.0,PASARAYA UTARA MEGA ENTERPRISE SDN. BHD,"LOT 311, JALAN PEKAN BARU MINI MARKET,KAWASAN PERINDUSTRIAN KEDAH,08200 SIK KEDAH",Pasar Mini,Kedah,Sik
8754.0,ALUN COLDSTORAGE MARKET,"NO.9,JULAU BAZAR,",Kedai Runcit,Sarawak,Julau
8757.0,PASAR SUMAYYAH,"PASAR SUMAYYAH,TUMPAT,",Pasar Basah ,Kelantan,Tumpat
8863.0,RAMELI JUSOH,"242 E KAMPUNG BERIS,ALOR PISANG, 22300 KUALA BESUT,BESUT TERENGGANU",Kedai Runcit,Terengganu,Besut
8908.0,KS WALK IN MART SDN BHD,"NO 1-27,JALAN SUDIRMAN 6,TEMERLOH, PAHANG.",Pasar Mini,Pahang,Temerloh
8915.0,PASAR MINI SNOFA,"SH 29, TAMAN GREENWOOD,68100 BATU CAVES, SELANGOR,",Pasar Mini,Selangor,Gombak
8962.0,RESTORAN SALOR,"JALAN PASIR MAS SALOR,KG SEBERANG PASIR MAS,",Restoran Melayu,Kelantan,Kota Bharu
8972.0,RESTORAN NASIB U-MOHAMAD NASIB SDN BHD,"NO.35 JALAN DATO HAJI HASSAN,KAMPUNG MASJID LAMA,86000 KLUANG JOHOR.",Restoran India Muslim,Johor,Kluang
8975.0,RESTORAN AIK CHIN,"B1 JALAN BESAR,MACHANG, KELANTAN,",Restoran Cina,Kelantan,Machang
9032.0,MEDAN SELERA TG KARANG,"PASAR BASAH TANJONG KARANG,45500 TANJONG KARANG, SELANGOR,",Medan Selera,Selangor,Kuala Selangor
9050.0,MZI TRADING,"413,KAMPUNG PENAMBANG,JALAN PANTAI CAHAYA BULAN",Pasar Mini,Kelantan,Kota Bharu
9051.0,THE STORE (KUALA KANGSAR),"JALAN KANGSAR,33000 KUALA KANGSAR,PERAK",Pasar Raya / Supermarket,Perak,Kuala Kangsar
9099.0,KEDAI RUNCIT LEDANG TRADING (JOHOR BAHRU),"NO 4, JLN MURNI 6,TMN SURIA,81100 JOHOR BAHRU JOHOR",Kedai Runcit,Johor,Johor Bahru
9100.0,PASAR MINI STOR TAWAKAL (JOHOR BAHRU),"K2/101 & 102 DE' STULANG, KOMPLEKS PERDAGANGAN STULANG LAUT,JALAN IBRAHIM SULTAN,80300 JOHOR BAHRU, JOHOR",Pasar Mini,Johor,Johor Bahru
9102.0,ECONSAVE SKUDAI PARADE,"ECONSAVE SKUDAI, SKUDAI PARADE,B1-S, JALAN BERTINGKAT SKUDAI,81300 SKUDAI, JOHOR",Pasar Raya / Supermarket,Johor,Johor Bahru
9110.0,RI SHENG VEGETABLES & FOOD SDN BHD (PASIR GUDANG),"NO. 19-21, JALAN DEDAP 23,TAMAN JOHOR JAYA,81100 JOHOR BAHRU, JOHOR",Pasar Mini,Johor,Johor Bahru
9116.0,KEDAI RUNCIT SEGARA (TEBRAU),"7 JALAN KESUMA,TAMAN ISTIMEWA, PANDAN,81100 JOHOR BAHRU JOHOR",Kedai Runcit,Johor,Johor Bahru
9118.0,KEDAI RUNCIT SETOR SINAR,"NO 13-C, JALAN SUNGAI SIPUT,KOTA KECIL,81900 KOTA  TINGGI",Kedai Runcit,Johor,Kota Tinggi
9135.0,RESTORAN AL-SARINA,"NO. 18, JALAN SG 3/5,TAMAN SRI GOMBAK,68100 BATU CAVES, SELANGOR",Restoran India Muslim,Selangor,Gombak
9201.0,RESTORAN SYED ALI (MERSING),"NO 72-73,JALAN SULAIMAN ,BANDAR TEPIAN SUNGAI,86800 MERSING,JOHOR",Restoran India Muslim,Johor,Mersing
9208.0,MEDAN SELERA KAMPAR,"JALAN MASJID,31900 KAMPAR, PERAK,",Medan Selera,Perak,Kinta
9214.0,GIANT HYPERMARKET KOTA DAMANSARA,"NO 16, JALAN PJU 5/1,KOTA DAMANSARA, PJU 5,47810 PETALING JAYA",Hypermarket,Selangor,Petaling Jaya
9238.0,"GERAI NO. 45,46,48,53,54&55","TERMINAL BAS  SEGAMAT,JALAN ABDULLAH,85000 SEGAMAT JOHOR",Medan Selera,Johor,Segamat
9239.0,PASAR MINI KIM SENG,"PASAR MINI KIM SENG,NO 166 JALAN SEKOLAH,84600, PAGOH MUAR",Pasar Mini,Johor,Muar
9241.0,KIP MART KOTA TINGGI,"PASARAYA KIPMART KOTA TINGGI,JALAN MAWAI,81900 KOTA TINGGI",Pasar Raya / Supermarket,Johor,Kota Tinggi
9250.0,KPF MINI MARKET,"NO 7 & 9, JALAN KENANGA,TAMAN KENANGA,JLN PARIT MESJID,82000 PONTIAN, JOHOR",Pasar Mini,Johor,Pontian
9252.0,S.K. MINI MARKET,"12, JLN. INDAH,TMN. PERTAMA INDAH, SG. ABONG,84000 MUAR",Pasar Mini,Johor,Muar
9258.0,KEDAI RUNCIT GOH PENG GUAN,"KEDAI RUNCIT GOH PENG GUAN,NO 320 JALAN PANCHOR,84300 BUKIT PASIR MUAR",Kedai Runcit,Johor,Muar
9259.0,KEDAI RUNCIT HOCK LEE LAI,"LOT 126 JALAN TERATAI,TAMAN MUTIARA SUNGAI ABONG,84000, MUAR JOHOR",Kedai Runcit,Johor,Muar
9410.0,PASAR MINI WANGSA MAJU,"NO.52, JALAN 27A/2A,SEKSYEN 1, WANGSA MAJU,",Pasar Mini,W.P. Kuala Lumpur,Wangsa Maju
9488.0,JIMAT MINIMARKS SDN BHD,"NO.26 MK3 & 511-516 MK20,KUBANG SEMANG,BUKIT MERTAJAM",Pasar Mini,Pulau Pinang,Seberang Perai Tengah
9491.0,RESTORAN SELERA BERSAMA,"NO. 15, TINGKAT BAWAH,JALAN MUAR,85300 LABIS, JOHOR",Restoran Melayu,Johor,Segamat
9545.0,THONG HENG CONVENIENCE STORE,"NO 6, TAMAN SENTOSA, JALAN PARIT MESJID, 82000 PONTIAN.,JALAN PARIT MESJID, 82000 PONTIAN.,82000 PONTIAN.",Kedai Runcit,Johor,Pontian
9548.0,ONG THAI KIM (OTK),"C-01, 01, JALAN PRIMA 5/1,TAMAN PUCHONG PRIMA,47100 PUCHONG, SELANGOR",Pasar Raya / Supermarket,Selangor,Petaling
9604.0,ENG YU MINI MARKET (TAMAN TEMERLOH JAYA),"NO.43, JALAN TJ 6/1,TAMAN TEMERLOH JAYA,TAMAN TEMERLOH JAYA,",Pasar Mini,Pahang,Temerloh
9787.0,PASAR AWAM HUTAN MELINTANG,"JALAN SIMPANG EMPAT,36400 HUTAN MELINTANG,PERAK",Pasar Basah ,Perak,Bagan Datuk
9827.0,SALAMKU EXTRA TENDONG,"LOT 1189  A-D, KAMPUNG TOK BUAK,TENDONG,",Pasar Raya / Supermarket,Kelantan,Pasir Mas
9839.0,RESTORAN AL RIZKI 786,"NO 5, JLN BISTARI 4/1,TMN YAYASAN,85010 SEGAMAT, JOHOR.",Restoran India Muslim,Johor,Segamat
9866.0,PASAR KAMPAR,"31900 KAMPAR,PERAK,",Pasar Basah ,Perak,Kampar
9871.0,PASAR KECIL TAMAN SAHABAT,"LORONG GERTAK SANGGUL 1,TELUK KUMBAR, 11900 BAYAN LEPAS, PULAU PINANG,",Pasar Basah ,Pulau Pinang,Barat Daya
9888.0,D'MART TENANG,"D'MART TENANG,22010 JERTEH,BESUT, TERENGGANU",Pasar Mini,Terengganu,Besut
9933.0,HIAP LEE SUPERMARKET,"NT1684,JALAN OKK SODOMON,PETI SURAT 268, 789008 KENINGAU, SABAH",Pasar Raya / Supermarket,Sabah,Keningau
9944.0,PASAR AWAM KUALA KURAU,"33, JALAN SWEE LEE,34350 KUALA KURAU,PERAK",Pasar Basah ,Perak,Kerian
9986.0,WAH LEE KEDAI MAKAN & RUMAH TUMPANG,"SL-6, JALAN BALING,33100 PENGKALAN HULU, PERAK,",Restoran Cina,Perak,Hulu Perak
10020.0,RAUB KOPITIAM,"BANDAR RAUB PERDANA,27600 RAUB,PAHANG,",Restoran Melayu,Pahang,Raub
10021.0,RESTORAN SHAHBASHEER,"BANDAR RAUB PERDANA,RAUB,PAHANG,",Restoran India Muslim,Pahang,Raub
10053.0,PASAR BASAH MATA AYER,"JALAN MATA AYER,01000 KANGAR,PERLIS.,",Pasar Basah ,Perlis,Padang Besar
10131.0,SUNSHINE FARLIM,"294, JALAN THEAN TEIK,AYER ITAM,",Pasar Raya / Supermarket,Pulau Pinang,Timur Laut
10162.0,ATAN CORNER,"NO 1,PERSIARAN SRI MAS 1,35500 BIDOR, PERAK DARUL RIDZUAN.",Restoran Melayu,Perak,Batang Padang
10174.0,RESTORAN MAMA,"PERNIAGAAN SRI AN-NUR(RESTORAN MAMA),TANAH MERAH,KELANTAN,",Restoran Melayu,Kelantan,Tanah Merah
10197.0,PASAR BESAR KAMUNTING,"34600 KAMUNTING, TAIPING,PERAK,34600 KAMUNTING, TAIPING,PERAK,",Pasar Basah ,Perak,"Larut, Matang & Selama"
10203.0,ECONSAVE KOTA KEMUNING,"NO 2, PT 45233, JALAN SUNGAI KERANJI M32/M,SEKSYEN 32,40640 SHAH ALAM, SELANGOR",Pasar Raya / Supermarket,Selangor,Petaling
10208.0,PASAR MINI SABURTHAN,"LOT 366 BANGGOL PASIR,34850 CHANGKAT JERING PERAK,",Pasar Mini,Perak,"Larut, Matang & Selama"
10214.0,TUNAS MANJA (MUADZAM SHAH) SDN. BHD.,"LOT. PT232,MUKIM BEBAR,MUADZAM SHAH",Pasar Raya / Supermarket,Pahang,Rompin
10230.0,KEDAI RUNCIT SENG,"NO.5, LOT 340 , KG. BAKAT,JALAN PASIR PUTEH,",Kedai Runcit,Kelantan,Machang
10258.0,KS-TWIN MART SDN BHD,"F110-F112,JALAN TENGKU ISMAIL,TEMERLOH, PAHANG DARUL MAKMUR",Pasar Mini,Pahang,Temerloh
10397.0,RESTORAN DANG-DANG DUT,"TOMYAM SEAFOOD CATERING,NO.8, TAMAN SELERE KELULUT, MARANG,TERENGGANU.",Medan Selera,Terengganu,Marang
10419.0,RESTORAN YU YI,"48, JALAN AH CHEONG,36000 TELUK INTAN, PERAK,",Restoran Cina,Perak,Hilir Perak
10478.0,MIN HOE CAFE,"NO.23,ENGKILILI BAZAAR,NO.23,ENGKILILI BAZAAR,",Kedai Runcit,Sarawak,Engkelili
10492.0,SIN LEONG HIN MINI MARKET,"NO 677-678, TMN KOTA JAYA,,SIMPANG,",Pasar Mini,Perak,"Larut, Matang & Selama"
10503.0,"RESTORAN MAJU ABDULLAH, SUNGAI SIPUT","NO. 163, TMN JALONG UTARA, JALAN JALONG,31100 SG SIPUT(U),PERAK,",Restoran India Muslim,Perak,Kuala Kangsar
10528.0,D'MART KOTA TINGGI,"FELDA TRADING SDN. BHD.,D'MART AIR TAWAR 2,FELDA AIR TAWAR 2,81920 KOTA TINGGI",Pasar Raya / Supermarket,Johor,Kota Tinggi
10715.0,PASAR MINI HUP  SENG,"GD 732-733, JALAN PMJ,TMN PISANG MAS JAYA, GADEK,78000 ALOR GAJAH, MELAKA",Pasar Mini,Melaka,Alor Gajah
10716.0,RESTORAN LIAN YU,"RESTORAN LIAN YU,NO. 988 JALAN DATO ALI,86900 ENDAU JOHOR",Restoran Cina,Johor,Mersing
10720.0,GMART TUARAN,"G-MART TUARAN,BLOCK C,LOT 1-5,JLN SUNGAI DAMIT, 89200 TUARAN",Pasar Raya / Supermarket,Sabah,Tuaran
10750.0,G - MART SUPERMARKET (SAJ HEN FUNG),"LOT E 3A, LOT 5 & 6,BANDAR MUTIARA,JALAN HOSPITAL,",Pasar Raya / Supermarket,Sabah,Semporna
10757.0,PASAR MNI CAHAYA MURNI,"NO 1, JALAN MURNI 1/2, TMN LANGAT MURNI,BUKIT CHANGGANG,42700 BANTING, SELANGOR",Pasar Mini,Selangor,Kuala Langat
10775.0,RESTORAN HOON KEE,"NO. 254, JALAN BESAR,TAMAN SEMBERONG BARU,83700 YONG PENG, JOHOR.",Restoran Cina,Johor,Batu Pahat
10785.0,GOLDEN LION RESTAURANT,"NO.13, TINGKAT BAWAH, JALAN DAGANGAN 1, PUSAT DAGANGAN, 28300 TRIANG.,",Restoran Cina,Pahang,Bera
10820.0,MEDAN SELERA LOTUS'S STATION 18,"NO.1, MEDAN STESEN 19/9,STATION 18,31600 PENGKALAN IPOH, PERAK",Foodcourt,Perak,Kinta
10850.0,GIANT SUPERMARKET ( SUNGEI WANG ),"LB FLOOR, SUNGEI WANG PLAZA,JALAN SULTAN ISMAIL,",Pasar Raya / Supermarket,W.P. Kuala Lumpur,Bukit Bintang
10853.0,COLD STORAGE ( KLCC ),"CONCOURSE LEVEL A2,KUALA LUMPUR CONVENSION CENTRE,JALAN AMPANG,",Pasar Raya / Supermarket,W.P. Kuala Lumpur,Bukit Bintang
10854.0,SOGO ( KL ),"NO.190 (LG), WISMA PERNAS SOGO,JALAN TUANKU ABDUL RAHMAN,",Pasar Raya / Supermarket,W.P. Kuala Lumpur,Bukit Bintang
10855.0,MYDIN ( SINAR KOTA ),"BANGUNAN SINAR KOTA,NO. 58, JALAN TUN PERAK,",Pasar Raya / Supermarket,W.P. Kuala Lumpur,Bukit Bintang
10862.0,KEDAI RUNCIT AL FATEK,"NO.4, JALAN KHOO TEIK EE,OFF JALAN IMBI,",Kedai Runcit,W.P. Kuala Lumpur,Bukit Bintang
10878.0,CONVENIENCE MINI MARKET,"JALAN SARAWAK,02000 KUALA PERLIS,PERLIS.,",Pasar Mini,Perlis,Kangar
10928.0,PASAR MINI LANGKAP,"SZ GEMILANG TEGUH TRADING,NO. 103, KG LANGKAP BANDAR PERMAISURI,21500 SETIU, TERENGGANU",Kedai Runcit,Terengganu,Setiu
10935.0,KWEEK CHIU THUNG,"AS 0111824 K15,KUALA SANGLANG,02800 KANGAR, PERLIS",Kedai Runcit,Perlis,Arau
10963.0,RESTORAN DA MEE CELUP,"PT 159 JALAN TASEK,TANAH MERAH,KELANTAN,",Restoran Melayu,Kelantan,Tanah Merah
10969.0,G-MART (TENOM),"TL 183,PERSIMPANGAN JALAN ELIZABERT DAN JALAN CHARLES,PEKAN TENOM, 89908 TENOM",Pasar Raya / Supermarket,Sabah,Tenom
10975.0,TF VALUE MART BATU GAJAH,"PLOT 1, JALAN BHARU 1,BANDAR BARU,BATU GAJAH,",Pasar Raya / Supermarket,Perak,Kinta
10978.0,PASARAYA SRI KAWAN (KUALA KANGSAR),"CHANDAN PUTRI,KUALA KANGSAR,PERAK",Pasar Mini,Perak,Kuala Kangsar
11033.0,AZIMAT TEGUH ENTERPRISE,"MTTK 404/ 05,KG LALOH,",Kedai Runcit,Kelantan,Kuala Krai
11136.0,PASARAYA GRAND UNION BUKIT BERUNTUNG,"NO 1 JALAN KEMUNTING,BANDAR BUKIT BERUNTUNG,48300 RAWANG, SELANGOR",Pasar Raya / Supermarket,Selangor,Hulu Selangor
11157.0,ASAM PEDAS SELERA KAMPUNG,"G2 JALAN P.M.3,MAHKOTA SQUARE,75000 MELAKA",Restoran Melayu,Melaka,Melaka Tengah
11159.0,MADINAH RESTORAN,"254, JALAN MELAKA RAYA 3,TAMAN MELAKA RAYA,75000, MELAKA",Restoran India Muslim,Melaka,Melaka Tengah
11164.0,ABE LI ROTI CANAI,"MEDAN SELERA  JELI ,JALAN JELI DABONG,",Restoran Melayu,Kelantan,Jeli
11168.0,KAK NIE RESTOREN,"SIMPANG 3 KG.KUALA LONG,BATU MELINTANG JELI,",Restoran Melayu,Kelantan,Jeli
11198.0,RESTORAN NEW 168,"TAMAN PUSPAJAYA KOK LANAS,KOTA BHARU,",Restoran Cina,Kelantan,Kota Bharu
11202.0,MAMAK CURRY HOUSE,"LOT 2730, JALAN WAKAF STAN,KAMPUNG PONDOK KENALI,",Restoran India Muslim,Kelantan,Kota Bharu
11222.0,MYDIN MITC MELAKA,"LOT 15060, 15061 & 15062,KAWASAN MITC,75450 AYER KEROH, MELAKA",Hypermarket,Melaka,Melaka Tengah
11235.0,BS SUPERMART SDN. BHD. (LUNDU),"PEKAN LUNDU,LUNDU,",Pasar Mini,Sarawak,Lundu
11257.0,EVERLASTING KUALA KUBU BHARU,"NO. 38,JALAN RAJA MUDA JAAFAR,44000 KUALA KUBU BHARU, SELANGOR",Pasar Mini,Selangor,Hulu Selangor
11282.0,NATIEZA INDERA ENTERPRISE,"NO. 1 & 2,BATU 16, RPA KAKI BUKIT,02200 KAKI BUKIT, PERLIS.",Kedai Runcit,Perlis,Padang Besar
11328.0,PASAR AWAM SUNGAI PELEK,"JALAN BESAR,PEKAN SG PELEK,43950 SUNGAI PELEK, SELANGOR",Pasar Basah ,Selangor,Sepang
11332.0,EMART SUPERMARKET MATANG,"EMART (SARAWAK) SDN. BHD.,LOT 9808, SECTION 65 KTLD, LEE LING COMMERCIAL CENTRE,4TH MILE, JALAN MATANG",Pasar Raya / Supermarket,Sarawak,Kuching
11335.0,JMS BUKIT TENGAH,"6846, JALAN BESAR BUKIT TENGAH, TAMAN LIMAU MANIS,14000 BUKIT MERTAJAM, PULAU PINANG,",Kedai Runcit,Pulau Pinang,Seberang Perai Tengah
11354.0,RESTORAN CHIN,"51 JALAN ISMAIL,MERSING KECHIL,86800 MERSING JOHOR",Restoran Cina,Johor,Mersing
11356.0,RESTORAN KRIS (MERSING),"LOT 1 JALAN ISMAIL,MERSING KECHIL,86800 MERSINGJOHOR",Restoran Melayu,Johor,Mersing
11418.0,RAMLI BIN OMAR,"RUMAH KEDAI MDS NO. 2,KG. MERANG, PERMAISURI,SETIU, 21020 SETIU, TERENGGANU",Kedai Runcit,Terengganu,Setiu
11423.0,PASAR BASAH PRESINT 8,"PRESINT 8,62000 PUTRAJAYA,",Pasar Basah ,W.P. Putrajaya,Wp Putrajaya
11479.0,PASARAYA DARUL MAKMUR,"PAYA PULAI,TEMERLOH, PAHANG,",Pasar Raya / Supermarket,Pahang,Temerloh
11509.0,GIANT SENAWANG,"LOT 571,JALAN SENAWANG, TAMAN KOMERSIAL SENAWANG,70450, SENAWANG, NEGERI SEMBILAN.",Hypermarket,Negeri Sembilan,Seremban
11511.0,LOTUSS STORE (TESCO MERGONG),"NO 1,LEBUHRAYA SULTANAH BAHIYAH,05150 ALOR SETAR, KEDAH.",Hypermarket,Kedah,Kota Setar
11512.0,PACIFIC STAR PARADE COMPLEX,"LOT 888,JALAN TELOK WANJAH, BANDAR ALOR SETAR,05200 ALOR SETAR KEDAH",Hypermarket,Kedah,Kota Setar
11513.0,GCH RETAIL (MALAYSIA) SDN. BHD.,"H.S (D) 6917, LOT PT 1485,JALAN PADANG HILIRAN,KUALA TERENGGANU",Hypermarket,Terengganu,Kuala Terengganu
11517.0,PASARAYA BILLION (ALOR SETAR) SDN BHD,"BANGUNAN PASAR BESAR, JALAN TUNKU ABDUL RAHMAN,05050 ALOR SETAR, KEDAH,",Pasar Raya / Supermarket,Kedah,Kota Setar
11518.0,LOTUS'S SELAYANG,"NO. 1081,JALAN SULTAN AZLAN SHAH,SRI UTARA BUSINESS PARK,",Hypermarket,W.P. Kuala Lumpur,Batu
11523.0,FARLEY SUPERMARKET SIBU,"JALAN SALIM,96000,SIBU, SARAWAK",Pasar Raya / Supermarket,Sarawak,Sibu
11524.0,EVERWIN (JALAN PAHLAWAN),"JALAN PAHLAWAN 7,SIBU,SARAWAK",Pasar Raya / Supermarket,Sarawak,Sibu
11530.0,PASARAYA YAWATA SDN BHD,"NO. 1, BANDAR DARULAMAN JAYA,JITRA,KEDAH DARULAMAN,",Pasar Raya / Supermarket,Kedah,Kubang Pasu
11536.0,MDS MART SDN. BHD.,"NO. 58 I-M,MEDAN COMMERCIAL CENTRE,97000 BINTULU,SARAWAK,",Pasar Raya / Supermarket,Sarawak,Bintulu
11537.0,NEW WORLD MART SDN. BHD.,"GROUNDFLOOR PARKCITY SHOPPING MALL,JALAN TUN AHMAD ZAIDI,97000 BINTULU, SARAWAK",Pasar Raya / Supermarket,Sarawak,Bintulu
11538.0,MILIMEWA SUPERSTORE SDN BHD TAWAU,"LOT 257-262,KOMPLEKS CAHAYA BARU,JALAN BUNGA,",Pasar Raya / Supermarket,Sabah,Tawau
11540.0,ECONSAVE CASH & CARRY (MJ) SDN. BHD. (SETIAWAN),"(CO.REG. 631406-V) MEDAN SEJAHTERA,32000 SETIAWAN,PERAK.",Pasar Raya / Supermarket,Perak,Manjung
11543.0,UTAMA JAYA SUPERSTORE,"LOT D29- D36, JALAN KEMAJUAN/ JLN UJUNG PASIR, P.O. BOX 81995, 87029 WP LABUAN,P.O. BOX 81995,",Pasar Raya / Supermarket,W.P. Labuan,Kawasan Bandar
11545.0,TUNAS MANJA RAUB,"LOT 16773,MUKIM GALI,RAUB,PAHANG",Pasar Raya / Supermarket,Pahang,Raub
11546.0,"PASAR TAMU SRI AMAN,SRI AMAN","SRI AMAN,SARAWAK,",Pasar Basah ,Sarawak,Sri Aman
11547.0,PASAR TAMU BERSEPADU SRI AMAN,"SRI AMAN,95000,SARAWAK",Pasar Basah ,Sarawak,Sri Aman
11550.0,PASAR AM SIPITANG,"PASAR AM SIPITANG,",Pasar Basah ,Sabah,Sipitang
11551.0,PASAR  BESAR SITI KHADIJAH,"JALAN PINTU PONG,KOTA BHARU,",Pasar Basah ,Kelantan,Kota Bharu
11554.0,PASAR AM KUALA PENYU,"PASAR AM KUALA PENYU,",Pasar Basah ,Sabah,Kuala Penyu
11556.0,PASAR BASAH UMUM SEMPORNA,"MAJLIS DAERAH SEMPORNA, PEKAN SEMPORNA, 91308 SEMPORNA, SABAH,",Pasar Basah ,Sabah,Semporna
11558.0,PERNIAGAAN ABCD,"DEPAN PASAR BESAR PASIR PUTEH,JLN TENGKU RAHIM,",Pasar Mini,Kelantan,Pasir Puteh
11562.0,GIANT SUPERMARKET ( SETIAWANGSA ),"LOT 16974 & 16975,JALAN SETIAWANGSA 8,TAMAN SETIAWANGSA,",Pasar Raya / Supermarket,W.P. Kuala Lumpur,Setiawangsa
11564.0,AEON ( AU2 ),"NO. 6, JALAN TAMAN SETIAWANGSA,AU2, TAMAN KERAMAT,",Pasar Raya / Supermarket,W.P. Kuala Lumpur,Setiawangsa
11566.0,UMA RANI CASH & CARRY,"NO.6, ALPHA COMPLEX,JALAN 1/47B, BATU 4, JALAN IPOH,",Pasar Raya / Supermarket,W.P. Kuala Lumpur,Batu
11567.0,NSK TOPZELLER,"LOT 8097, JALAN KILANG,SEKSYEN 1, WANGSA MAJU,",Pasar Raya / Supermarket,W.P. Kuala Lumpur,Setiawangsa
11568.0,PASARAYA TS MEGA ( CHERAS ),"NO. 4,6,8,10, JALAN 5/89A,OFF JALAN SEKILAU,",Pasar Raya / Supermarket,W.P. Kuala Lumpur,Bandar Tun Razak
11569.0,SEGI FRESH ( TAMAN SHAMELIN ),"NO. 2 & 4, JALAN 13/91,TAMAN SHAMELIN PERKASA,CHERAS",Pasar Raya / Supermarket,W.P. Kuala Lumpur,Cheras
11571.0,"HERO MARKET (SEKSYEN 6, WANGSA MAJU )","1-11, JALAN 3/27D,SEKSYEN 6, WANGSA MAJU,",Pasar Raya / Supermarket,W.P. Kuala Lumpur,Setiawangsa
11572.0,PASAR BESAR CHERAS,"JALAN SIAKAP,TAMAN TENAGA,",Pasar Basah ,W.P. Kuala Lumpur,Bandar Tun Razak
11577.0,PASARAYA K-CERIA SDN BHD,"NO. 157-161,JALAN PJ7,PEKAN JITRA 1, JITRA KEDAH,",Pasar Raya / Supermarket,Kedah,Kubang Pasu
11579.0,PASARAYA C-MART (JITRA) SDN BHD,"PEKAN JITRA 2,JITRA, KEDAH DARULAMAN,",Pasar Raya / Supermarket,Kedah,Kubang Pasu
11580.0,PASAR TAMAN CHERAS,"TAMAN CHERAS,OFF JALAN KAS KAS,",Pasar Basah ,W.P. Kuala Lumpur,Cheras
11581.0,PASAR BANDAR BARU SENTUL,"BANDAR BARU SENTUL,SENTUL,",Pasar Basah ,W.P. Kuala Lumpur,Batu
11586.0,PASAR BASAH BESAR KUANTAN,"JALAN TUN ISMAIL,PASAR BESAR KUANTAN,KUANTAN PAHANG",Pasar Basah ,Pahang,Kuantan
11587.0,LABUAN SUPERMARKET,"LOT 35-38 JALAN MUHIBBAH,P.O. BOX 80883,",Pasar Raya / Supermarket,W.P. Labuan,Kawasan Bandar
11588.0,ECONSAVE CASH & CARRY (TPJ) SDN BHD,"LOT 2-30,LORONG 16, TYCOON SQUARE, TAMAN PETANI JAYA,08000 SUNGAI PETANI, KEDAH.",Hypermarket,Kedah,Kuala Muda
11590.0,GM RETAIL & WHOLESALE (SP) SDN. BHD. (G MART),"PLOT 28, JALAN 7,KAWASAN PERUSAHAAN BAKAR ARANG,08000 SUNGAI PETANI,KEDAH.,",Pasar Raya / Supermarket,Kedah,Kuala Muda
11595.0,PASAR AWAM SALAK,"PEKAN SALAK,43900 SEPANG, SELANGOR,",Pasar Basah ,Selangor,Sepang
11598.0,GRAND UNION (SUNGAI PELEK),"G.U.S (SUNGAI PELEK) SDN. BHD,18, 19 & 20, JALAN BESAR,43950 SUNGAI PELEK, SEPANG, SELANGOR",Pasar Raya / Supermarket,Selangor,Sepang
11613.0,MYDIN RAWANG,"646, JALAN BANDAR RAWANG 8,PUSAT BANDAR RAWANG,48000 RAWANG, SELANGOR",Pasar Raya / Supermarket,Selangor,Rawang
11614.0,MERCATO ( SOLARIS MONT KIARA ),"LOT L-0-1, JALAN SOLARIS,MONT KIARA,",Pasar Raya / Supermarket,W.P. Kuala Lumpur,Segambut
11616.0,PASAR AWAM KG. KOH,"KAMPUNG KOH,32000 SITIAWAN,PERAK.",Pasar Basah ,Perak,Manjung
11617.0,PASAR BESAR MACHANG,"PASAR BESAR MACHANG,MACHANG KELANTAN,",Pasar Basah ,Kelantan,Machang
11618.0,PASAR SUNGAI BESI,"JALAN PEJABAT POS,SUNGAI BESI,",Pasar Basah ,W.P. Kuala Lumpur,Bandar Tun Razak
11619.0,HYPERMARKET PACIFIC,"NO 1-888 BATU PAHAT MALL,JALAN KLUANG, KAMPUNG BEROLEH,83000 BATU PAHAT, JOHOR.",Hypermarket,Johor,Batu Pahat
11621.0,THE STORE MUAR,"WETEX PARADE,JALAN ALI,84000 MUAR JOHOR",Pasar Raya / Supermarket,Johor,Muar
11622.0,AEON ( WANGSA MAJU ),"1ST FLOOR, ALPHA ANGLE SHOPPING CENTRE,JALAN R1, SEKSYEN 1 WANGSA MAJU,",Pasar Raya / Supermarket,W.P. Kuala Lumpur,Wangsa Maju
11623.0,TMC ( BANGSAR ),"NO. 27, LORONG ARA KIRI 1,LUCKY GARDEN, BANGSAR,",Pasar Raya / Supermarket,W.P. Kuala Lumpur,Lembah Pantai
11624.0,VILLAGE GROCER ( BANGSAR VILLAGE ),"G1, GROUND FLOOR, BANGSAR VILLAGE,NO.2, JALAN TELAWI 1,BANGSAR BARU,",Pasar Raya / Supermarket,W.P. Kuala Lumpur,Lembah Pantai
11626.0,CNF HYPERMARKET SDN BHD,"BLOK L,BANGUNAN CNF BEAUFORT JAYA,89807 BEAUFORT",Pasar Raya / Supermarket,Sabah,Beaufort
11627.0,PASARAYA ASTAKA,"TINGKAT 1, PASAR AWAM MAHARANI,JALAN SALLEH,84000 MUAR, JOHOR",Pasar Raya / Supermarket,Johor,Muar
11630.0,PASARAYA BUKIT INDAH ( TMN PUSAT KEPONG ),"NO.46-48, JALAN 5/40,TAMAN PUSAT KEPONG,",Pasar Raya / Supermarket,W.P. Kuala Lumpur,Kepong
11631.0,PASAR AWAM KUALA KUBU BHARU,"JALAN DATO MUDA JAAFAR,44000 KUALA KUBU BARU, SELANGOR,",Pasar Basah ,Selangor,Hulu Selangor
11632.0,BESTAMART SUPERMARKET SDN BHD,"LOT 126,BEAUFORT SENTRAL,89808 BEAUFORT",Pasar Raya / Supermarket,Sabah,Beaufort
11633.0,CHOON CHEONG DEPARTMENTAL STORE,"JALAN DATUK HJ. MOHD. YASSIN,89857 SIPITANG,",Pasar Raya / Supermarket,Sabah,Sipitang
11634.0,MERCATO ( HARTAMAS ),"G-26, LG FLOOR,HARTAMAS SHOPPING CENTRE,NO. 60, JALAN SRI HARTAMAS 1,",Pasar Raya / Supermarket,W.P. Kuala Lumpur,Segambut
11652.0,AEON (TAMAN MALURI ),"NO. 52, JALAN JEJAKA,TAMAN MALURI,",Pasar Raya / Supermarket,W.P. Kuala Lumpur,Cheras
11655.0,PASAR PAGI AWAM JALAN TELAWI,"PERSIARAN ARA KIRI, LUCKY GARDEN,BANGSAR BARU,",Pasar Basah ,W.P. Kuala Lumpur,Lembah Pantai
11656.0,CHECKERS CASH & CARRY ( TMN SRI SENTOSA ),"LOT 29-42 & 29-45, JALAN SRI SENTOSA 8,TAMAN SRI SENTOSA,OFF JALAN KLANG LAMA,",Pasar Raya / Supermarket,W.P. Kuala Lumpur,Lembah Pantai
11658.0,PASARAYA G-MACHE,"PT (B) 1, NO 8,9,10,HADAPAN PASAR BESAR MACHANG,Machang",Pasar Mini,Kelantan,Machang
11660.0,PASAR AWAM RASAH,"PASAR AWAM RASAH JAYA,JLN RJ 6/2TMN RASAH JAYA, SEREMBAN,",Pasar Basah ,Negeri Sembilan,Seremban
11664.0,LOTUSS (TESCO STORES (M) SDN BHD),"NO. 300,JALAN LAGENDA 1, LAGENDA HEIGHTS,08000 SUNGAI PETANI, KEDAH.",Hypermarket,Kedah,Kuala Muda
11669.0,LOTUS`S DESA TEBRAU,"NO. 1,TAMAN DESA TEBRAU,81100 JOHOR BHARU",Hypermarket,Johor,Johor Bahru
11677.0,PASAR KUBANG PASU,"PASAR KUBANG PASU,JALAN MASJID MUHAMMADI,",Pasar Basah ,Kelantan,Kota Bharu
11699.0,COLD STORAGE PLAZA PELANGI,"NO 2, JALAN KUNING,TAMAN PELANGI,80400 JOHOR BAHRU, JOHOR",Pasar Raya / Supermarket,Johor,Johor Bahru
11703.0,PASAR TANJUNG BUNGAH,"JALAN SUNGAI KELIAN,TANJUNG TOKONG,TANJUNG BUNGAH",Pasar Basah ,Pulau Pinang,Timur Laut
11711.0,SERVAY HYPERMARKET SANDAKAN,"BATU 8,JALAN LABUK,90000 SANDAKAN, SABAH.",Hypermarket,Sabah,Sandakan
11712.0,TAMU MUHIBBAH DAN PASAR BASAH MIRI,"98000 MIRI,SARAWAK,",Pasar Basah ,Sarawak,Miri
11716.0,DYNAJAYA HOLDINGS BERHAD,"BANDAR WILAYAH (JALAN BUNGA RAYA),91100 LAHAD DATU, SABAH,",Pasar Raya / Supermarket,Sabah,Lahad Datu
11718.0,PASAR BASAH PADANG BESAR,"TITI TINGGI,02100, PADANG BESAR, PERLIS,",Pasar Basah ,Perlis,Padang Besar
11719.0,RESTORAN & CAFE' FAMOSA,"NO. 20-C SIN HOE GARDEN,BUKIT BARU,75150 MELAKA",Restoran Cina,Melaka,Melaka Tengah
11726.0,PASAR BASAH AM KENINGAU,"PEKAN KENINGAU,",Pasar Basah ,Sabah,Keningau
11727.0,PASAR AM TENOM,"PEKAN TENOM,",Pasar Basah ,Sabah,Tenom
11728.0,PASAR AMPANGAN,"PASAR AWAM AMPANGAN,70400 AMPANGAN, SEREMBAN.,NEGERI SEMBILAN",Pasar Basah ,Negeri Sembilan,Seremban
11732.0,THE STORE TUANKU MUNAWIR,"43-A,JALAN TUANKU MUNAWIR,70000 SEREMBAN,NEGERI SEMBILAN.",Pasar Raya / Supermarket,Negeri Sembilan,Seremban
11737.0,PASAR BESAR SEREMBAN,"JLN PASAR BESAR SEREMBAN 70000,SEREMBAN NEGERI SEMBILAN,",Pasar Basah ,Negeri Sembilan,Seremban
11747.0,PASAR BASAH SIBUGA BT 8,"PASAR BASAH SIBUGA BT 8,Sandakan,Sandakan",Pasar Basah ,Sabah,Sandakan
11748.0,PASARAYA PERTUBUHAN PELADANG,"KM.11,JALAN KAKI BUKIT,02400 BESERI, PERLIS.",Pasar Raya / Supermarket,Perlis,Padang Besar
11749.0,PASARAYA BORONG DIN,"KM.11,JALAN PADANG BESAR,02400 BESERI, PERLIS.",Pasar Raya / Supermarket,Perlis,Padang Besar
11750.0,PASAR BESAR JERANTUT,"PASAR BESAR JERANTUT,JERANTUT,PAHANG,",Pasar Basah ,Pahang,Jerantut
11753.0,PASAR BESAR BUNGA CENGKIH,"KUALA LIPIS,PAHANG,",Pasar Basah ,Pahang,Lipis
11772.0,FRIENDLY SUPERMARKET,"72, LORONG TAPAH 1,BANDAR SARIKEI,SARIKEI",Pasar Raya / Supermarket,Sarawak,Sarikei
11786.0,PASAR BUKIT CINA,"PASAR BUKIT CINA,JLN PUTERI HANG LI POH,75000, MELAKA",Pasar Basah ,Melaka,Melaka Tengah
11793.0,GIANT PUTRA HEIGHTS,"NO. 3,PERSIARAN PUTRA PERDANA, PUTRA HEIGHTS,47650 SUBANG JAYA,SELANGOR",Hypermarket,Selangor,Petaling
11805.0,PASAR PORT DICKSON,"PASAR PORT DICKSON,71000 PORT DICKSON, NEGERI SEMBILAN,",Pasar Basah ,Negeri Sembilan,Port Dickson
11829.0,PASAR BUKIT SENTOSA,"JALAN ORKID 2,BUKIT SENTOSA,48000 RAWANG, SELANGOR",Pasar Basah ,Selangor,Hulu Selangor
11836.0,D'MART PERMAISURI,"NO. 11B BANGUNAN MDS,22100 BANDAR PERMAISURI,SETIU, TERENGGANU",Kedai Runcit,Terengganu,Setiu
11843.0,TESCO FOOD COURT,"LOT 1828, SEKSYEN 17,BANDAR KOTA BHARU,",Foodcourt,Kelantan,Kota Bharu
11844.0,TUNAS MANJA SUPERMARKET (KEMAMAN) S.B,"LOT 4638,MUKIM CHUKAI,24000 KEMAMAN TERENGGANU",Pasar Raya / Supermarket,Terengganu,Kemaman
11853.0,PASAR BASAH JERTEH,"PASAR BESAR AWAM JERTEH,22000 JERTEH,TERENGGANU.",Pasar Basah ,Terengganu,Besut
11874.0,PASAR BASAH BESAR KUALA BESUT,"JALAN PASAR KUALA BESUT,22300 BESUT,TERENGGANU",Pasar Basah ,Terengganu,Besut
11883.0,PASAR BASAH MPPP,"KOMPLEKS PASAR MPPP, LEBUH MACALLUM,LEBUH MACALLUM,GEORGETOWN",Pasar Basah ,Pulau Pinang,Timur Laut
11893.0,PASAR BEREK 12,"PASAR BEREK 12,JALAN BAYAM,",Pasar Basah ,Kelantan,Kota Bharu
11894.0,D'ONE MART,"LOT 11-16, LAZENDA COMMERCIAL CENTRE, 87028 WP LABUAN,LAZENDA COMMERCIAL CENTRE,",Pasar Raya / Supermarket,W.P. Labuan,Kawasan Bandar
11925.0,PASAR AWAM KUALA PILAH,"PASAR AWAM,72000 KUALA PILAHN.SEMBILAN,",Pasar Basah ,Negeri Sembilan,Kuala Pilah
11956.0,PASAR PADANG TEMBAK,"JALAN PADANG TEMBAK,TAMAN AYER ITAM,GEORGETOWN",Pasar Basah ,Pulau Pinang,Timur Laut
11972.0,JAYENGMAJU MINI MARKET SDN BHD,"NO. 20,21,22, LORONG MEWAH 8,TAMAN MEWAH, 34600 KAMUNTING,PERAK.,NO. 20,21,22, LORONG MEWAH 8,TAMAN MEWAH, 34600 KAMUNTING,PERAK.,",Pasar Mini,Perak,"Larut, Matang & Selama"
12000.0,PASAR BESAR KUALA KRAI,"BANDAR KUALA KRAI,KUALA KRAI,",Pasar Basah ,Kelantan,Kuala Krai
12002.0,GIANT KUANTAN,"LOT 5197,JALAN TANAH PUTIH,SEKSYEN 124, MUKIM KUALA KUANTAN,",Hypermarket,Pahang,Kuantan
12024.0,KOMPLEKS PASAR FARLIM,"BANDAR BARU AIR ITAM,LEBUHRAYA THEAN THEIK,AYER ITAM",Pasar Basah ,Pulau Pinang,Timur Laut
12025.0,ECONSAVE PAYA TERUBONG,"LEBUHRAYA THEAN THEIK,TAMAN LONE PINE,",Pasar Raya / Supermarket,Pulau Pinang,Timur Laut
12027.0,PASAR KAMPUNG MELAYU,"KAMPUNG MELAYU,AYER ITAM,",Pasar Basah ,Pulau Pinang,Timur Laut
12028.0,PASAR AYER ITAM,"JALAN AIR ITAM,PEKAN AIR ITAM,",Pasar Basah ,Pulau Pinang,Timur Laut
12077.0,ELLI SUPERMARKET,"NO.7,HAWKER CENTRE M.D.S,",Pasar Mini,Sarawak,Kota Samarahan
12092.0,RESTORAN BIRIYANI,"32040 SERI MANJUNG,PERAK.,PERAK.,",Restoran India Muslim,Perak,Manjung
12165.0,HOCK CHOON SUPERMARKET,"241-1,JALAN AMPANG,",Pasar Raya / Supermarket,W.P. Kuala Lumpur,Titiwangsa
12201.0,MY MYDIN TAMAN SRI MANJA,"JALAN PJS 3/48,SRI MANJA SQUARE ONE,46510 PETALING JAYA, SELANGOR",Pasar Raya / Supermarket,Selangor,Petaling Jaya
12272.0,KEDAI MAKANAN SERI FUJI SATU,"AG 9772,JALAN PASAR,73000 TAMPIN, NEGERI SEMBILAN",Restoran Cina,Melaka,Alor Gajah
12307.0,PASAR KECIL BAYAN LEPAS,"JALAN DATO ISMAIL HASHIM,11900 BAYAN LEPAS, PULAU PINANG,",Pasar Basah ,Pulau Pinang,Barat Daya
12352.0,LOTUSS STORE BERCHAM,"NO. 2, LALUAN TASEK TIMUR 6,TAMAN TASEKINDRA,OFF JALAN KG BERCHAM, 34100 IPOH, PERAK.",Hypermarket,Perak,Kinta
12356.0,MEDAN SELERA PARIT,"JALAN KELAB,32800 PARIT, PERAK,",Medan Selera,Perak,Perak Tengah
12411.0,PACIFIC HYPERMARKET KOMTAR,"NO 1,JALAN PENANG,GEORGE TOWN",Hypermarket,Pulau Pinang,Timur Laut
12487.0,"CHOP BEAN KEE, MANONG","JALAN SULTAN ISKANDAR SHAH,33000 KUALA KANGSAR, PERAK,",Restoran Cina,Perak,Kuala Kangsar
12587.0,PASAR MINI VI LIANG,"NO. 2791, JALAN ROZHAN, TAMAN INDUSTRI CEROK TOKUN, PULAU PINANG, 14000 BUKIT MERTAJAM,BUKIT MERTAJAM,",Pasar Mini,Pulau Pinang,Seberang Perai Tengah
12691.0,KEDAI BORONG DIN,"KEDAI BORONG DIN,TMN KEMAJUAN,01000 KANGAR",Pasar Raya / Supermarket,Perlis,Kangar
12713.0,PASARAYA ECONSAVE FOREST HEIGHT,"LOT PT 20987 & PT 20988.,SEREMBAN FOREST HEIGHT,70450 SEREMBAN,NEGERI SEMBILAN",Pasar Raya / Supermarket,Negeri Sembilan,Seremban
12740.0,PASAR AWAM ULU TIRAM,"PASAR AWAM ULU TIRAM,TAMAN TIRAM BARU,81800 ULU TIRAM, JOHOR",Pasar Basah ,Johor,Johor Bahru
12742.0,ECONSAVE TAMAN DESA CEMERLANG,"PASARAYA ECONSAVE CASH & CARRY ( TAMAN DESA CEMERLANG ),LOT PTD 60190, TAMAN DESA CEMERLANG, MUKIM TEBRAU,81800 JOHOR BAHRU, JOHOR",Pasar Raya / Supermarket,Johor,Johor Bahru
12743.0,AEON MALL TAMAN UNIVERSITI,"NO. 4, JALAN PENDIDIKAN,TAMAN UNIVERSITI,81300 SKUDAI, JOHOR BAHRU, JOHOR,",Pasar Raya / Supermarket,Johor,Johor Bahru
12745.0,PASAR AWAM TAMAN UNIVERSITI,"LOT PTD 55821 JALAN KEBANGSAAN 19,TAMAN UNIVERSITI,81300 SKUDAI, JOHOR",Pasar Basah ,Johor,Johor Bahru
12750.0,LOTUSS (TESCO SG. PETANI SELATAN),"LOT 368,JALAN BAKAR ARANG,08000 SUNGAI PETANI, KEDAH.",Hypermarket,Kedah,Kuala Muda
12755.0,ECONSAVE KOTA TINGGI,"ECONSAVE CASH & CARRY (DJ) SDN. BHD.,LOT 37087, TMN DAIMAN JAYA,81900 KOTA TINGGI",Pasar Raya / Supermarket,Johor,Kota Tinggi
12759.0,MERCATO ( GREAT EASTERN ),"NO.33,JALAN AMPANG,",Pasar Raya / Supermarket,W.P. Kuala Lumpur,Titiwangsa
12761.0,BESTAMART SUPERMARKET,"LOT 1-5, BLOCK C,LPPB SHOPHOUSE,89850 SIPITANG",Pasar Raya / Supermarket,Sabah,Sipitang
12762.0,G-MART SUPERMARKET,"GMART BORNEO RETAIL SDN BHD LOT 13-40,BLOCK C, 89850 SIPITANG, SABAH,",Pasar Raya / Supermarket,Sabah,Sipitang
12767.0,RESTORAN WARISAN NOOR,"4, JLN KEBUDAYAAN 7,TMN UNIVERSITI,81300 SKUDAI, JOHOR.",Restoran Melayu,Johor,Johor Bahru
12768.0,"FOOD COURT ARENA, AEON TMN UNIVERSITI","FOOD COURT ARENA, AEON TMN UNIVERSITI, 4, JLN PENDIDIKAN, TMN UNIVERSITI, 81300 SKUDAI, JOHOR.,",Foodcourt,Johor,Johor Bahru
12925.0,RESTORAN MUMMY R,"NO. 25 JALAN SURIA 19,TAMAN SURIA,81100 JOHOR BAHRU, JOHOR",Restoran Melayu,Johor,Johor Bahru
12926.0,RESTORAN ALIFF,"NO. 2 JALAN SURIA 19,TAMAN SURIA,81100 JOHOR BAHRU, JOHOR",Restoran India Muslim,Johor,Johor Bahru
12937.0,RESTORAN TA CHONG,"2, JLN KEBUDAYAAN 16, TMN UNIVERSITI, 81300 SKUDAI, JOHOR.,",Restoran Cina,Johor,Johor Bahru
12938.0,RESTORAN AYOB,"JALAN KEBUDAYAAN,TAMAN UNIVERSITI,81300 SKUDAI, JOHOR",Restoran India Muslim,Johor,Johor Bahru
13065.0,RESTORAN HEE HEE,"MT-1417,PUSAT PERDAGANGAN MASJID TANAH (FASA 11),78300 MASJID TANAH, MELAKA",Restoran Cina,Melaka,Alor Gajah
13081.0,FRESCO (MUAR) SDN BHD,"JALAN ARAB ,PEKAN MUAR,84000 MUAR,JOHOR",Pasar Raya / Supermarket,Johor,Muar
13119.0,SONGMART,"JALAN SAUJANA PERDANA 1,TAMAN SAUJANA,86000 KLUANG, JOHOR.",Pasar Raya / Supermarket,Johor,Kluang
13120.0,TARGET CASH & CARRY,"45,47,49,51,53, JALAN BINTANG RIA 2,TAMAN BINTANG RIA,86200 SIMPANG RENGGAM, JOHOR.",Pasar Raya / Supermarket,Johor,Kluang
13138.0,JAYA MINI MARKET ENTERPRISE,"PEKAN LUNDU,LUNDU, SARAWAK.,",Pasar Mini,Sarawak,Lundu
13283.0,"PASARAYA TUNJANG MELATI,TUNJANG","NO.2,3,4,5,PEKAN TUNJANG,06000 JITRA, KEDAH",Kedai Runcit,Kedah,Kubang Pasu
13320.0,D' PAYA TOMYAM,"JALAN PASIR MAS,TANAH MERAH,KELANTAN,",Restoran Melayu,Kelantan,Tanah Merah
13355.0,MURTABAK CORNER BIDOR,"MURTABAK CORNERJALAN SUNGKAI,35500 BIDOR,",Restoran India Muslim,Perak,Batang Padang
13369.0,TAMU KROKOP,"KROKOP 10,98000 MIRI,SARAWAK",Pasar Basah ,Sarawak,Miri
13370.0,RESTORAN WAJIB ALI BAGAN DALAM,"3917 JALAN BAGAN LUAR, 12000 BUTTERWORTH,",Restoran India Muslim,Pulau Pinang,Seberang Perai Utara
13380.0,RESTORAN QISTINA,"NO.96, JALAN PERSIARAN BUNGA RAYA, LANGKAWI MALL, 07000 KUAH, LANGKAWI, KEDAH.,",Restoran Melayu,Kedah,Langkawi
13423.0,RESTORAN KARI KEPALA IKAN SALIM BIDOR,"LOT 1138,PERSIMPANGAN PLAZA TOL, JALAN BRUSEH,35500 BIDOR.",Restoran India Muslim,Perak,Batang Padang
13451.0,RESTORAN SAFFANI,"54, PERSIARAN PULAI BARU 2,TAMAN MUDA, SIMPANG 31300 IPOH,",Restoran Melayu,Perak,Kinta
13475.0,SG SOK JAYA TRADING,"LOT 507,KG BARU MANEK URAI,",Kedai Runcit,Kelantan,Kuala Krai
13480.0,R-TINIE MINI MARKET,"603-2,KAMPUNG TELAGA PAPAN,24300, KERTEH KEMAMAN.",Kedai Runcit,Terengganu,Kemaman
13490.0,PASARAYA SHAKRI,"BANGUNAN KOPERASI PEKEBUN KECIL DAERAH BESUT,LOT 3314 & 3315,SEBERANG JERTEH JERTEH, TERENGGANU",Kedai Runcit,Terengganu,Besut
13526.0,GIANT SUPERMARKET SRI MANJA,"NO. 1, JLN PJS 3/61,TAMAN SRI MANJA,46000 PETALING JAYA, SELANGOR",Pasar Raya / Supermarket,Selangor,Petaling Jaya
13535.0,PASARAYA BILLION (HUTAN MELINTANG),"JALAN BAGAN DATOH,36400 HUTAN MELINTANG,PERAK",Pasar Raya / Supermarket,Perak,Bagan Datuk
13564.0,SAMSUDIN,"KG TELEKONG,KG TELEKONG,",Kedai Runcit,Kelantan,Kuala Krai
13578.0,RESTORAN MEE REBUS RAMLI SDN BHD S,"NO 767, TAMAN TASEK JAYA,JALAN KUALA KANGSAR, 31400 IPOH,",Restoran Melayu,Perak,Kinta
13589.0,RESTORAN BERIANI MAJU JAYA,"TAMAN SRI JAYA,35800 SLIM RIVER, PERAK,",Restoran India Muslim,Perak,Batang Padang
13627.0,PASARAYA KS CHU HARMONI,"PT 4954,4955,4957 & 4958,TAMAN KOTA HARMONI JALAN CHEMPAKA MERAH,TANAH MERAH KELANTAN.",Pasar Mini,Kelantan,Tanah Merah
13715.0,MYDIN WHOLESALE HYPERMARKET,"LOT 1724,SEKSYEN 14, JALAN RAJA PEREMPUAN ZAINAB II,16150 KUBANG KERIAN, KELANTAN.",Hypermarket,Kelantan,Kota Bharu
13729.0,WN BERKAT JAYA ENTERPRISE (ZAKUAN),"LOT 1070,PEKAN JELI,JELI,",Kedai Runcit,Kelantan,Jeli
13730.0,RESTORAN D'ANJUNG,"NO 4 GERAI ORKED JALAN PASIR MAS,TANAH MERAH,KELANTAN,",Restoran Melayu,Kelantan,Tanah Merah
13769.0,RESTORAN HAJI TAPAH,"NO.14, JALAN 2/21D, MEDAN IDAMAN,BATU 5, JALAN GOMBAK,",Restoran Melayu,W.P. Kuala Lumpur,Wangsa Maju
13782.0,KEDAI RUNCIT SORLINAZ,"KEDAI RUNCIT SORLINAZ,T.L8, KG PT. SEMPADAN LAUT,86400 PARIT RAJA JOHOR.",Kedai Runcit,Johor,Batu Pahat
13788.0,FAMILY STORE SEREMBAN 2,"S-TWO FAMILY STORE SDN. BHD919-922 J,ALAN S2 F23GARDEN HOMES SEREMBAN,27030 SEREMBAN, NEGERI SEMBILAN",Pasar Raya / Supermarket,Negeri Sembilan,Seremban
13789.0,MINI MARKET TAMAN INDAH,"TAMAN INDAH MINI MARKET,2651, TAMAN INDAH,TAMPIN NEGERI SEMBILAN",Pasar Mini,Negeri Sembilan,Tampin
13790.0,JUSCO QUEENSBAY MALL,"PERSIARAN BAYAN INDAH,SUNGAI NIBONG,PULAU PINANG",Pasar Raya / Supermarket,Pulau Pinang,Barat Daya
13791.0,PASARAYA BIDARA,"PASARAYA BIDARA,NO 1 & 3 LORONG BIDARA 9/1TAMAN BIDARA,SEREMBAN NEGERI SEMBILAN",Pasar Mini,Negeri Sembilan,Seremban
13792.0,"RESTORAN HABIB, BANDAR SERI ALAM","BANDAR SERI ALAM MASAI, JOHOR BAHRU,",Restoran India Muslim,Johor,Johor Bahru
13801.0,MINI MARKET YEE TAT,"YE TAT MINI MARKET,NO 2613 TAMAN INDAH,TAMPIN NEGERI SEMBILAN",Pasar Mini,Negeri Sembilan,Tampin
13807.0,KEDAI MAKAN MOK SU,"NO 48 KG IPOH GUAL IPOH,TANAH MERAH,KELANTAN,",Restoran Melayu,Kelantan,Tanah Merah
13811.0,RESTORAN AL-AZHAR CORNER,"NO.18, JALAN HARMONI,TAMAN HARMONI,86200 SIMPANG RENGGAM,JOHOR,",Restoran India Muslim,Johor,Kluang
13853.0,PASAR MINI PASARAYA 101,"13, JALAN PRIMA SETAPAK 5,PRIMA SETAPAK,",Pasar Mini,W.P. Kuala Lumpur,Wangsa Maju
13876.0,RESTORAN HAJJAH RUHANA,"NO 7, KOMPLEK AL-AZIM,TAMAN MALINJA,BUKIT BARU, 75250 MELAKA",Restoran Melayu,Melaka,Melaka Tengah
13903.0,PASAR MINI HOE AIK,"NO. 45 A/B JALAN BINTANG 1,TAMAN KOPERASI BAHAGIA,83000 BATU PAHAT, JOHOR",Pasar Mini,Johor,Batu Pahat
13904.0,HASRAH MINI MARKET (H.S. ENTERPRISE),"LOT 400, KG GUNTUNG DALAM,22100 BANDAR PERMAISURI,SETIU , TERENGGANU",Kedai Runcit,Terengganu,Setiu
13923.0,KEDAI UBAT DAN PASAR MINI FOH HIN,"NO.3G, JALAN 2/116B,KUCHAI ENTREPRENEURS PARK,OFF JALAN KUCHAI LAMA,",Kedai Runcit,W.P. Kuala Lumpur,Seputeh
13926.0,RESTORAN SALWA FOOD & CATERING SERVICES,"NO 19, JALAN BALAI,31900 KAMPAR,",Restoran Melayu,Perak,Kinta
13941.0,PASARAYA C-MART,"LOT 3968,KOMPLEKS ARAU,02600 ARAU, PERLIS",Pasar Raya / Supermarket,Perlis,Arau
13949.0,KEDAI RUNCIT NURHAYATI,"204B, KG. SUNGAI PENCHALA,JALAN DAMANSARA,",Kedai Runcit,W.P. Kuala Lumpur,Segambut
13974.0,RESTORAN MEE CHIN,"1212 TAMAN BENDAHARA,16100 JALAN PENG. CHEPA,",Restoran Cina,Kelantan,Kota Bharu
13993.0,V.M.A. TRADING KEDAI RUNCIT,"156, TAMAN JAYA,KEMAYAN, PAHANG.,",Kedai Runcit,Pahang,Bera
14024.0,TESCO HYPERMARKET RAWANG,"NO 1,JALAN RAWANG,48000 RAWANG SELANGOR",Hypermarket,Selangor,Rawang
14085.0,KEDAI SENG HENG,"31-33 LOT 19 JALAN SJ 5/1,BUKIT TAMAN SRI JAYA,SRI JAYA,MARAN,PAHANG.",Kedai Runcit,Pahang,Maran
14108.0,CHOP LEE HONG,"NO. 335, GROUND FLOOR, PEKAN MARUDI,98050 BARAM, SARAWAK,",Kedai Runcit,Sarawak,Marudi
14150.0,IDEA MINI MART,"NO 2 JALAN BAGAN TAMAN BAGAN  13400 BUTTERWORTH PULAU PINANG,TAMAN BAGAN,",Kedai Runcit,Pulau Pinang,Seberang Perai Utara
14179.0,MEDAN SELERA PLAZA LARKIN,"MEDAN SELERA PLAZA LARKIN, BANGUNAN D'MARA JLN GARUDA 80350 JOHOR BAHRU,",Medan Selera,Johor,Johor Bahru
14213.0,LOTUS'S KEPONG,"NO.3, JALAN 7A/62A,BANDAR MANJALARA,",Hypermarket,W.P. Kuala Lumpur,Segambut
14237.0,ECONSAVE CASH & CARRY SDN. BHD. KAMUNTING,"LOT 5830, JALAN PERUSAHAAN SATU, KAWASAN PERINDUSTRIAN KAMUNTING, 34600 KAMUNTING,LOT 5830, JALAN PERUSAHAAN SATU, KAWASAN PERINDUSTRIAN KAMUNTING, 34600 KAMUNTING,",Pasar Raya / Supermarket,Perak,"Larut, Matang & Selama"
14302.0,KAK YAH PADANG SEMBILAN,"90 1,TAMAN SRI RAHMAT,18000 KUALA KRAI, KELANTAN",Kedai Runcit,Kelantan,Kuala Krai
14305.0,FOOD COURT ( TESCO KEPONG ),"TESCO KEPONG,",Foodcourt,W.P. Kuala Lumpur,Segambut
14332.0,PASARAYA BS TANJONG GEMOK,"BH16, 17, 18 & 19,JALAN SEHALA TAMAN WAWASAN 01,TANJUNG GEMOK,KUALA ROMPIN",Pasar Raya / Supermarket,Pahang,Rompin
14371.0,TESCO BUKIT MERTAJAM,"NO 2323,JALAN ROZHAN, PUSAT PERNIAGAAN SERI IMPIAN,14000 BUKIT MERTAJAM, PULAU PINANG",Hypermarket,Pulau Pinang,Seberang Perai Tengah
14384.0,TAMU EMART,"PHASE 3, JALAN TUDAN,98107 TUDAN,MIRI, SARAWAK",Pasar Basah ,Sarawak,Miri
14406.0,PASARAYA ECONJAYA,"LOT 153 BANGUNAN MAJLIS DAERAH MACHANG,JALAN DATO HASHIM,MACHANG",Pasar Raya / Supermarket,Kelantan,Machang
14455.0,MY MYDIN ( DANAU SAUJANA ),"LOT NO. G22, PLATINUM LAKE CONDOMINUM,PV 12, NO 6, JALAN LANGKAWI,SETAPAK,",Pasar Raya / Supermarket,W.P. Kuala Lumpur,Wangsa Maju
14474.0,ECONSAVE CASH & CARRY (JAWI) SDN BHD,"LOT 326, LORONG INDUSTRI 7,14300 SEBERANG PERAI SELATAN, P. PINANG, MALAYSIA,",Pasar Raya / Supermarket,Pulau Pinang,Seberang Perai Selatan
14531.0,FRESH & PAY PADAWAN,"SUBLOT 32-37, LOT 2241-2246,M10 COMMERCIAL CENTRE, 10TH MILE,",Pasar Mini,Sarawak,Kota Padawan
14563.0,RESTORAN MANJUNG RAYA SDN BHD,"46-48, PERSIARAN SCI 2/1,SUNWAY CITY 31150 IPOH,",Restoran India Muslim,Perak,Kinta
14564.0,SABASUN WAKAF TEMBESU,"SABASUN HYPERRUNCIT 2 SDN. BHD.,LOT 30274, JALAN TENGKU OMAR,KG WAKAF TEMBESU, KUALA TERENGGANU",Pasar Raya / Supermarket,Terengganu,Kuala Nerus
14621.0,PASAR MINI TALANG,"LOT 6694,JALAN TAIPING TALANG,33000 KUALA KANGSAR, PERAK",Pasar Mini,Perak,Kuala Kangsar
14646.0,RESTORAN PIMAS,"NO 17, TAMAN DERDAP, PEKAN BARU SIK08200 SIK KEDAH,",Restoran Melayu,Kedah,Sik
14657.0,PASAR JALAN KUANTAN,"JALAN KUANTAN,GEORGETOWN,",Pasar Basah ,Pulau Pinang,Timur Laut
14660.0,PASAR BASAH GENTING,"TAMAN GENTING,11000 BALIK PULAU, PULAU PINANG,",Pasar Basah ,Pulau Pinang,Barat Daya
14661.0,AEON BIG SEKSYEN 23,"SEKSYEN 23,40300 SHAH ALAM, SELANGOR.,",Hypermarket,Selangor,Petaling
14662.0,GIANT KEMUNING UTAMA,"NO 3,JALAN KEMUNING PRIMA E33/E KEMUNING UTAMA, SEKSYEN 33,40400 SHAH ALAM, SELANGOR.",Hypermarket,Selangor,Petaling
14663.0,AEON BIG SEKSYEN 32,"SEKSYEN 32,40300 SHAH ALAM, SELANGOR.,",Hypermarket,Selangor,Petaling
14664.0,GIANT KLANG SENTRAL,"NO 2 PERSIARAN KLANG SENTRAL 4,TAMAN KLANG SENTRAL,41050 KLANG, SELANGOR.",Hypermarket,Selangor,Klang
14707.0,NINETY NINE STATION,"LOT 5188JALAN SAKEH84000 MUARJOHOR,",Restoran Cina,Johor,Muar
14739.0,GORAMAS TRADING,"LOT 2848,JALAN BUKIT GORAM,",Kedai Runcit,Sarawak,Kapit
14755.0,GOLDEN STAR MINI MARKET,"B-0-4, JALAN 2/17,TAMAN FADASON,KEPONG,",Pasar Mini,W.P. Kuala Lumpur,Kepong
14759.0,LOTUSS STORE MANJUNG,"TESCO MANJUNGNO. 103,JALAN LUMUT,SITIAWAN,PERAK",Hypermarket,Perak,Manjung
14778.0,RESTORAN SUP TAROM (KAK DA MEE CELUP),"LOT PT 3558, KG SG TAROM22100 BANDAR PERMAISURI SETIU TERENGGANU,",Restoran Melayu,Terengganu,Setiu
14783.0,KUBANG TIGA ENTERPRISE,"NO 4, JALAN SATU,TAMAN SENYUM INDAH,02600 ARAU PERLIS.",Kedai Runcit,Perlis,Arau
14784.0,RASHIDAH BT SENAPI,"NO.5, KM. 5,JALAN GUAR NANGKA,02500 MATA AYER, PERLIS",Kedai Runcit,Perlis,Padang Besar
14795.0,GIANT HYPERMARKET KELANA JAYA,"NO 33 JALAN SS6/12,SS6 KELANA JAYA,47301 PETALING JAYA,SELANGOR",Hypermarket,Selangor,Petaling Jaya
14803.0,TESCO KUALA SELANGOR,"NO 2, JALAN MEDAN NIAGA,MEDAN NIAGA KUALA SELANGOR,45000 KUALA SELANGOR, SELANGOR.",Hypermarket,Selangor,Kuala Selangor
14805.0,TESCO PUTRA NILAI,"NO 1, JALAN BBN 1/3,PUTRA POINT,71800 NILAI, NEGERI SEMBILAN.",Hypermarket,Negeri Sembilan,Seremban
14807.0,AEON KINTA CITY,"JUSCO IPOH,NO.2 JALAN TEH LEAN SWEE,TAMAN IPOH SELATAN, 31400 IPOH PERAK",Pasar Raya / Supermarket,Perak,Kinta
14811.0,AEON (SEREMBAN 2),"112,PERSIARAN S2 B1, SEREMBAN 2,70300 SEREMBAN, NEGERI SEMBILAN",Pasar Raya / Supermarket,Negeri Sembilan,Seremban
14819.0,DOUBLE ZI RESTAURANT,"LOT 9419, HS (M) 2050,BATU 26, MUKIM JERAM BATU81500 PEKAN NENAS,PONTIAN,JOHOR.,",Restoran Cina,Johor,Pontian
14824.0,NSK TRADE CITY ( KUCHAI LAMA ),"BASEMENT 2, PUSAT PERDAGANGAN KUCHAI,NO.2, JALAN 1/127,OFF JALAN KUCHAI LAMA,",Pasar Raya / Supermarket,W.P. Kuala Lumpur,Seputeh
14825.0,FOOD COURT TESCO SERI ALAM,"PTD 111515 JALAN RINTING MASAI, 81750 MASAI, JOHOR,",Foodcourt,Johor,Johor Bahru
14832.0,GIANT SUPERMARKET ( DESA PETALING ),"LOT 1-02, PLAZA SALAK PARK,NO.2, JALAN 1/125E,TAMAN DESA PETALING,",Pasar Raya / Supermarket,W.P. Kuala Lumpur,Bandar Tun Razak
14840.0,PANTAI SELAMAT (MUADZAM SHAH) SDN. BHD.,"NO. MM198-MM206,JALAN MEDAN MEWAH 12,BANDAR MUADZAM SHAH,MUADZAM SHAH,PAHANG DARUL MAKMUR.",Pasar Raya / Supermarket,Pahang,Rompin
14841.0,D'HAS CORNER,"D'HAS CORNERNO.2,KAWASAN REHAT & RAWAT,ARAH UTARA,35000 TAPAH.",Foodcourt,Perak,Batang Padang
14846.0,ANEKA SELERA(MEDAN SELERA),"ANEKA SELERANO.7 MEDAN SELERA BIDOR,35500 BIDOR.,",Medan Selera,Perak,Batang Padang
14855.0,KEDAI MAKAN DAN MINUM WAK MAN,"J 1827, BANDAR BARU 3,77000 JASIN, MELAKA,",Restoran Melayu,Melaka,Jasin
14858.0,RESTOREN SICKENTER,"NO.44,PEKAN BATU 5,08200 SIK KEDAH,",Restoran India Muslim,Kedah,Sik
14863.0,G*MART KENINGAU,"KENINGAU MALL,JLN MASAK SPUR (GR. FLOOR MALL),89000 KENINGAU, SABAH",Pasar Raya / Supermarket,Sabah,Keningau
14867.0,SHENG LIONG,"L 943, 944, 945,JALAN KESANG TUA,77000 JASIN, MELAKA",Kedai Runcit,Melaka,Jasin
14869.0,ECONSAVE CASH & CARRY SDN. BHD. KUALA PILAH,"PT 9, KOMPLEK WIRA JAYA, PUSAT KOMERSIAL MELANG,PUSAT KOMERSIAL MELANG,72000, KUALA PILAH  NEGERI SEMBILAN DARUL KHUSUS",Pasar Raya / Supermarket,Negeri Sembilan,Kuala Pilah
14883.0,PASAR JALAN ANSON,"JALAN ANSON,GEORGETOWN,",Pasar Basah ,Pulau Pinang,Timur Laut
14906.0,KASSIM MUSTAFA LEBUH CHULIA,"NO. 12, LEBUH CHULIA,GEORGETOWN,",Restoran India Muslim,Pulau Pinang,Timur Laut
14937.0,MEDAN SELERA DATARAN TANGKAK,"MEDAN SELERA DATARAN TANGKAK.84900 TANGKAK, LEDANGJOHOR,",Medan Selera,Johor,Ledang
14944.0,PASAR BASAH TRIANG (BERA),"PASAR BASAH TRIANG UTAMA,TRIANG, PAHANG,",Pasar Basah ,Pahang,Bera
14958.0,PASARAYA TAMAN SRI WANG,"NO. 137-E,TOK NAYA,02600 ARAU, PERLIS",Pasar Mini,Perlis,Arau
14964.0,PASARAYA JAYA GADING (TANJUNG LUMPUR),"LOT 36634,TANJUNG LUMPUR,KUANTAN PAHANG",Pasar Raya / Supermarket,Pahang,Kuantan
14969.0,LOT ONE FOOD CENTRE,"A1,GROUND FLOOR,TAMAN IMPIANKU,BATU 8 JALAN KUANTAN-SUNGAI LEMBING,25000 KUANTAN PAHANG,",Medan Selera,Pahang,Kuantan
15069.0,NAM LEONG DEPARTMENTAL STORE,"JALAN MASJID LAMA,BANDAR SARIKEI,SARIKEI",Pasar Raya / Supermarket,Sarawak,Sarikei
15081.0,MYDIN HYPERMARKET BUKIT JAMBUL,"LOWER GROUND, LOT 3A-B&G-M01,KOMPLEKS BUKIT JAMBUL , JALAN RUMBIA,11900 BAYAN LEPAS, PULAU PINANG.",Hypermarket,Pulau Pinang,Barat Daya
15092.0,PASARAYA MUTIARA KK,"EDARAN MUTIARA KK SDN. BHD.,NO. 18A, LOT 3834, JALAN BALING,KUALA KETIL KEDAH",Pasar Raya / Supermarket,Kedah,Baling
15112.0,PASAR BASAH BATU 6,"KAMPUNG BATU ENAM,KUALA NERUS,",Pasar Basah ,Terengganu,Kuala Nerus
15118.0,PASAR BASAH ROMPIN,"JALAN PASAR ROMPIN,KUALA ROMPIN,",Pasar Basah ,Pahang,Rompin
15119.0,PREMIS PERNIAGAAN PKNP KUALA TAHAN,"NO.1 PUSAT PERTUBUHAN BARU,KEDAI PKNP KUALA TAHAN,JERANTUT PAHANG",Kedai Runcit,Pahang,Jerantut
15120.0,KAWASAN PERNIAGAAN FELDA KOTA GELANGGI,"KEDAI NO.7,FELDA KOTA GELANGI 2,JERANTUT PAHANG",Kedai Runcit,Pahang,Jerantut
15123.0,ECONSAVE CASH & CARRY RAJA UDA,"NO 1, LORONG TERAS JAYA 6, KAW. PERINDUSTRIANTERAS JAYA, 13400 BUTTERWORTH , PULAU PINANG,KAW. PERINDUSTRIAN TERAS JAYA,",Pasar Raya / Supermarket,Pulau Pinang,Seberang Perai Utara
15192.0,PASARAYA PKT SDN BHD,"PT 5462-PT 5468,BANDAR BARU KUALA KRAI- GUA MUSANG,",Pasar Raya / Supermarket,Kelantan,Kuala Krai
15201.0,PASARAYA PANTAI TIMUR SDN. BHD,"LOT PT5474-PT5488,JALAN LKS,",Pasar Raya / Supermarket,Kelantan,Kuala Krai
15284.0,ENG HOE MINI MARKET,"K-702, TAMAN MOHD NOOR YUSOF,JALAN AIR PUTEH,24000, KEMAMAN TERENGGANU.",Pasar Mini,Terengganu,Kemaman
15344.0,NASI KERABU SPECIAL,"KAMPUNG KULIM,JELI KELANTAN,",Restoran Melayu,Kelantan,Jeli
15347.0,SIN CHERN MINI MARKET,"NO. 20, TAMAN UTARA RAYA,,JALAN BESAR KUALA PERLIS,02000 KUALA PERLIS, PERLIS.",Kedai Runcit,Perlis,Kangar
15376.0,PASAR MINI SAMUDERA SWEET LOCATION S.B,"1966, TAMAN SAMUDERA TIMUR,JALAN AIR PUTEH, 2,24000 KEMAMAN, TERENGGANU.",Pasar Mini,Terengganu,Kemaman
15382.0,TESCO SEREMBAN JAYA,"N0 12264, JALAN SEREMBAN JAYA,TAMAN SEREMBAN JAYA,70400 SEREMBAN, NEGERI SEMBILAN,",Hypermarket,Negeri Sembilan,Seremban
15389.0,ECONSAVE CASH AND CARRY ( SETAPAK CENTRAL ),"LOT G-01, SETAPAK CENTRAL,NO. 67, JALAN TAMAN IBU KOTA,DANAU KOTA,",Pasar Raya / Supermarket,W.P. Kuala Lumpur,Wangsa Maju
15411.0,IN ENG MINI MARKET,"NO. 43,,JLN TMN KOTA JAYA LUAR,,TMN PURA JAYA",Pasar Mini,Perak,"Larut, Matang & Selama"
15427.0,PASARAYA TANAH MERAH,"PEKAN TANAH MERAH,06700 PENDANG, KEDAH,",Pasar Mini,Kedah,Pendang
15458.0,PASAR MINI 99 SPEEDMART PRESINT 9,"T.001-U.01,NO. 1 JALAN P9 E/1,PRESINT 9, 62250 PUTRAJAYA.",Pasar Mini,W.P. Putrajaya,Wp Putrajaya
15467.0,SURIANA YASIN/KEDAI RUNCIT HARUN,"LOT 2496, KG. BUKIT CINA,JALAN PASIR AKAR,22000 JERTEH, TERENGGANU",Kedai Runcit,Terengganu,Besut
15476.0,TUNAS MANJA TEMERLOH,"PUSAT PERNIAGAAN CHENGAL 2,JALAN MENTAKAB TEMERLOH,TEMERLOH, PAHANG",Pasar Raya / Supermarket,Pahang,Temerloh
15479.0,KAK NAB NASI AYAM,"BATARAN MAKAN-MAKAN JELI,BANDAR JELI,",Restoran Melayu,Kelantan,Jeli
15503.0,MAHABBAH KHALIFAH MINI MARKET,"LOT 347,KG WAKAF LANAS,",Pasar Mini,Kelantan,Pasir Puteh
15504.0,FAEZ MAJU RESOURCES,"PT 589 WAKAF LANAS,JALAN KOTA BHARU,",Pasar Mini,Kelantan,Pasir Puteh
15522.0,PASAR BASAH PADANG TENGKU,"PEKAN PADANG TENGKU,KUALA LIPIS, PAHANG,",Pasar Basah ,Pahang,Lipis
15524.0,PASAR AWAM KULAI,"PASAR AWAM KULAI,TAMAN KULAI,81000 KULAI JOHOR",Pasar Basah ,Johor,Johor Bahru
15525.0,LOTUSS STORE SERI ISKANDAR,"NO.1,JALAN SUSUR UTAMA,SERI ISKANDAR,PERAK.",Pasar Raya / Supermarket,Perak,Perak Tengah
15531.0,FAMILY SHOPPING MART,"MUTIARA NIAGA, KD6- KD10, TAMAN MUTIARA, SUNGAI DEDAUN, 87000 WP LABUAN,",Pasar Raya / Supermarket,W.P. Labuan,Kawasan Luar Bandar
15535.0,TESCO TANJUNG PINANG,"JALAN SRI TANJUNG PINANG,TANJUNG TOKONG,",Hypermarket,Pulau Pinang,Timur Laut
15536.0,AEON BIG BUKIT TENGAH,"NO 9, TINGKAT BUKIT MINYAK 1,TAMAN BUKIT MINYAK,14000 BUKIT MERTAJAM, PULAU PINANG.",Hypermarket,Pulau Pinang,Seberang Perai Tengah
15537.0,PASAR AWAM BAHAU,"PASAR AWAM BAHAU,72100 BAHAU,NEGERI SEMBILAN,",Pasar Basah ,Negeri Sembilan,Bahau
15541.0,WAN LAI,"96100 SARIKEI,",Restoran Cina,Sarawak,Sarikei
15542.0,YEN YI,"96100 SARIKEI,",Restoran Cina,Sarawak,Sarikei
15552.0,KEDAI KOPI SU GUAN,"NO 7 JALAN RAYA GUAR CHEMPEDAK08800 GUAR CHEMPEDAKKEDAH,",Restoran Cina,Kedah,Yan
15553.0,PASARAYA PANTAI TIMOR JERTEH,"LOT 4125-4136,JALAN ZAINAL ABIDIN,22000 JERTEH TERENGGANU",Pasar Raya / Supermarket,Terengganu,Besut
15556.0,H&L KUCHING SENTRAL,"PARCEL 100, 6TH MILES, JALAN PENRISSEN,KUCHING SENTRAL,SARAWAK",Pasar Raya / Supermarket,Sarawak,Kuching
15563.0,PASAR BORONG WAKAF CHE YEH,"PASAR BORONG WAKAF CHE YEH,,JALAN KUALA KRAI,",Pasar Basah ,Kelantan,Kota Bharu
15575.0,D & J MINI MARKET,"NO 44,ENGKILILI BAZAAR,95800 ENGKILILI.,NO 44,ENGKILILI BAZAAR,95800 ENGKILILI.,",Kedai Runcit,Sarawak,Engkelili
15576.0,PASAR MINI YONG FATT,"PT23-P,JALAN AIR JERNIH,KEMASIK, KEMAMAN,",Pasar Mini,Terengganu,Kemaman
15578.0,PASAR MINI THAI KA,"4935 & 4936,MASJID TANAH,78300, MELAKA",Pasar Mini,Melaka,Alor Gajah
15580.0,KEDAI RUNCIT ZUL-FAR JAYA ENTERPRISE,"NO.13, JALAN TAMAN MELATI 13,TAMAN MELATI,",Kedai Runcit,W.P. Kuala Lumpur,Wangsa Maju
15581.0,KEDAI RUNCIT HALIM SUPPLY,"NO.38, JALAN TAMAN MELATI 13/5,TAMAN MELATI,",Kedai Runcit,W.P. Kuala Lumpur,Wangsa Maju
15582.0,RESTORAN ALYKAN JAM BESAR,"TINGKAT BAWAH WISMA PAHLAWAN,JALAN ISMAIL,",Restoran India Muslim,Kelantan,Kota Bharu
15587.0,KEDAI KOPI ANN HIN,"3415-A,JLN SULTANAH ZAINAB,",Restoran Cina,Kelantan,Kota Bharu
15590.0,MUTIARA CORNER,"MUTIARA CORNER,JALAN DATO' PATI,",Restoran Melayu,Kelantan,Kota Bharu
15591.0,IDAMAN SURI CORNER BAGAN DALAM,"NO 10, LORONG CANTIK 2,TAMAN CANTIK,JALAN PERMATANG PAUH, 13400 BUTTERWORTH,",Restoran Melayu,Pulau Pinang,Seberang Perai Utara
15592.0,KEDAI MINUMAN DAN MAKANAN BUKIT EMAS,"4702, JALAN PERMATANG PAUH, BUTTERWORTH,",Restoran Cina,Pulau Pinang,Seberang Perai Utara
15600.0,KEDAI MAKAN DAN MINUM KAH HIANG,"KEPALA BATAS,",Restoran Cina,Pulau Pinang,Seberang Perai Utara
15602.0,RESTORAN NASI KANDAR SHAHUL HAMID BERTAM INDAH,"TAMAN BERTAM INDAHKEPALA BATAS,",Restoran India Muslim,Pulau Pinang,Seberang Perai Utara
15606.0,TARGET SUPERMARKET,"JALAN BESAR,86200 SIMPANG RENGGAM, JOHOR.,",Pasar Raya / Supermarket,Johor,Kluang
15611.0,RESTORAN CUBA RASA ABC,"NO.1, FLORA UTAMA 2,TAMAN FLORA UTAMA,83000 BATU PAHAT,JOHOR.,",Restoran India Muslim,Johor,Batu Pahat
15613.0,KEPONG KOPITIAM,"LEVEL G, BREM MALL,NO.1, JALAN JAMBU MAWAR,OFF JALAN BESAR KEPONG",Restoran Cina,W.P. Kuala Lumpur,Kepong
15614.0,RESTORAN ALI MAJU ( KEPONG ),"VISTA MAGNA, JALAN PRIMA 5, METRO PRIMA,            52100 KEPONG,  KUALA LUMPUR,",Restoran India Muslim,W.P. Kuala Lumpur,Kepong
15616.0,FOOD COURT ( AEON BIG KEPONG ),"NO 2, JLN METRO PERDANA, TMN USAHAWAN KEPONG, 52100 KL.,",Foodcourt,W.P. Kuala Lumpur,Kepong
15618.0,LAM SENG CAFE,"TAMAN SULTAN BADLISHAH, JALAN PEGAWAI, 05050 ALOR SETAR, KEDAH,05050 ALOR SETAR, KEDAH,",Restoran Cina,Kedah,Kota Setar
15620.0,KEDAI NASI CAMPUR AWET MUDA,"NO.58,SUNGAI DUA, PULAU PINANG,",Restoran Melayu,Pulau Pinang,Barat Daya
15621.0,PELITA SAMUDERA PERTAMA SUNGAI DUA,"723L-G,723M-G,723N-G,723P-G,JALAN SUNGAI DUA,11700 PULAU PINANG,",Restoran India Muslim,Pulau Pinang,Barat Daya
15623.0,FOODCOURT TESCO EXTRA SUNGAI DUA,"NO. 675, JALAN SUNGAI DUA,11700 SUNGAI DUA, PULAU PINANG,",Foodcourt,Pulau Pinang,Barat Daya
15631.0,RESTORAN 23 MIXED RICE,"NO.23, JLN MEGA MENDUNG,TMN UNITED,58200 KUALA LUMPUR,",Restoran Cina,W.P. Kuala Lumpur,Seputeh
15645.0,RESTORAN UKHWAH ( UKHWAH KATERING ),"NO.2-28, LORONG MEDAN TUANKU 1, 50300 KUALA LUMPUR,",Restoran Melayu,W.P. Kuala Lumpur,Bukit Bintang
15647.0,RESTORAN SOON TECK,"E7,8 & 9, 4TH FLOOR, SUNGEI WANG PLAZA,JLN SULTAN ISMAIL,50250 KUALA LUMPUR,",Restoran Cina,W.P. Kuala Lumpur,Bukit Bintang
15648.0,FOOD COURT SOGO,"6TH FLOOR, KOMPLEKS PERNAS SOGONO.190, JLN TUANKU ABDUL RAHMAN,50100 KUALA LUMPUR,",Foodcourt,W.P. Kuala Lumpur,Bukit Bintang
15653.0,99 SPEED MART (JLN TIONG NAM),"NO. 2-1 (GROUND & MEZZANINE FLOOR),JALAN TIONG NAM,",Pasar Mini,W.P. Kuala Lumpur,Bukit Bintang
15655.0,AS BORONG & RUNCIT,"DEPAN KUIL INDIA,16200 TUMPAT, KELANTAN.,TUMPAT,",Kedai Runcit,Kelantan,Tumpat
15664.0,PASARAYA BS KUALA ROMPIN SDN. BHD.,"NO.75, 77, 78, 79 & 80, JALAN PASAR,LOT 5002 & LOT 5003, SEK. 1,KUALA ROMPIN,PAHANG DARUL MAKMUR.",Pasar Raya / Supermarket,Pahang,Rompin
15666.0,IMRAN NASI KANDAR,"JALAN TENGKU ABDUL RAHMAN,TAMAN ANGGERIK,ALOR SETAR,KEDAH,",Restoran India Muslim,Kedah,Kota Setar
15687.0,RESTORAN RESTU ILAHI SERI MANJUNG,"JALAN KAMPUNG CINA,32040 SERI MANJUNG, PERAK,",Restoran Melayu,Perak,Manjung
15692.0,MEDAN SELERA ASTAKA,"NO.2, ASTAKA, SERI SERDANG,32000 SITIAWAN, PERAK,",Medan Selera,Perak,Manjung
15694.0,FOODCOURT TESCO MERGONG,"BANDAR BARU MERGONG,05150 ALOR SETAR, KEDAH.,",Foodcourt,Kedah,Kota Setar
15699.0,RUMAH GEMILANG ENTERPRISE,"(PASAR MINI ANAK YATIM),NO.60, BANGUNAN RUMAH KEDAI,08200 SIK, KEDAH DARUL AMAN.",Pasar Mini,Kedah,Sik
15701.0,"PASAR MINI CHIN HUAT TAN,","NO 3 & 4, BANGUNAN KOPERASI SEBERANG PEKAN MDS,PEKAN SIK,08200 SIK, KEDAH.",Pasar Mini,Kedah,Sik
15707.0,ECONSAVE KLUANG,"LOT 1307 & 1308,JALAN MERSING-KLUANG,86000 KLUANG,JOHOR.,",Pasar Raya / Supermarket,Johor,Kluang
15709.0,KOPITIAM YAT SAN,"NO 31, JALAN 5/76B,DESA PANDAN,",Restoran Cina,W.P. Kuala Lumpur,Titiwangsa
15714.0,PASAR MINI PASARAYA KK,"JALAN AU 3/21,TAMAN KERAMAT,",Pasar Mini,W.P. Kuala Lumpur,Setiawangsa
15719.0,RESTORAN ALI MAJU (SETIAWANGSA),"NO 1, JLN AU 1A/4B, TMN KERAMAT PERMAI, 54200 KL.,",Restoran India Muslim,W.P. Kuala Lumpur,Setiawangsa
15720.0,FOOD COURT ( AEON AU2 ),"NO 6, TMN SETIAWANGSA, AU2 TMN KERAMAT, 54200 KL.,",Foodcourt,W.P. Kuala Lumpur,Setiawangsa
15722.0,MEDAN SELERA JLN USAHAWAN ( IQAH CORNER ),"NO 16, MEDAN SELERA, JLN USHAWAN, SETAPAK, 53100 KL.,",Medan Selera,W.P. Kuala Lumpur,Setiawangsa
15724.0,FOOD COURT ( ARENA - AEON MALURI ),"GROUND FLOOR, AEON TAMAN MALURI,JALAN JEJAKA,TAMAN MALURI",Foodcourt,W.P. Kuala Lumpur,Cheras
15726.0,MEDAN SELERA PUSAT PENJAJA TAMAN MALURI,"JALAN JEJAKA,TAMAN MALURI,",Medan Selera,W.P. Kuala Lumpur,Cheras
15732.0,MEDAN SELERA JALAN DUTA,"JALAN SULTAN HJ AHMAD SHAHKOMPLEKS KERAJAAN, 50480 KUALA LUMPUR,",Medan Selera,W.P. Kuala Lumpur,Segambut
15733.0,RESTORAN D'TIMUR,"E - 45 JLN 17/42, TMN KOK DOH, 51200 KL.,",Restoran Melayu,W.P. Kuala Lumpur,Segambut
15735.0,ALI FOOD'S CORNER,"C-01-G M AVENUE, JLN SEGAMBUT, 51200 KL.,",Restoran India Muslim,W.P. Kuala Lumpur,Segambut
15750.0,AEON BIG PUCHONG UTAMA,"LOT 4029,PERSIARAN PUCHONG UTAMA,47100, PUCHONG, SELANGOR.",Hypermarket,Selangor,Petaling
15763.0,MAZNIRA TRADING,"RKT KESEDAR PALOH 2,PALOH 2,",Kedai Runcit,Kelantan,Gua Musang
15766.0,RESTOREN MESRA WANGI,"LOT PT 7747 TAMAN MESRA,JALAN PERSIARAN RAYA,GUA MUSANG, KELANTAN.",Restoran Melayu,Kelantan,Gua Musang
15767.0,PRESTIG DAGANGAN GROUP (R&R),"REHAT & RAWAT GUA MUSANG,RANTAU MANIS,GUA MUSANG",Foodcourt,Kelantan,Gua Musang
15768.0,IRDINA NASI KUKUS,"NO.1 KEDAI MAKAN JALAN PEKAN LAMA,GUA MUSANG,",Restoran Melayu,Kelantan,Gua Musang
15770.0,MEDAN SELERA GUAR CHEMPEDAK,"ST1-6 DATARAN MARA,08800 GUAR CHEMPEDAK,KEDAH.,",Medan Selera,Kedah,Yan
15777.0,KEDAI MAKAN AH CHEW,"309 KAWASAN IKS SIK,PEKAN SIK,KEDAH,",Restoran Cina,Kedah,Sik
15782.0,PASARAYA KEDAWANG SDN. BHD.,"LOT 399,MUKIM KEDAWANG,07100 LANGKAWI, KEDAH",Pasar Mini,Kedah,Langkawi
15783.0,UN LEE ENTERPRISE,"SIMPANG 4,AYER HANGAT,07000 LANGKAWI, KEDAH",Kedai Runcit,Kedah,Langkawi
15784.0,SIN BEE HUP,"NO.5,ARKED POKOK ASAM, LANGKAWI MALL,07000 LANGKAWI KEDAH",Kedai Runcit,Kedah,Langkawi
15785.0,PASARAYA BORONG KH NIZAM,"LOT 1731,KAMPUNG BOHOR, MUKIM BOHOR,07000 LANGKAWI, KEDAH.",Pasar Mini,Kedah,Langkawi
15786.0,EMPORIUM LABUAN SHOPPING MART,"IR7/12- 1R12/16,MANMOHAN WAREHOUSE, JALAN PATAU- PATAU II, P.O. BOX 80792,",Pasar Raya / Supermarket,W.P. Labuan,Kawasan Luar Bandar
15788.0,ROBINA RESTORAN,"TELUK AIR TAWAR,",Restoran Melayu,Pulau Pinang,Seberang Perai Utara
15800.0,KEDAI QAF HA YA AIN SOD,"NO.66, KG.GUNTUNG LUAR,22040 SETIU,TERENGGANU",Kedai Runcit,Terengganu,Setiu
15801.0,D'MART CHALOK,"FELDA TRADING SDN BHD,D'MART CHALOK,21450 SETIU, TERENGGANU",Kedai Runcit,Terengganu,Setiu
15808.0,NASI KERABU GOLOK,"DEPAN LITAR MEMANDU MACHANG,JLN PASIR PUTIH,",Restoran Melayu,Kelantan,Machang
15820.0,SERVAY HYPERMARKET (S) S/B LAHAD DATU,"LOT 256-271,BANDAR SRI PERDANA PHASE 3,91100 LAHAD DATU, SABAH.",Hypermarket,Sabah,Lahad Datu
15822.0,99 SPEED MART ( TMN PANTAI INDAH ),"NO.11(G), JALAN 2/112F,TAMAN PANTAI INDAH,OFF JALAN PANTAI DALAM,",Pasar Mini,W.P. Kuala Lumpur,Lembah Pantai
15826.0,KEDAI RUNCIT BONDA,"BERHADAPAN KOLEJ MARA ,KUALA NERANG,06300 KUALA NERANG,KEDAH.",Kedai Runcit,Kedah,Padang Terap
15827.0,PASARAYA YOHOMAS,"PASARAYA YOHOMAS SDN BHD SUA LEE KUAN,NO 54,55 PEKAN BARU KUALA NERANG,06300 KUALA NERANG,KEDAH",Pasar Mini,Kedah,Padang Terap
15840.0,RESTORAN  NASI KANDAR CAHAYA,"NO. 38, JALAN SATRIA PUSAT BANDAR,34200 PARIT BUNTAR, PERAK,",Restoran India Muslim,Perak,Kerian
15841.0,KEDAI KOPI DAN MAKANAN NAM HUAT,"PUSAT BANDAR PARIT BUNTAR,34200 PARIT BUNTAR, PERAK.,",Restoran Cina,Perak,Kerian
15843.0,HALIM KARI SEMBILANG,"NO. 1 GERAI MDK,34350 KUALA KURAU, PERAK,",Restoran Melayu,Perak,Kerian
15845.0,KEDAI KOR LAU,"NO. 57, STALL BAZAR,JALAN BESAR,34350 KUALA KURAU,PERAK,",Restoran Cina,Perak,Kerian
15859.0,MEDAN SELERA AYER KEROH,"GERAI NO 8,LEBUH AYER KEROH,75450 AYER KEROH, MELAKA",Medan Selera,Melaka,Melaka Tengah
15861.0,MEDAN SELERA MERLIMAU (SELERA 1 MALAYSIA),"GERAI NO 1, MEDAN SELERA MERLIMAU,JALAN JASIN,77300 MERLIMAU, MELAKA",Medan Selera,Melaka,Jasin
15862.0,MEDAN SELERA DATARAN SRI ANGKASA JAYA,"JALAN 4/112A, TMN BUKIT ANGKASA59200 KUALA LUMPUR,",Medan Selera,W.P. Kuala Lumpur,Lembah Pantai
15863.0,RESTORAN VARGINA,"NO.17, JALAN PANTAI MURNI 6,JALAN PANTAI DALAM,59200 KUALA LUMPUR,",Restoran India Muslim,W.P. Kuala Lumpur,Lembah Pantai
15866.0,FOOD COURT ( AEON WANGSA MAJU ),"SEKSYEN 1,WANGSA MAJU, KUALA LUMPUR,",Foodcourt,W.P. Kuala Lumpur,Wangsa Maju
15867.0,MEDAN SELERA ANIKA,"SEKSYEN 1,WANGSA MAJU, KUALA LUMPUR,",Medan Selera,W.P. Kuala Lumpur,Wangsa Maju
15869.0,RESTORAN NASI KANDAR DEEN ( TMN DANAU KOTA ),"23, PV12, PLATINUM LAKE CONDONO.6, JLN LANGKAWI,TAMAN DANAU KOTA53300 KUALA LUMPUR,",Restoran India Muslim,W.P. Kuala Lumpur,Wangsa Maju
15872.0,MEDAN SELERA PUTRA LAUT,"64, JALAN PUTRA, KUALA LUMPUR,",Medan Selera,W.P. Kuala Lumpur,Batu
15875.0,FOOD COURT ( TESCO EXTRA SELAYANG ),"1ST FLOOR, TESCO EXTRA SELAYANG1081, JALAN IPOH,51200 SELAYANG, KUALA LUMPUR,",Foodcourt,W.P. Kuala Lumpur,Batu
15878.0,BUKIT SIPUT FOOD COURT (MY SEGAMAT KOPITIAM),"BUKIT SIPUT FOOD COURT, NO 1, TAMAN INDAH, BUKIT SIPUT, 85020 SEGAMAT, JOHOR.,",Restoran Cina,Johor,Segamat
15879.0,GERAI JAB. KERJA RAYA,"JLN GUDANG UBAT, 85000 SEGAMAT, JOHOR.,",Foodcourt,Johor,Segamat
15880.0,PASARAYA PANTAI TIMUR (TEPI PASAR KUALA BESUT),"PASARAYA PANTAI TIMUR (PASIR MAS) SDN. BHD.,CAWANGAN KUALA BESUT,CO.NO. 781710-K,LOT 2812, JALAN SEMERAK, MUKIM KUALA BESUT,22300 KUALA BESUT, TERENGGANU",Pasar Raya / Supermarket,Terengganu,Besut
15881.0,TRELEAF SEB TAKIR,"H-LAI MART SDN. BHD.,HADAPAN SEKOLAH MENENGAH IBRAHIM FIKRI,SEBERANG TAKIR,",Pasar Mini,Terengganu,Kuala Nerus
15884.0,T'KAFE FOODCOURT KUALA TERENGGANU,"JALAN PADANG HILIRAN,KUALA TERENGGANU,TERENGGANU",Foodcourt,Terengganu,Kuala Terengganu
15885.0,RESTORAN AZ SELERA TIMUR,"NO.47 JALAN HILIRAN MASJID,KUALA TERENGGANU,",Restoran Melayu,Terengganu,Kuala Terengganu
15901.0,QEYJAN TRADING,"LOT 310, JALAN BUKIT MOK MEK,22000 JERTEH, TERENGGANU",Kedai Runcit,Terengganu,Besut
15903.0,MYDIN MERU RAYA,"PT 229142, JALAN MERU BESTARI B2,BANDAR MERU RAYA,30020 IPOH PERAK.",Hypermarket,Perak,Kinta
15913.0,ALIAS MINI MARKET,"NO.3 BANGUNAN MARA,MARANG,TERENGGANU,",Pasar Mini,Terengganu,Marang
15917.0,ABD WAHAB ABD KADIR (RHU MUDA),"LOT 1032F,KG RHU MUDA,",Kedai Runcit,Terengganu,Marang
15924.0,TESCO HYPERMARKET PARADIGM MALL,"LOWER GROUND FLOOR PARADIGM MALL,JALAN SS 7/26 SS7,47301 PETALING JAYA, SELANGOR.",Hypermarket,Selangor,Petaling Jaya
15926.0,MAHANI SAID,"122A, KG ALOR PEROI,22300 KUALA BESUT,TERENGGANU",Kedai Runcit,Terengganu,Besut
15931.0,THE SPRING FOOD BAZAAR,"THE SPRING, JALAN SIMPANG TIGA93300 KUCHING, SARAWAK,",Foodcourt,Sarawak,Kuching
15936.0,PASARAYA PANTAI TIMOR (PASIR PUTEH) SDN BHD,"PT 582-PT 591,SEKSYEN 2 BANDAR PASIR PUTEH,",Pasar Raya / Supermarket,Kelantan,Pasir Puteh
15939.0,RESTORAN PUTRI CAFE,"NO. 9, JALAN BAWAL,TAMAN SERI TENGGARA,34200 PARIT BUNTAR, PERAK",Restoran Melayu,Perak,Kerian
15948.0,MYDIN WHOLESALE HYPERMARKET ALOR SETAR,"NO 888, JALAN ALOR MENGKUDU,TAMAN SAGA,05400 ALOR SETAR, KEDAH.",Hypermarket,Kedah,Kota Setar
15949.0,PACIFIC ALOR STAR MALL,"G-888, GROUND FLOOR & 1-888, FIRST FLOOR,KAWASAN PERUSAHAAN TANDOP BARU,05400 ALOR SETAR, KEDAH.",Hypermarket,Kedah,Kota Setar
15950.0,LOTUSS STORE (TESCO STARGATE),"NO 1, SUSURAN STARGATE, 05400 ALOR SETAR, KEDAH.,LEBUHRAYA SULTANAH BAHIYAH,",Hypermarket,Kedah,Kota Setar
15951.0,TSB SUPERSTORE PUMPONG SDN. BHD.,"2485, JALAN PUMPONG,MUKIM PUMPONG,06250 ALOR SETAR, KEDAH.,",Pasar Raya / Supermarket,Kedah,Kota Setar
15952.0,PERNIAGAAN KAWAN HENG (KH) SDN. BHD.,"NO 147-155, JALAN KRISTAL 5 FASA II,05150 ALOR SETAR, KEDAH.,",Pasar Raya / Supermarket,Kedah,Kota Setar
15953.0,PASARAYA KH (TANAH MERAH),"BANDAR BARU TANAH MERAH , PENDANG,06700, PENDANG,KEDAH,",Pasar Raya / Supermarket,Kedah,Pendang
15954.0,PASARAYA BORONG PL KEAN HIN,"JALAN KELIBANG, KUAH,07000 LANGKAWI KUAH , KEDAH,",Pasar Mini,Kedah,Langkawi
15955.0,ECONO JAYA (CAWANGAN),"32, 33 & 34, LRG. TEJA 10,TMN. KELADI,08000 SUNGAI PETANI, KEDAH",Pasar Mini,Kedah,Kuala Muda
15956.0,PASAR MINI DESA AMAN JAYA,"6K & 7K,TAMAN DESA AMAN,JALAN BUKIT JENUN,08800 GUAR CHEMPEDAK,KEDAH.,",Pasar Mini,Kedah,Yan
15959.0,PASAR MINI YINN KEONG ENTERPRISE,"NO 8, TAMAN YAN,JALAN DULANG, 06900 YAN, KEDAH.,",Pasar Mini,Kedah,Yan
15960.0,BS SUPERMART SDN BHD (BAU),"JALAN MARKET,PEKAN BAU,",Pasar Mini,Sarawak,Bau
15964.0,PASARAYA TMC (MESRA MALL),"GCH RETAIL (MALAYSIA)S/B,PASARAYA TMC (MESRA MALL), LOT AT1 & AT2,GROUND FLOOR, MESRA MALL,",Pasar Raya / Supermarket,Terengganu,Kemaman
15965.0,SUNWAY MINI MARKET,"K-6491, JALAN BUKIT MENTUK,TAMAN HAJI WAN NGAH,FASA 3, CUKAI",Pasar Mini,Terengganu,Kemaman
15975.0,FOOD COURT TMC (MESRA MALL),"MESRA MALL,24300 KERTEH,KEMAMAN, TERENGGANU",Foodcourt,Terengganu,Kemaman
15976.0,TF VALUE MART TAPAH,"NO. 91, JALAN BALDWIN 3,PUSAT PERNIAGAAN BALDWIN,35000 TAPAH, PERAK.",Pasar Raya / Supermarket,Perak,Batang Padang
15997.0,YO YO CAFE,"TINGKAT KENARI 6,SUNGAI ARA,",Restoran Cina,Pulau Pinang,Barat Daya
16015.0,TAN BENG LEE MAKANAN DAN MINUMAN,"NO 62,SIMPANG EMPAT,02700 PERLIS",Restoran Cina,Perlis,Arau
16016.0,RESTORAN YASMEEN,"KOMPLEKS TOK ARAU,02600, PERLIS,",Restoran India Muslim,Perlis,Arau
16031.0,RESTORAN SUBRITA,"JALAN SEMELIANG,KUALA NERANG,KEDAH.,",Restoran Melayu,Kedah,Padang Terap
16035.0,PK AL-FALAH TRADE SDN BHD,"LOT 550 KAMPUNG KEMUDI,JALAN KEMUDI ,JALAN KAMPUNG TELUK,BACHOK",Pasar Mini,Kelantan,Bachok
16036.0,INDAH PURNAMA MELAWI ENTERPRISE,"LOT 998 CHABANG TIGA,MELAWI,JALAN KANDIS, KG REPEK,BACHOK,",Pasar Mini,Kelantan,Bachok
16042.0,BAGAN LALANG IKAN BAKAR,"JALAN BAGAN LALANG,SUNGAI PUYU13020 BUTTERWORTH,",Restoran Melayu,Pulau Pinang,Seberang Perai Utara
16043.0,DOUBLE FIVE SEAFOOD,"JALAN SRI PINANGSUNGAI PUYUBUTTERWORTH,",Restoran Cina,Pulau Pinang,Seberang Perai Utara
16069.0,RESTORAN NIKMAAT TELUK INTAN,"NO 88 JALAN INTAN 5 BANDAR BARU,36000 TELUK INTAN PERAK,",Restoran India Muslim,Perak,Hilir Perak
16076.0,RESTORAN AL MOHAMEED FAIZ,"IMF FOOD MART SDN BHD (1004232-V),90, JALAN PPM4, PLAZA PANDAN MALIM BUSINESS PARK, BALAI PANJANG,75250 MELAKA",Restoran India Muslim,Melaka,Melaka Tengah
16077.0,PASAR BASAH SONG,"KAPIT,SARAWAK,",Pasar Basah ,Sarawak,Song
16078.0,CHOP HOCK PING,"NEW BAZAAR,KAPIT,",Kedai Runcit,Sarawak,Kapit
16079.0,TUNG CHIONG TRADING,"NO. 5,SONG BAZAAR,",Kedai Runcit,Sarawak,Song
16081.0,SOON LAI HUAT,"SOON LAI HUAT,KAPIT,",Kedai Runcit,Sarawak,Kapit
16082.0,TAMAN SELERA EMPURAU,"TAMAN SELERA EMPURAU,96800 KAPIT,SARAWAK.,",Medan Selera,Sarawak,Kapit
16083.0,HAPPY GARDEN,"HAPPY GARDEN,MENUAN LAND,JALAN BLETEH96800 KAPIT,SARAWAK.,",Restoran Cina,Sarawak,Kapit
16084.0,GELANGGANG KENYALANG,"GELANGGANG KENYALANG,96800 KAPIT,SARAWAK.,",Foodcourt,Sarawak,Kapit
16087.0,AEON CO. (M) BHD SERI MANJUNG STORE,"1ST FLOOR, MANAGEMENT OFFICE,PUSAT PERNIAGAAN MANJUNG POINT 3,32040 SERI MANJUNG, PERAK",Hypermarket,Perak,Manjung
16088.0,PASARAYA BILLION JALAN LUMUT,"GF-31 GROUND FLOOR,BILLION SHOPPING CENTER SRI MANJUNG,NO:5260 & 5261 MUKIM LUMUT, SERI MANJUNG, PERAK",Pasar Raya / Supermarket,Perak,Manjung
16090.0,TAI TIAM CHOY,"NO. 574-K, JALAN UTAMA,AYER KEROH HEIGHTS,75450 MELAKA",Kedai Runcit,Melaka,Melaka Tengah
16092.0,PASAR MINI PULAI INDAH,"TAMAN PULAI INDAH,77300 MERLIMAU, MELAKA,",Pasar Mini,Melaka,Jasin
16095.0,MEDAN SELERA MEDAN NIAGA SATOK (BENTENG),"MEDAN NIAGA SATOKLOT 13636, SEKSYEN 65 KTLD, JALAN MATANG,PETRA JAYA, 93050 KUCHING, SARAWAK.,",Medan Selera,Sarawak,Kuching
16096.0,BOULEVARD FOOD COURT,"BOULEVARD SHOPPING MALL, JALAN DATUK TAWI SLI, 93250 KUCHING, SARAWAK,",Foodcourt,Sarawak,Kuching
16102.0,"ISLAMIC CAFE, BATU 7","55, 56, 7TH MILE, JALAN PENRISSEN, KOTA SENTOSA, 93250 KUCHING, SARAWAK,",Restoran India Muslim,Sarawak,Kuching
16104.0,TUNAS MANJA SUPERMARKET (GONG BADAK) SDN. BHD.,"LOT PT 23026-PT 23034,PERKEDAIAN GONG BADAK,MUKIM BATU RAKIT, KUALA TERENGGANU",Pasar Raya / Supermarket,Terengganu,Kuala Nerus
16107.0,RESTORAN NASI KANDAR MY HALEEM (SDN BHD),"3152 JALAN MAHSURI 2/J,TAMAN MAHSURI FASA 3,PADANG SERAI",Restoran India Muslim,Kedah,Kulim
16108.0,JI SENG RESTAURANT,"P.O.BOX 191,LOT 432, JALAN TRUSAN,98850 LAWAS,SARAWAK.,",Restoran Cina,Sarawak,Lawas
16112.0,MEDAN SELERA PEKAN JITRA 2,"MEDAN SELERA PEKAN JITRA 2,PEKAN JITRA 2, JITRAKEDAH DARULAMAN,",Medan Selera,Kedah,Kubang Pasu
16113.0,RESTORAN MEE RAZAK,"LOT 15, BANGUNAN MINI MARKET,TAMAN SRI AMAN, JITRA KEDAH DARULAMAN,",Restoran India Muslim,Kedah,Kubang Pasu
16114.0,RESTORAN PHOENIX GOLD,"PEKAN JITRA 2,JITRA,",Restoran Cina,Kedah,Kubang Pasu
16125.0,RESTORAN SIN LAI PENG,"NO.16, JALAN ARA KIRI 3, 59100 BANGSAR, KUALA LUMPUR,",Restoran Cina,W.P. Kuala Lumpur,Lembah Pantai
16128.0,RESTORAN A.HASSAN ( VELODROME CHERAS ),"NO.30, VELODROME BUSINESS PARKBATU 4, JLN CHERAS,56000 CHERAS, KL,",Restoran Melayu,W.P. Kuala Lumpur,Bandar Tun Razak
16139.0,SEVEN SEVEN RESTORAN,"NO.4, JALAN PERMAISURI 9BANDAR SRI PERMAISURI56000 KL,",Restoran Cina,W.P. Kuala Lumpur,Bandar Tun Razak
16142.0,TERATAI FOODCOURT (TBS ),"TERMINAL BERSEPADU SELATANBANDAR TASIK SELATAN57000 KL,",Foodcourt,W.P. Kuala Lumpur,Bandar Tun Razak
16157.0,Z&RS GRAND ENTERPRISE,"NO 99-18,JALAN 4-1, TMN. ANGGERIK TENGGARA,BANDAR TENGGARA, 81440 KULAI, JOHOR",Kedai Runcit,Johor,Kota Tinggi
16159.0,YUMMY CAFE,"JALAN BAKO, SIBU,",Restoran Cina,Sarawak,Sibu
16160.0,SRI PELITA,"JALAN KAMPUNG DATO,",Restoran India Muslim,Sarawak,Sibu
16162.0,TAMAN HARMONI,"JALAN AWANG RAMLI AMIT, SIBU,",Medan Selera,Sarawak,Sibu
16164.0,RESTORAN PADANG PASIR,"1584, PADANG PASIR, KUAH07000 LANGKAWI KEDAH,",Restoran India Muslim,Kedah,Langkawi
16165.0,FOOD COURT LANGKAWI PARADE,"TINGKAT 3 LANGKAWI PARADE, 07000 KUAH, LANGKAWIKEDAH,",Foodcourt,Kedah,Langkawi
16167.0,KEDAI KOPI YU FOOK LOI,"ADIKA COMMERCIAL COMPLEX,",Restoran Cina,Sabah,Keningau
16169.0,PASAR MINI ZHONG YI,"32A-33A, JALAN DESA BAKTI,TAMAN DESA,OFF JALAN KLANG LAMA,",Pasar Mini,W.P. Kuala Lumpur,Seputeh
16176.0,KKB CAKE DAN CAFÃ‰,"JALAN KAMARUDIN,KAMPUNG TUN ABDUL RAZAK,44000 KUALA KUBU BARU, SELANGOR",Restoran Melayu,Selangor,Hulu Selangor
16183.0,MEDAN SELERA PRESINT 8,"JALAN P8C,PRESINT 8,62250 PUTRAJAYA",Medan Selera,W.P. Putrajaya,Wp Putrajaya
16186.0,MOHD FAUDI BIN HAMZAH,"LOT 65, KAWASAN BUKIT SERAYA,KG TUNKU ABD RAHMAN, KUALA BALAH JELI KELANTAN,",Kedai Runcit,Kelantan,Jeli
16191.0,LUSTY ENTERPRISE,"LOT 545-B BANDAR JELI,JALAN DABONG (HADAPAN MAKHAMAH SYARIAH JELI),",Pasar Mini,Kelantan,Jeli
16192.0,NPF JELI ENTERPRISE,"HADAPAN TNB JELI,JELI, KELANTAN,",Kedai Runcit,Kelantan,Jeli
16193.0,PASAR DONGGONGON,"JALAN TAPIKUNG,DONGGONGON,",Pasar Basah ,Sabah,Penampang
16195.0,"SERVAY HYPERMARKET BANDAR BARU KOIDUPAN, PENAMPANG","KM 7.5, JALAN PENAMPANG,BANDAR BARU KOIDUPAN,88200 KOTA KINABALU, SABAH.",Hypermarket,Sabah,Penampang
16201.0,DCE JAYA MART ENTERPRISE(CAW. KENJENG),"PT 2872,BLKG MASJID. PADANG LUAS,22000 JERTEH, TERENGGANU.",Kedai Runcit,Terengganu,Besut
16207.0,RESTAURANT LEONG XIANG,"NO. 1, 2 & 3, JALAN INTAN 2/3,TAMAN INTAN,86000 KLUANG, JOHOR,",Restoran Cina,Johor,Kluang
16214.0,BFC FOOD CENTER,"TAMAN RIA, 08000 SUNGAI PETANI, KEDAH.,",Restoran Cina,Kedah,Kuala Muda
16215.0,NASI KANDAR MAKBUL,"LAGENDA HEIGHT, 08000 SUNGAI PETANI, KEDAH,",Restoran India Muslim,Kedah,Kuala Muda
16216.0,PUSAT MAKANAN RIA,"NO 62-65, LORONG 6 ,TAMAN RIA, 08000 SUNGAI PETANI, KEDAH.,",Medan Selera,Kedah,Kuala Muda
16217.0,FOOD COURT TESCO LAGENDA HEIGHT,"NO. 300, JALAN LAGENDA 1, LAGENDA HEIGHTS, 08000 SG. PETANI, KEDAH.,",Foodcourt,Kedah,Kuala Muda
16218.0,RESTORAN BERKAT (SUNGAI PETANI),"NO 21-C, BANGUNAN MPSP, JLN PETRI, 08000 SUNGAI PETANI, KEDAH.,",Restoran Melayu,Kedah,Kuala Muda
16223.0,KWANG TUNG CAFE,"LOT 958, JALAN KWANG TUNG,98000 MIRI, SARAWAK,",Restoran Cina,Sarawak,Miri
16224.0,RESTORAN AL-ASNA,"JALAN ASMARA,98000 MIRI, SARAWAK,",Restoran India Muslim,Sarawak,Miri
16227.0,CARNIVAL CASH & CARRY SDN.BHD,"NO.139-143 JALAN PUTRA B,PUSAT PERNIAGAAN PUTRA KELANG LAMA,09000, KULIM",Pasar Mini,Kedah,Kulim
16228.0,DAILY WHOLESALE & RETAIL SDN BHD,"1J, 2J & 3J,JALAN BELIBIS TAMAN TUNKU PUTRA KULIM,",Pasar Mini,Kedah,Kulim
16233.0,PASAR MINI DARUSSALAM PRESINT 9,"T.00-.06, JALAN P9E/1,PRESINT 9,62250 PUTRAJAYA,WILAYAH PERSEKUTUAN.,JALAN P9E/1, PRESINT 9,62250 PUTRAJAYA.",Pasar Mini,W.P. Putrajaya,Wp Putrajaya
16237.0,RESTORAN IMPIAN BONDA,"9637 TAMAN CHUKAI UTAMA,JLN KUBANG KURUS,24000 KEMAMAN",Restoran Melayu,Terengganu,Kemaman
16239.0,RESTORAN OLD TOWN (JALAN BAHAGIA),"NO 1 JALAN BAHAGIA28000 TEMERLOH PAHANG,",Restoran India Muslim,Pahang,Temerloh
16253.0,"JMJ NASI KANDAR KETAPANG,","13 BATU 42,BALING, KEDAH,",Restoran India Muslim,Kedah,Baling
16261.0,KAK MAS KEDAI RUNCIT,"NO 353,JALAN TANJUNG, DABONG,",Kedai Runcit,Kelantan,Dabong
16263.0,KAK TIEY KEDAI RUNCIT,"NO 1,JALAN STESEN KTMB, DABONG,",Kedai Runcit,Kelantan,Dabong
16264.0,EMAN MAJU TRADING,"LOT 000008,KAMPUNG SUNGAI BATU JELAWANG, DABONG,",Kedai Runcit,Kelantan,Dabong
16266.0,MOK LONG TEGUH ENTERPRISE,"LOT PT 3998,KAMPUNG BERANGAN JELAWANG, DABONG,",Kedai Runcit,Kelantan,Dabong
16267.0,WOK ISA MINI MARKET,"LOT 11,KAMPUNG STONG, DABONG,",Kedai Runcit,Kelantan,Dabong
16272.0,PASARAYA TT MAJU,"LOT 1025,KG GETING , PENGKALAN KUBOR,",Pasar Mini,Kelantan,Tumpat
16276.0,PASARAYA BILLION MART,"NO.467-487,BANDAR BACHOK,",Pasar Raya / Supermarket,Kelantan,Bachok
16283.0,NASI KANDAR SALAM SDN BHD,"BAGAN JERMAL,",Restoran India Muslim,Pulau Pinang,Seberang Perai Utara
16284.0,MEDAN SELERA PANTAI BERSIH,"PANTAI BERSIH, BAGAN JERMAL,",Medan Selera,Pulau Pinang,Seberang Perai Utara
16286.0,JMS SUPERMART SDN BHD,"LOT NO.2570, MUKIM 4,H.S.(M)322,PERMATANG PAUH,DAERAH SEBERANG PERAI TENGAH",Pasar Mini,Pulau Pinang,Seberang Perai Tengah
16289.0,KEDAI RUNCIT EKA BARONA,"80, TINGKAT BAWAH,JALAN DATO SENU 4,TAMAN DATO SENU, SENTUL,",Kedai Runcit,W.P. Kuala Lumpur,Batu
16290.0,99 SPEED MART ( JLN SENTUL ),"NO. 668 & 670 (G),JALAN SENTUL,",Pasar Mini,W.P. Kuala Lumpur,Batu
16293.0,EIGHTY EIGHT (88) CAFE,"NO 135JLN HAJI ABDUL AZIZ, 25200KUANTANPAHANG,",Restoran Cina,Pahang,Kuantan
16294.0,RESTORAN FAROUK MAJU BARU KUANTAN,"A17-A19, LORONG TUN ISMAIL 6,25000 KUANTAN PAHANG,",Restoran India Muslim,Pahang,Kuantan
16296.0,GIANT FOOD COURT,"PASARAYA GIANT,JLN TANAH PUTIH25000 KUANTANPAHANG,",Foodcourt,Pahang,Kuantan
16299.0,RESTORAN ALIF (BALOK),"LORONG CENGAL LEMPONG AMAN 4,JLN KUANTAN-KEMAMAN PERKAMPUNGAN CHENGAL LEMPONG AMAN26100 KUANTAN PAHANG,",Restoran India Muslim,Pahang,Kuantan
16300.0,MEDAN SELERA BESERAH,"JLN KUANTAN-KEMAMANBESERAH,26100 KUANTANPAHANG.,",Medan Selera,Pahang,Kuantan
16305.0,RESTORAN HASLINA TOMYAM & WESTERN,"PT 953 JALAN BARU,WAKAF BHARU,",Restoran Melayu,Kelantan,Tumpat
16307.0,AIDA'S CORNER,"BANGUNAN CENTRE POINTJALAN HAJI ABDUL RAHMAN25000 KUANTAN.,",Foodcourt,Pahang,Kuantan
16309.0,LILY COPITIAM,"JALAN DATO LIM HOE LEK25000 KUANTAN PAHANG,",Restoran Cina,Pahang,Kuantan
16311.0,FOOD COURT TG API,"TG. API25000 KUANTAN PAHANG,",Medan Selera,Pahang,Kuantan
16314.0,MEDAN SELERA SRI MAHKOTA,"BT 12, JALAN GAMBANG25150 KUANTAN PAHANG,",Medan Selera,Pahang,Kuantan
16317.0,GIANT SUPERSTORE KUALA PILAH,"GCH RETAIL (MALAYSIA) SDN.BHD (667035-P),GIANT SUPERSTORE KUALA PILAH , JALAN MELANG,72000 KUALA PILAH, NEGERI SEMBILAN",Pasar Raya / Supermarket,Negeri Sembilan,Kuala Pilah
16329.0,TESCO FOODCOURT,"NO.103,JLN. LUMUT,32000 SITIAWAN, PERAK.,",Foodcourt,Perak,Manjung
16330.0,RESTORAN AL FARIDAH,"NO.2, BENDAHARA LORONG 1,TAMAN BENDAHARA,45000 KUALA SELANGOR",Restoran India Muslim,Selangor,Kuala Selangor
16331.0,RESTORAN RIVERVIEW,"PASIR PENAMBANG,45000 KUALA SELANGOR, SELANGOR,",Restoran Cina,Selangor,Kuala Selangor
16332.0,FOODCOURT TESCO KUALA SELANGOR,"NO. 2, JALAN TIARA 1,JALAN MEDAN NIAGA 2,45000 KUALA SELANGOR, SELANGOR",Foodcourt,Selangor,Kuala Selangor
16343.0,NIRWANA HYPERMARKET SDN BHD.,"NO A1 JLN KURNIA JAYA 1,PERUMAHAN KURNIA JAYA,KUANTAN, PAHANG.",Hypermarket,Pahang,Kuantan
16350.0,FAZILA TOM YAM & SEAFOOD,"NO. 16, JALAN MELATI 3,BANDAR MALAWATI,45000 KUALA SELANGOR,SELANGOR",Restoran Melayu,Selangor,Kuala Selangor
16351.0,KEDAI RUNCIT SAFIUDEEN,"NO 15, JALAN MAHKAMAH,71300 REMBAU, N.S,",Pasar Mini,Negeri Sembilan,Rembau
16353.0,HERO MARKET ( TTDI ),"C-1-1 & C-1-9, GROUND FLOOR, TTDI PLAZA,JALAN WAN KADIR 3,TAMAN TUN DR ISMAIL,",Pasar Raya / Supermarket,W.P. Kuala Lumpur,Segambut
16356.0,AEON BIG (KLUANG),"LOT 1824,MUKIM KLUANG,86000 KLUANG, JOHOR.",Hypermarket,Johor,Kluang
16361.0,RESTORAN EDA SEMANGGOL,"NO. 1 , BANGUNAN KOPERASI PENGHULU,34400 SIMPANG EMPAT, SEMANGGOL, PERAK.,",Restoran Melayu,Perak,Kerian
16367.0,PASAR BORONG SELANGOR,"LOT 49053,JALAN PUTRA PERMAI,43300 SERI KEMBANGAN, SELANGOR",Pasar Basah ,Selangor,Hulu Langat
16372.0,CCK FRESH MART (LUNDU),"LOT 209, JALAN SUNGAI BATANG KAYAN,LUNDU BAZAAR,",Kedai Runcit,Sarawak,Lundu
16383.0,PASARAYA G*MART BORNEO RETAIL SDN BHD,"TL 127502934, BLOK 1,JALAN IMAM JAYARI,91308, SEMPORNA, SABAH",Pasar Raya / Supermarket,Sabah,Semporna
16384.0,PASARAYA FRESHMART,"31-37,TAMAN SEMARAK,33300 GERIK, PERAK",Pasar Raya / Supermarket,Perak,Hulu Perak
16386.0,PASARAYA TF VALUE MART (KUALA LIPIS),"BANDAR BARU KUALA LIPIS,KUALA LIPIS PAHANG,",Pasar Raya / Supermarket,Pahang,Lipis
16388.0,PASAR AWAM ENDAU,"JLN DATO' MOHD ALI,86900 ENDAU,",Pasar Basah ,Johor,Mersing
16389.0,TF VALUE MART PORT DICKSON,"1-G-01,PERSIARAN WATERFRONTPD WATERFRONT,71000 PORT DICKSON,NEGERI SEMBILAN",Pasar Raya / Supermarket,Negeri Sembilan,Port Dickson
16390.0,RESTORAN DINAS (NASI KANDAR),"NO 21, TAMAN PELANGI II09000 KULIM KEDAH,",Restoran India Muslim,Kedah,Kulim
16391.0,FAMILY STORE SUNGGALA,"NO 27 & 28,JALAN PDS 1PD SUNGGALA GATEWAY,71050 PORT DICKSON,NEGERI SEMBILAN",Pasar Raya / Supermarket,Negeri Sembilan,Port Dickson
16394.0,CHUA KAH SENG SUPERMARKET PAPAR,"BANGUNAN CHUA KAH SENG,89600 PAPAR,",Pasar Raya / Supermarket,Sabah,Papar
16395.0,KEDAI RUNCIT TABARANI,"868,JALAN KENARI 2B TAMAN KENARI,09200 KULIM KEDAH",Kedai Runcit,Kedah,Kulim
16399.0,NZ KOPITIAM,"NO.107 L 262,TINGKAT BAWAH LANGKAWI MALL07000 LANGKAWIKEDAH.,",Restoran Cina,Kedah,Langkawi
16400.0,MEDAN SELERA PEKAN RABU,"PUSAT PERNIAGAAN DAYANG07000 LANGKAWIKEDAH.,",Medan Selera,Kedah,Langkawi
16402.0,FOOD COURT ( LG MIDVALLEY CITY ),"LG FLOOR, MIDVALLEY CITYLINGKARAN SYED PUTRA59200 KUALA LUPMUR,",Foodcourt,W.P. Kuala Lumpur,Lembah Pantai
16403.0,RESTORAN ANIS PUTRI,"JLN PANTAI DALAM59200 KUALA LUMPUR,",Restoran Melayu,W.P. Kuala Lumpur,Lembah Pantai
16404.0,MEDAN SELERA PASAR BATU 5,"BATU 5, JLN IPOH, 51200 KUALA LUMPUR,",Medan Selera,W.P. Kuala Lumpur,Batu
16406.0,FOOD COURT ( KOMPLEKS KOMUNITI PERNIAGAAN SENTUL ),"KOMPLEKS KOMUNITI PERNIAGAAN JLN 1/48A, BANDAR BARU SENTUL,51000 KUALA LUMPUR,",Foodcourt,W.P. Kuala Lumpur,Batu
16407.0,RESTORAN NADYLA,"NO.16-G, JALAN 13/48A,SENTUL RAYA BOULEVARD,",Restoran Melayu,W.P. Kuala Lumpur,Batu
16409.0,RESTORAN ROCKY,"15-9, JLN TELAWI 5BANGSAR, 59100 KUALA LUMPUR,",Restoran Cina,W.P. Kuala Lumpur,Lembah Pantai
16410.0,MEDAN SELERA SRI PANTAI ( RESTORAN KELUARGA PAK AYOP ),"LOT 96, JLN  PANTAI PERMAI 1SRI PANTAI, PANTAI DALAM59200 KUALA LUMPUR,",Medan Selera,W.P. Kuala Lumpur,Lembah Pantai
16411.0,LIM SENG LEONG,"LIM SENG LEONGTELUK AIR TAWAR,P.PINANG,",Restoran Cina,Pulau Pinang,Seberang Perai Utara
16415.0,FOOD COURT ( AEON METRO PRIMA ),"AEON METRO PRIMAJALAN METRO PRIMA, KEPONG, 52100 KUALA LUMPUR,",Foodcourt,W.P. Kuala Lumpur,Kepong
16419.0,RESTORAN CHEAN LI SHIANG,"BT 12  JALAN GAMBANG 25150 KUANTAN PAHANG,",Restoran Cina,Pahang,Kuantan
16424.0,RESTORAN KAK CHIK,"NO.29 & 31, GROUND FLOORJLN 46B/26 PUSAT BANDAR RAMPAITMN SRI RAMPAI, 53300 KUALA LUMPUR,",Restoran Melayu,W.P. Kuala Lumpur,Setiawangsa
16427.0,RESTORAN OOI SOON,"NO.2GF, JLN 47A/26,PUSAT BANDAR SRI RAMPAI,TMN.SRI RAMPAI, 53300 KUALA LUMPUR,",Restoran Cina,W.P. Kuala Lumpur,Setiawangsa
16431.0,RESTORAN IKHWAN TIMUR,"TAMAN GURU BT 6 JALAN GAMBANG 25150 KUANTAN PAHANG,",Restoran Melayu,Pahang,Kuantan
16432.0,RESTORAN NASI KANDAR PULAU PINANG ( MOHD YASEEM ),"NO.351 & 353, JLN TUANKU ABDUL RAHMAN50100 KUALA LUMPUR,",Restoran India Muslim,W.P. Kuala Lumpur,Bukit Bintang
16433.0,FOOD COURT ( PASAR BESAR TAMAN TUN DR ISMAIL ),"PASAR BESAR TAMAN TUN DR ISMAIL, SEGAMBUT,",Foodcourt,W.P. Kuala Lumpur,Segambut
16434.0,MEDAN SELERA STESEN BAS JALAN DUTA,"GERAI AHMADIAH BIN MAD YOSOF,MEDAN SELERA STESEN BAS JLN DUTA,KUALA LUMPUR,",Medan Selera,W.P. Kuala Lumpur,Segambut
16435.0,RESTORAN OK,"175, JALAN AMINUDIN BAKITAMAN TUN DR ISMAIL60000 KUALA LUMPUR,",Restoran Cina,W.P. Kuala Lumpur,Segambut
16437.0,RESTORAN FIRDOUSE,"NO.76, JALAN 2/42, TAMAN CITY,OFF JALAN KUCHING,",Restoran India Muslim,W.P. Kuala Lumpur,Segambut
16439.0,MEDAN SELERA JALAN RAJA MUDA ABDUL AZIZ,"JALAN RAJA MUDA ABDUL AZIZ,-,",Medan Selera,W.P. Kuala Lumpur,Titiwangsa
16440.0,RESTORAN 833,"NO 55, JALAN 3/76D,DESA PANDAN,",Restoran Cina,W.P. Kuala Lumpur,Titiwangsa
16441.0,RESTORAN HAMEEDIA,"NO.11 & NO.15, JALAN 3/76D,TAMAN DESA PANDAN,",Restoran India Muslim,W.P. Kuala Lumpur,Titiwangsa
16450.0,RESTORAN HAJRIS BISTRO,"NO 53, JALAN PERMAISURI 8BANDAR SRI PERMAISURI56000 CHERAS KUALA LUMPUR,",Restoran India Muslim,W.P. Kuala Lumpur,Bandar Tun Razak
16452.0,FOOD COURT PUSAT PENJAJA BANDAR SRI PERMAISURI,"C-4,C-6, FOOD COURT PUSAT PENJAJABANDAR SRI PERMAISURITINGKAT 1, LOT PT 6/52, JALAN SRI PERMAISURI 1BANDAR SRI PERMAISURI56000 KUALA LUMPUR,",Foodcourt,W.P. Kuala Lumpur,Bandar Tun Razak
16455.0,RESTORAN NASI KANDAR MAHMUD,"PUSAT PERDAGANGAN KUCHAINO 2 JALAN 1/27OFF JALAN KUCHAI LAMA58200 KUALA LUMPUR,",Restoran India Muslim,W.P. Kuala Lumpur,Seputeh
16460.0,PASARAYA JAYA GADING SDN.BHD,"PT 10570-10577,PUSAT PERNIAGAAN TANAH MERAH,MUKIM MAKA,JALAN PASIR MAS",Pasar Raya / Supermarket,Kelantan,Tanah Merah
16463.0,RESTORAN HJ. MIDIN MURTABAK,"NO.8, JALAN MEDAN SIMPANG,34700 SIMPANG, TAIPING,",Restoran India Muslim,Perak,"Larut, Matang & Selama"
16467.0,AL-TAQWA TAWAKKAL SDN.BHD,"LOT 2736,JALAN RAYA TIMUR-BARAT,JELI,KELANTAN,",Kedai Runcit,Kelantan,Jeli
16468.0,PASAR MINI PAK YA,"NO 27,JALAN BESAR,TAMAN MEWAH,KUALA KRAU,PAHANG",Pasar Mini,Pahang,Temerloh
16470.0,RESTORAN FARSAL NASI KANDAR,"7-D-1-11,LEBUHRAYA THEAN TEK,AYER ITAM",Restoran India Muslim,Pulau Pinang,Timur Laut
16472.0,UPWELL SUPERMARKET SDN. BHD. (BAU),"LOT 704, BAU TOWN DISTRICT, SUBLOT 1-7,JALAN SERINGGOK,",Pasar Raya / Supermarket,Sarawak,Bau
16473.0,RESTORAN SEVEN STAR,"GAT LEBUH MACALLUM,GEORGETOWN,",Restoran India Muslim,Pulau Pinang,Timur Laut
16478.0,RESTORAN NASI KANDAR RAFEI ALI,"31 JALAN FETTES PARK,TANJUNG TOKONG,",Restoran India Muslim,Pulau Pinang,Timur Laut
16482.0,PUSAT PERNIAGAAN MATAHARI SDN BHD,"1, JALAN PJS 2/18,TAMAN MAJU JAYA,46000 PETALING JAYA, SELANGOR",Pasar Raya / Supermarket,Selangor,Petaling Jaya
16483.0,PASAR LEMBAH SUBANG DAMANSARA,"PASAR PAGI LEMBAH SUBANG,TAMAN PUTRA DAMAI,47301 PETALING JAYA, SELANGOR",Pasar Basah ,Selangor,Petaling Jaya
16487.0,RESTORAN NASI KANDAR PELITA (JELUTONG),"LOTUS'S STORES JELUTONG,LEBUH TENGKU KUDIN 1,GEORGETOWN",Restoran India Muslim,Pulau Pinang,Timur Laut
16489.0,PASARAYA SUPER SEVEN ( PLAZA ANGGERIK ),"JALAN 3/154,TAMAN BUKIT ANGGERIK,",Pasar Raya / Supermarket,W.P. Kuala Lumpur,Bandar Tun Razak
16494.0,PASARAYA MADINA,"42C-G-28, SRI SAUJANA, GAT LEBUH MACALLUM,GAT LEBUH MACALLUM,GEORGETOWN",Kedai Runcit,Pulau Pinang,Timur Laut
16500.0,FOODCOURT TESCO DESA TEBRAU,"NO. 1, PERSIARAN DESA TEBRAU, TAMAN DESA TEBRAU, 81100 JOHOR BHARU,",Foodcourt,Johor,Johor Bahru
16501.0,KEDAI MAKAN ASAM PEDAS POWER,"GERAI NO 10 , PERHENTIAN BAS DAN TEKSI TANGKAK, 84900 LEDANG, JOHOR.,",Restoran Melayu,Johor,Muar
16504.0,FOODCOURT TAMAN FREE SCHOOL,"JALAN FREE SCHOOL,TAMAN FREE SCHOOL,10460 PULAU PINANG.,",Foodcourt,Pulau Pinang,Timur Laut
16509.0,HONG GUAN MINI MARKET,"G/F LOT 3136 & 3137 AT 2202,BLOCK 13, MLD, JALAN ULU SG. KAPIT,",Kedai Runcit,Sarawak,Kapit
16511.0,RESTORAN ADZIE,"BATU 4, BANDAR KIM FUNG,",Restoran Melayu,Sabah,Sandakan
16512.0,HASSAN KASSIM ENT,"1-G-42, JALAN PETANI,FLAT TURNKEY,TAMAN SRI PINANG,GEORGETOWN",Kedai Runcit,Pulau Pinang,Timur Laut
16519.0,SING KWONG,"SING KWONGMEDAN RAYA,97000 BINTULU,SARAWAK",Pasar Raya / Supermarket,Sarawak,Bintulu
16520.0,REFAH CAFE,"ASSYAKIRIN COMMERCIAL CENTRE,97000 BINTULUSARAWAK,",Restoran Melayu,Sarawak,Bintulu
16522.0,MDS MART TATAU,"MDS MART (TATAU)PASAR TATAU,97200 TATAU BINTULU,SARAWAK",Pasar Raya / Supermarket,Sarawak,Tatau
16524.0,SB MAMA CAFE,"90, MEDAN JAYAJALAN TUN HUSSIEN ONN,97000 BINTULU SARAWAK,",Restoran India Muslim,Sarawak,Bintulu
16526.0,MEDAN SELERA MEDAN JAYA,"MEDAN JAYA COMMERCIAL CENTRE JALAN TUN HUSSIEN ONN,97000 BINTULUSARAWAK,",Medan Selera,Sarawak,Bintulu
16527.0,POPULAR CORNER,"BDA SHAHIDA COMMERCIAL CENTREJALAN ABANG GALAU,97000 BINTULUSARAWAK,",Restoran Cina,Sarawak,Bintulu
16531.0,KEDAI SEBELAH PEJABAT POS,"JKR 961, JALAN BESAR,73100 JOHOL KUALA PILAH NEGERI SEMBILAN,",Restoran Melayu,Negeri Sembilan,Johol
16534.0,RESTORAN NASI KANDAR SUBAIDAH,"PLOT NO: 3 & 4, LOT 1434,JALAN SEMPILAI, 13700 SEBERANG JAYA, PULAU PINANG.,",Restoran India Muslim,Pulau Pinang,Seberang Perai Tengah
16536.0,TEKSI CORNER,"MEDAN SELERA,34200, PARIT BUNTAR, PERAK,",Medan Selera,Perak,Kerian
16537.0,RESTORAN HAPPY (RESTORAN CINA),"NO 17 JALAN PERHENTIAN BAS GEMAS, PEKAN GEMAS,73400 GEMAS, NEGERI SEMBILAN,",Restoran Cina,Negeri Sembilan,Gemas
16538.0,SOH TONG BEE,"B-4 TANAH PANJIS ESTET ROMPIN,73500 ROMPIN NEGERI SEMBILAN,",Restoran Cina,Negeri Sembilan,Rompin
16543.0,RESTORAN NASI KANDAR IMPIAN (INDIA MUSLIM),"MT 712, TINGKAT BAWAH,KOMPLEKS PERNIAGAAN MASJID TANAH,78300 MASJID TANAH, MELAKA",Restoran India Muslim,Melaka,Alor Gajah
16545.0,WARUNG ROSE FAMILY,"WARUNG ROSE FAMILY,72100 BAHAU NEGERI SEMBILAN,",Restoran Melayu,Negeri Sembilan,Bahau
16547.0,MYDIN SEREMBAN 2,"LOT 31156,PERSIARAN S2 B7, SEREMBAN 2,70300 SEREMBAN, NEGERI SEMBILAN.",Hypermarket,Negeri Sembilan,Seremban
16548.0,PASARAYA SERI  UTAMA SDN. BHD. (CAWANGAN BOHOR PULAI),"NO. 5 & 7,TAMAN MEDAN PULAI,01000 KANGAR, PERLIS",Pasar Raya / Supermarket,Perlis,Kangar
16549.0,AF MAJU JAYA ENTERPRISE,"NO 14, JALAN PERTIWI,TAMAN PERTIWI SERIA B,01000 KANGAR, PERLIS",Kedai Runcit,Perlis,Kangar
16553.0,RESTOREN SYED,"JALAN HARMONIUM 23/14 TAMAN DESA TEBRAU 81100 JOHOR BAHRU,",Restoran India Muslim,Johor,Johor Bahru
16554.0,PARKWELL DEPARTMENTAL STORE SANDAKAN,"LOT 19,TINGKA BAWAH DAN SATU,BATU 4, BANDAR INDAH JAYA",Pasar Raya / Supermarket,Sabah,Sandakan
16569.0,MEDAN SELERA KANGAR,"GERAI MPKPS,BAZAR HOKKIEN,01000 KANGAR, PERLIS",Medan Selera,Perlis,Kangar
16570.0,MEDAN SELERA PADANG BESAR,"PEKAN PADANG BESAR,02100 PADANG BESAR (U), PERLIS,",Medan Selera,Perlis,Padang Besar
16572.0,SELERA ANJUNG SURI,"NO 37, JALAN CENGKIH,TAMAN MAKMUR,86000 KLUANG, JOHOR,",Restoran Melayu,Johor,Kluang
16579.0,GERAI NO. 6: SHARIFAH NUR CATERING,"TAMAN SEROJA,98000 MIRI, SARAWAK,",Medan Selera,Sarawak,Miri
16582.0,SOON LEE COFFEE SHOP,"LOT 343, GROUND FLOOR, BEAUTIFUL JADE CENTRE,98000 MIRI, SARAWAK,",Restoran Cina,Sarawak,Miri
16583.0,RESTORAN ASIAN NASI KANDAR,"NUSRATH RESOURCES SDN BHD, (9925391-A) LOT 435,JALAN BENDAHARA, 98000 MIRI, SARAWAK,",Restoran India Muslim,Sarawak,Miri
16596.0,KUANTAN PARADE PAHANG,"MEDAN SELERA KUANTAN PARADE,",Foodcourt,Pahang,Kuantan
16599.0,RESTORAN JUMAAT,"26 JALAN RENGLAND 4,TAMAN PERINDUSTRIAN RENGLAND,862000 SIMPANG RENGGAM,",Restoran Melayu,Johor,Kluang
16620.0,MAJID STORE,"NO. (IM) JALAN ARAU - KODIANG,TAMAN UTARA FASA II, JALAN ARAU-KODIANG, GUAR SANJI,02600 ARAU, PERLIS.",Kedai Runcit,Perlis,Arau
16621.0,PASAR MINI MELATI JAYA,"31, TINGKAT BAWAH,TAMAN HAZ MELATI,JALAN BUKIT KETRI,02400 BESERI, PERLIS.",Pasar Mini,Perlis,Padang Besar
16632.0,"KEDAI LIM KEE, KUALA KANGSAR","33000,KUALA KANGSAR, PERAK,",Restoran Cina,Perak,Kuala Kangsar
16633.0,KEDAI MAKAN SALOR INDAH,"HADAPAN CHECKING FOREST,KG SALOR, BATU MELINTANG ,JELI KELANTAN,",Restoran Melayu,Kelantan,Jeli
16637.0,"GERAI MAKANAN & MINUMAN NIZAM, SUNGAI SIPUT","LOT 3686,KG. SALAK STESEN,SALAK UTARA,31100 SUNGAI SIPUT (U), PERAK,",Restoran Melayu,Perak,Kuala Kangsar
16638.0,"KEDAI KOPI LEONG KEE, PADANG RENGAS","A17, KG. JAYA,33700 PADANG RENGAS, KUALA KANGSAR,",Restoran Cina,Perak,Kuala Kangsar
16643.0,ANJUNG SELERA J,"NO. 48 JALAN TENGKU ISMAIL28000 TEMERLOH PAHANG,",Restoran Melayu,Pahang,Temerloh
16645.0,MEDAN SELERA PASAR SUMAYYAH,"TINGKAT ATAS,PASAR SUMAYYAH, BANDAR BARU TUMPAT,",Medan Selera,Kelantan,Tumpat
16646.0,"RESTORAN BITAH, KUALA KANGSAR","JALAN TAIPING,33000 KUALA KANGSAR,PERAK,",Restoran Melayu,Perak,Kuala Kangsar
16647.0,ATHIRAH TOM YAM & SEAFOOD,"PORT DICKSON,71000 PORT DICKSON, NEGERI SEMBILAN,",Restoran Melayu,Negeri Sembilan,Port Dickson
16648.0,REMEMBERING RESTAURANT,"JALAN JAKAR,KAMPUNG JAKAR,24000 KEMAMAN, TERENGGANU",Restoran Cina,Terengganu,Kemaman
16649.0,"RESTORAN RAHMANIAH, PDG. RENGAS","NO. 15, JALAN BESAR,33700 PADANG RENGAS, PERAK,",Restoran India Muslim,Perak,Kuala Kangsar
16652.0,KEDAI MAKAN ENG KEE,"NO. 5-D JALAN AH CHEONG,36000 TELUK INTAN, PERAK,",Restoran Cina,Perak,Hilir Perak
16659.0,22 MART,"NO.10 & 11A, JALAN UA1,TAMAN DATO' UNDANG ABDULLAH,KUALA KLAWANG,JELEBU, NEGERI SEMBILAN.",Pasar Mini,Negeri Sembilan,Jelebu
16674.0,ROHANI BT. SALLEH,"NO. 278,BATU 2 1/4, JALAN SANTAN,01000 KANGAR, PERLIS",Kedai Runcit,Perlis,Padang Besar
16678.0,RA WAWASAN ENTERPRISE,"PT 2097 JALAN GUA MUSANG-JELI BUKIT CHEKATI,GUA MUSANG,",Kedai Runcit,Kelantan,Gua Musang
16702.0,LALANG SUPERMARKET SDN. BHD.,"KAMPUNG PADANG LALANG,LANGKAWI KEDAH,",Pasar Mini,Kedah,Langkawi
16704.0,RESTORAN MIRASA,"34, JALAN RADIN ANUM 1, SRI PETALING, 57000 KUALA LUMPUR,",Restoran India Muslim,W.P. Kuala Lumpur,Seputeh
16705.0,MEDAN SELERA MEGA ( JLN KLANG LAMA ),"JLN KLANG LAMA,",Medan Selera,W.P. Kuala Lumpur,Seputeh
16707.0,HARON BIN MOHAMED,"LOT 10102,KG. KERILA,TEMANGAN",Kedai Runcit,Kelantan,Machang
16708.0,KEDAI TUKAR ABE JAK (CHE ABDUL RAZAK),"NO LOT 23 72 A,KG BAKAR JLN BUKIT BAKAR,18500 MACHANG",Kedai Runcit,Kelantan,Machang
16744.0,ENG JOO MINI MARKET,"NO. 277, PERSIARAN BIDARA 1,DESA BIDAR, KUALA KETIL,KEDAH,",Pasar Mini,Kedah,Baling
16783.0,KEDAI JIMAT JELI,"BANDAR JELI,JELI, KELANTAN,",Kedai Runcit,Kelantan,Jeli
16784.0,SUNGAI BERUDANG ENTERPRISE,"LOT PT 1234, KG BERDANG,JELI,KELANTAN,",Kedai Runcit,Kelantan,Jeli
16792.0,SOON HEONG RESTAURANT,"196 JALAN TUAN HITAM,",Restoran Cina,Terengganu,Besut
16793.0,NASI KANDAR ALOR LINTANG,"LOT 5170 BANGUNAN WISMA ABDUL AZIZJALAN BESAR ALOR LINTANG,,",Restoran India Muslim,Terengganu,Besut
16794.0,MEDAN SELERA JERTEH,"MEDAN SELERA JERTEH,",Medan Selera,Terengganu,Besut
16797.0,GIANT KULIM,"NO 1-1 A-1, SHOPPING CENTRE LOT 1,JALAN KLC 1, KULIM LANDMARK CENTRE,09000 KULIM, KEDAH.",Hypermarket,Kedah,Kulim
16798.0,PASAR BORONG GUCHIL,"TAMAN SRI GUCHIL,KUALA KRAI, KELANTAN,",Pasar Basah ,Kelantan,Kuala Krai
16801.0,TESCO KULIM,"NO 386,JALAN LEMBAH IMPIANA 9, LEMBAH IMPIANA 3,09000 KULIM, KEDAH.",Hypermarket,Kedah,Kulim
16806.0,EMPORIUM HOCK KEE SENG SDN BHD CAW.TANJUNG,"LOT 4061 PN 2627,KOMPLEKS TAMAN SELERA TANJUNG, MUKIM BANDAR,JALAN SULTAN ZAINAL ABIDIN, KUALA TERENGGANU",Pasar Raya / Supermarket,Terengganu,Kuala Terengganu
16807.0,PELITA SAMUDRA PERTAMA,"NO. 56, LORONG KURAU 1, PRAI, PULAU PINANG,Taman chai leng,",Restoran India Muslim,Pulau Pinang,Seberang Perai Tengah
16813.0,PASAR MINI GI (TEBRAU),"NO 1&3 JALAN SAGU 32,TAMAN DAYA,81100 JOHOR BAHRU, JOHOR",Pasar Mini,Johor,Johor Bahru
16822.0,PASAR BORONG GONG PAUH,"KG GONG PAUH,KUALA TERENGGANU.,",Borong,Terengganu,Kuala Terengganu
16823.0,PASAR BORONG DUSUN NYIOR,"JALAN JAKAR,KAMPUNG JAKAR,24000 KEMAMAN TERENGGANU",Borong,Terengganu,Kemaman
16826.0,TRELEAF GONG TOK NASEK,"LOT 1246, KAMPUNG GONG TOK NASEK,MUKIM KUALA IBAI,KUALA TERENGGANU",Pasar Mini,Terengganu,Kuala Terengganu
16922.0,KEDAI RUNCIT CHOP CHIN HUAT,"NO. 45, JALAN BESAR,73100 JOHOL ,NEGERI SEMBILAN,",Kedai Runcit,Negeri Sembilan,Johol
16927.0,PASAR TAMU MAJLIS DAERAH BETONG,"SRI AMAN,BETONG,SARAWAK",Pasar Basah ,Sarawak,Betong
16939.0,FAROUK MAJU,"BANDAR PEKAN,",Restoran India Muslim,Pahang,Pekan
16951.0,MEDAN SELERA PASAR KOMUNITI STUTONG,"PASAR KOMUNITI STUTONG,JALAN SETIA RAJA,TABUAN JAYA,93350 KUCHING, SARAWAK,",Medan Selera,Sarawak,Kuching
16988.0,YAT FONG HERBS 'N' FOODS SDN. BHD.,"YAT FONG HERBS 'N' FOODS SDN. BHD.,NO.79-81, TAMAN INTAN SETIA,35900, TANJUNG MALIM,PERAK",Kedai Runcit,Perak,Muallim
16990.0,IMA MINI MARKET,"LOT 1103, KG.BAYAM,JALAN LUNDANG,",Kedai Runcit,Kelantan,Kota Bharu
16993.0,PASARAYA HALAL ANA,"LOT 2519,BLOK A &  B,  KAMPUNG ANA,",Pasar Mini,Kelantan,Tumpat
16995.0,PASAR MINI JIMAT SG SIPUT,"NO. 25,26,27 BAWAH PERSIARAN KOMERSIAL 3,JALAN LINTANG WATERFRONT,31100 SUNGAI SIPUT (U),PERAK",Pasar Mini,Perak,Kuala Kangsar
16996.0,PASAR MINI T & T,"41 , JALAN BAHARU ,BATU LIMA ,34200 PARIT BUNTAR, PERAK",Pasar Mini,Perak,Kerian
16997.0,PASAR MINI PUSAT PEMBELIAN SHEN YEE,"25,26, PERSIARAN PERWIRA,PUSAT BANDAR PARIT BUNTAR,34200 PARIT BUNTAR, PERAK.",Pasar Mini,Perak,Kerian
17003.0,"PASAR BESAR SEREMBAN, NEGERI SEMBILAN","PASAR BESAR SEREMBANJALAN PASAR70000 SEREMBAN,",Borong,Negeri Sembilan,Seremban
17009.0,PASARAYA JAYA GADING SDN BHD,"LOT 4909-4917, MUKIM TELEKONG,DAERAH BATU MENGKEBANG,",Pasar Raya / Supermarket,Kelantan,Kuala Krai
17020.0,KEDAI RUNCIT THINOGARAN,"NO.1 & 2,TAMAN DAMAI JAYA,32400 AYER TAWAR, PERAK.",Kedai Runcit,Perak,Manjung
17035.0,MASLEE LARKIN IDAMAN,"NO. 22, 24, 26, 28, 30 & 32,JALAN IDAMAN 2, TAMAN LARKIN IDAMAN, 80350 JOHOR BAHRU,80350 JOHOR BAHRU.",Pasar Raya / Supermarket,Johor,Johor Bahru
17036.0,ECONSAVE KLEBANG,"NO, 6 LENGKOK KLEBANG PUTRA,PUSAT PERDAGANGAN KLEBANG,CHEMOR",Pasar Raya / Supermarket,Perak,Kinta
17037.0,SAVE MINI MARKET TASEK,"NO, 769, JALAN TASEK,MEDAN TASEK,31400 IPOH, PERAK",Kedai Runcit,Perak,Kinta
17038.0,DM MINI MARKET,"NO, 16 JALAN GOPENG,PERSIARAN 1, TAMAN ORKID,BATU GAJAH, PERAK.",Pasar Mini,Perak,Kinta
17039.0,PASARAYA SEM AH YEM,"NO, 8-22,PUSAT PERDAGANGAN JELAPANG,30020 IPOH, PERAK",Pasar Mini,Perak,Kinta
17040.0,PERNIAGAAN TENAGA CERGAS KAMPAR,"NO.2259 & 226,JALAN BATU SINAR,31900 KAMPAR, PERAK.",Pasar Mini,Perak,Kampar
17046.0,MYDIN PARIT BUNTAR HYPERMARKET,"LOT 23252, KERIAN SENTRAL MALL,JALAN SEKOLAH,34200 PARIT BUNTAR, PERAK.",Hypermarket,Perak,Kerian
17094.0,PASARAYA KIP MART TAMPOI,"LOT 129842, JALAN TITIWANGSA 1,TAMAN TAMPOI INDAH,81200 JOHOR BAHRU",Pasar Raya / Supermarket,Johor,Johor Bahru
17095.0,PASAR MINI RIZQ (PULAI),"NO 78,  JALAN PADI 1,BANDAR BARU UDA,81200 JOHOR BAHRU JOHOR.",Pasar Mini,Johor,Johor Bahru
17096.0,PASAR AWAM PERLING,"PASAR AWAM PERLING,531, PERSISIRAN PERLING 1,81200 TAMAN PERLING",Pasar Basah ,Johor,Johor Bahru
17097.0,LOTUSS STORE (TESCO JITRA),"PT1068, KOMPLEKS PERNIAGAAN,JALAN AMAN, PEKAN JITRA,06000 JITRA, KEDAH.",Hypermarket,Kedah,Kubang Pasu
17098.0,GOLDEN DRAGON CITY SUPERMARKET PUTATAN,"11-0,LORONG GRAND PLAZA PUTATAN 4 (GRAND PLAZA PUTATAN),88200 PUTATAN,",Pasar Raya / Supermarket,Sabah,Putatan
17100.0,MYDIN WHOLESALE HYPERMARKET KULAI UTAMA,"LOT 1.18A KULAI HYPERMARKET,JALAN ANGGERIK 8, TAMAN KULAI UTAMA,81000 KULAI, JOHOR DARUL TAKZIM.",Hypermarket,Johor,Johor Bahru
17101.0,AEON MALL KULAIJAYA,"PTD 106273 PERSIARAN INDAPURA UTAMA,BANDAR INDAHPURA,81000 KULAIJAYA, JOHOR",Pasar Raya / Supermarket,Johor,Johor Bahru
17102.0,ECONSAVE SENAI,"ECONSAVE CASH & CARRY SDN BHD (SENAI),JALAN LAPANGAN TERBANG SULTAN ISMAIL,81400 SENAI, JOHOR",Pasar Raya / Supermarket,Johor,Johor Bahru
17105.0,RESTORAN BUNGA DAHLIA,"NO.49, JALAN IMPIAN SENAI UTAMATAMAN IMPIAN SENAI 81400 SENAI,",Restoran Melayu,Johor,Johor Bahru
17106.0,RESTORAN TAI CHONG,"NO.325, JALAN RAYA KULAI BESAR81000 KULAI, JOHOR,",Restoran Cina,Johor,Johor Bahru
17108.0,GERAI MPKU (MEDAN SELERA),"BATU 19,KEDAI MPKU KULAI,",Medan Selera,Johor,Johor Bahru
17120.0,PASAR AWAM PALOH,"JALAN TEMENGGUNG,KAMPUNG MUHIBBAH,86600 PALOH,JOHOR.",Pasar Basah ,Johor,Kluang
17122.0,CHEE YI MINI MARKET,"S-70, KAHANG N/V,86700, KAHANG, JOHOR,",Pasar Mini,Johor,Kluang
17123.0,LEE & LEE SHOP,"NO.11 ,13 JALAN ABU BAKAR,86600 PALOH, JOHOR.,",Kedai Runcit,Johor,Kluang
17128.0,MYDIN WHOLESALE HYPERMARKET BERTAM,"NO 2243,JALAN TUN HAMDAN SYEIKH TAHIR, BANDAR PUTRA BERTAM,13200 KEPALA BATAS, PULAU PINANG.",Hypermarket,Pulau Pinang,Seberang Perai Utara
17131.0,MEDAN SELERA BANDAR BARU UDA,"JLN PADI MAHSURI (BANDAR BARU UDA), 81200 JOHOR BAHRU, JOHOR, MALAYSIA,",Medan Selera,Johor,Johor Bahru
17133.0,"RESTORAN OSMAN (JLN PADI EMAS, BBU)","JALAN PADI EMAS 4/5 BANDAR BARU UDA 81200 JOHOR BAHRU,",Restoran India Muslim,Johor,Johor Bahru
17134.0,RESTORAN HUP HENG,"JALAN PERSISIRAN UTAMATAMAN PERLING81200 JOHOR BAHRU,",Restoran Cina,Johor,Johor Bahru
17135.0,KATARI MART,"NO.152X, JALAN DATUK KERAMAT,KG. DATUK KERAMAT,",Kedai Runcit,W.P. Kuala Lumpur,Titiwangsa
17139.0,PASAR AWAM SENGGARANG,"JALAN ABDULLAH,KAMPUNG BAHRU,83200 PEKAN SENGGARANG.",Pasar Basah ,Johor,Batu Pahat
17141.0,PASAR AWAM PARIT SULONG,"PASAR AWAM PARIT SULONG,JALAN PASAR  PARIT SULONG,83500 BATU PAHAT,JOHOR.",Pasar Basah ,Johor,Batu Pahat
17144.0,RESTORAN SALAM (M) SDN BHD.,"135, JALAN PAYA TERUBONG,AYER ITAM,",Restoran India Muslim,Pulau Pinang,Timur Laut
17147.0,KEDAI RUNCIT ANEKA,"NO 48 & 49,TENANG STATION,85000, SEGAMAT,JOHOR,",Kedai Runcit,Johor,Segamat
17148.0,PASAR MINI KASIHKU,"NO 55, JALAN PUTRA 1/3,BANDAR PUTRA,85000, SEGAMAT, JOHOR",Pasar Mini,Johor,Segamat
17149.0,PACIFIC HYPERMARKET & DEPT. STORE SDN BHD,"TAIPING MALL TAIPING,34000 TAIPING,PERAK",Hypermarket,Perak,"Larut, Matang & Selama"
17152.0,GMART TAMPARULI,"GMART TAMPARULI,LOT 12-16,2 STOREY SHOP DEVELOPMENT,",Pasar Raya / Supermarket,Sabah,Tamparuli
17158.0,RESTORAN NASI ULAM NILAI,"NO.9913, JALAN BBN 1/3F, PUTRA NILAI,71800 NILAI, NEGERI SEMBILAN.,",Restoran Melayu,Negeri Sembilan,Seremban
17160.0,RESTORAN SUTERA BAYU,"JALAN MAHKAMAH,PEKAN TELUK INTAN,36000 TELUK INTAN, PERAK",Restoran Melayu,Perak,Hilir Perak
17162.0,PASARAYA DENWAY,"NO. 1,3,5,7,9,11,13,15,17 JALAN HIJAU ,TAMAN BANDAR JAYA,85300 LABIS, JOHOR.",Pasar Raya / Supermarket,Johor,Segamat
17164.0,PASAR AWAM KUALA KLAWANG.,"PASAR AWAM KUALA KLAWANG,KUALA KLAWANG,N.SEMBILAN,",Pasar Basah ,Negeri Sembilan,Jelebu
17165.0,PASAR BESAR TAMPIN,"PASAR BESAR TAMPIN,JALAN BESAR PULAU SEBANG,KAMPUNG TAMPIN, TAMPIN,N.SEMBILAN,",Pasar Basah ,Negeri Sembilan,Tampin
17167.0,AEON CO.(M) BHD.,"LOT 8576 & 8577, PUSAT MEMBELI-BELAH AEON,JALAN KAMUNTING,34000 TAIPING, PERAK",Hypermarket,Perak,"Larut, Matang & Selama"
17168.0,MEGAH SUPERMARKET (BANTING),"LOT 931,JALAN SUASA,42700 BANTING, SELANGOR",Pasar Raya / Supermarket,Selangor,Kuala Langat
17169.0,FOODCOURT MYDIN,"KERIAN SENTRAL MALL,LOT 23252 , JALAN SEKOLAH,34200 PARIT BUNTAR , PERAK.",Foodcourt,Perak,Kerian
17171.0,CITY MEWAH (SRI SAYANG),"JALAN PADANG TEMBAK,36000 TELUK INTAN, PERAK,",Medan Selera,Perak,Hilir Perak
17174.0,ECONPOINT,"37 & 39, JALAN KAMPUNG BARU,TAMAN SRI TENGAH,86000 KLUANG",Pasar Mini,Johor,Kluang
17179.0,BATARAS HYPERMARKET,"SU 3494,JALAN TUN MUSTAPHA, KAMPUNG BATU ARANG,87000 WP LABUAN.",Hypermarket,W.P. Labuan,Kawasan Bandar
17180.0,LAYANGAN SUPERSTORE,"TAMAN PERUMAHAN LAYANG- LAYANGAN,87000 WP LABUAN,",Pasar Raya / Supermarket,W.P. Labuan,Kawasan Luar Bandar
17181.0,KEDAI NASI AYAM GOLEK,"NO.174, KAMPUNG DIDIK, MUKIM KUAH, 07000 LANGKAWI, KEDAH DARUL AMAN.,",Restoran Melayu,Kedah,Langkawi
17184.0,D'MART TENGGAROH 2,"FELDA TENGGAROH 02,86810 MERSING,JOHOR DARUL TA'ZIM",Pasar Mini,Johor,Mersing
17185.0,D'MART FELDA NITAR 2,"FELDA NITAR 2,PETI SURAT NO. 04,86700 MERSING,JOHOR",Pasar Mini,Johor,Mersing
17186.0,PERNIAGAAN ARIFF BERJAYA,"NO. 1B, FELDA TENGGAROH 2,86810, MERSING, JOHOR,",Kedai Runcit,Johor,Mersing
17187.0,D' MART TENGGAROH 5,"FELDA TENGGAROH 05,86810 MERSING, JOHOR,",Pasar Mini,Johor,Mersing
17188.0,PASARAYA XIRI KUALA BERANG SDN BHD,"LOT. 6811-6820 (GM7425-7434),SUNGAI BAJAR, MUKIM KUALA BERANG,KUALA BERANG, HULU TERENGGANU",Pasar Raya / Supermarket,Terengganu,Hulu Terengganu
17189.0,PASARAYA MUSLIMAH,"KAMPUNG BATU 18,AJIL,",Kedai Runcit,Terengganu,Hulu Terengganu
17191.0,PASAR MINI 88 SPEED MART,"B-G-6, VISTA MUTIARA,NO.1, JALAN VISTA MUTIARA 1,KEPONG",Pasar Mini,W.P. Kuala Lumpur,Kepong
17195.0,KEDAI RUNCIT ABD RAZAK,"NO.7 & NO.8, BLOK E,PPR PANTAI PERMAI,",Kedai Runcit,W.P. Kuala Lumpur,Lembah Pantai
17202.0,KEDAI RUNCIT RASULDEEN ( SETIAWANGSA ),"NO.6, LORONG 11A/27A,SEKSYEN 10, WANGSA MAJU,",Kedai Runcit,W.P. Kuala Lumpur,Setiawangsa
17204.0,KEDAI RUNCIT MURAH RAYA,"NO.7 & 7A,JALAN REJANG 7,SETAPAK JAYA,",Kedai Runcit,W.P. Kuala Lumpur,Setiawangsa
17205.0,JALIL MINI MART,"LOT 783, JALAN MAHKAMAH,71300 REMBAU,NEGERI SEMBILAN,",Pasar Mini,Negeri Sembilan,Rembau
17206.0,PASAR MINI AL FATIMAH,"NO.5 JALAN P/LTAMAN INTAN PERDANA,71050 PORT DICKSON NEGERI SEMBILAN,",Pasar Mini,Negeri Sembilan,Port Dickson
17207.0,MECCA STORE,"NO.1202, PEKAN LINGGI,71150 LINGGI,NEGERI SEMBILAN,",Kedai Runcit,Negeri Sembilan,Port Dickson
17208.0,BALAN MINI MARKET,"NO 70A JALAN LAMA,PORT DICKSON, NEGERI SEMBILAN, MALAYSIA,",Pasar Mini,Negeri Sembilan,Port Dickson
17209.0,TING FAMILY MART,"PT 9, KEDAI PEJABAT (T/B)JALAN BESAR KOTA,71350 KOTA,NEGERI SEMBILAN,",Kedai Runcit,Negeri Sembilan,Rembau
17211.0,KEDAI UBAT & RUNCIT KIM LOY,"NO.54 & NO.56,JALAN MEDAN MIDAH,TAMAN MIDAH",Kedai Runcit,W.P. Kuala Lumpur,Cheras
17212.0,KEDAI RUNCIT BHUIYEN,"NO.8-10, TINGKAT BAWAH,JALAN YEW,OFF JALAN PUDU,",Kedai Runcit,W.P. Kuala Lumpur,Cheras
17213.0,RIAS MINI MARKET,"109, TAMAN PERTAMA,71000 PORT DICKSONNEGERI SEMBILAN,",Pasar Mini,Negeri Sembilan,Port Dickson
17215.0,JAYA CAFE,"NO 7A,KM 12,JALAN GAMBANG,KUANTAN,",Restoran India Muslim,Pahang,Kuantan
17216.0,GUNUNG RAPAT TONG FONG,"695, JALAN BESAR GUNUNG RAPAT,31350 IPOH PERAK,",Restoran Cina,Perak,Kinta
17217.0,PANTAI TIMOR MART LUBOK JONG,"PT 8695,BANDAR BARU PASIR MAS,LUBOK JONG",Pasar Raya / Supermarket,Kelantan,Pasir Mas
17220.0,"KEDAI MAKANAN DAN MINUMAN SERI BANANG, PELADANG MANONG","SEBELAH PASAR MINI PELADANG,JALAN BESAR MANONG,33800 MANONG, PERAK.",Restoran Melayu,Perak,Kuala Kangsar
17223.0,RESTORAN NASI KANDAR TAVAKKAL,"NO. 2A, TAMAN PARIT WIRA, JALAN BELANJA,32800 PARIT, PERAK.,",Restoran India Muslim,Perak,Perak Tengah
17224.0,KEDAI KOPI HAILAM SIN MOH SENG,"32800,PARIT,PERAK.,",Restoran Cina,Perak,Perak Tengah
17227.0,POON KEE FAST FOOD,"48, LEBUH MEDAN IPOH,BANDAR BARU MEDAN IPOH,31400 PERAK DARUL RIDZUAN",Restoran Cina,Perak,Kinta
17228.0,C-MART ALOR SETAR,"LOT 92, JALAN ISTANA KUNING,05000 ALOR SETAR,KEDAH,",Pasar Raya / Supermarket,Kedah,Kota Setar
17231.0,ECONSAVE KAMPAR,"ECONSAVE CASH & CARRY (KR) SDN. BHD.,(CO.NO. 1005687-D)LOT 312205, JALAN BATU KARANG,TAMAN BANDAR BARU,31900 ,KAMPAR,PERAK DARUL RIDZUAN",Pasar Raya / Supermarket,Perak,Kampar
17236.0,K&L FARMING INDUSTRIES SDN. BHD. (FAIR PRICE),"SUBLOT 21-28, PARENT LOT 1519, BLOCK 2, PHASE 1, SRI AMAN NEW TOWNSHIP, 95000 SRI AMAN, SARAWAK.,SUBLOT 21-28, PARENT LOT 1519, BLOCK 2, PHASE 1, SRI AMAN NEW TOWNSHIP, 95000 SRI AMAN, SARAWAK.,",Pasar Raya / Supermarket,Sarawak,Sri Aman
17238.0,DUSANA CAFE,"no.4,JALAN HOSPITAL, 06300 KUALA NERANG KEDAH,",Medan Selera,Kedah,Padang Terap
17246.0,RESTORAN SKY DELICIOUS,"PUCHONG PRIMA,47100 PUCHONG, SELANGOR,",Restoran Cina,Selangor,Petaling
17247.0,KEDAI KOPI DAN MEWA,"PETAGAS,",Restoran Cina,Sabah,Putatan
17249.0,RESTORAN HOE PENG,"NO. 17, JALAN BADLISHAH,BALING,KEDAH,",Restoran Cina,Kedah,Baling
17251.0,RESTORAN ROS MERAH,"PETI SURAT 340,KG. SABDI,JLN INABAH KAMAL,91300 SEMPORNA.SABAH,",Restoran India Muslim,Sabah,Semporna
17254.0,RESTORAN LI EU,"NO 2,JALAN NIAGA 5,81900 KOTA TINGGI,JOHOR,",Restoran Cina,Johor,Kota Tinggi
17259.0,RESTORAN M. BAHARUDEEN,"NO 7, JALAN BESAR,31000 BATU GAJAH, PERAK,",Restoran India Muslim,Perak,Kinta
17262.0,JAYA MURNI SUPERMARKET SDN BHD,"P.O.BOX 77,89057,KUDAT, SABAH.,",Pasar Raya / Supermarket,Sabah,Kudat
17263.0,ON ON TRADING SDN BHD,"KG. TAKA,89100 PITAS, SABAH.,",Kedai Runcit,Sabah,Pitas
17264.0,"KEDAI KOPI GOOD LUCK, KOTA MARUDU","KOTA MARUDU,",Restoran Cina,Sabah,Kota Marudu
17266.0,"RESTORAN MADINAH, PITAS","PITAS,",Restoran India Muslim,Sabah,Pitas
17267.0,RESTORAN SEDIA MENANTI,"KOTA MARUDU,",Restoran Melayu,Sabah,Kota Marudu
17275.0,SETIA JAYA MINI MARKET,"157A, JALAN LEMBAH PERMAI,TANJUNG BUNGAH,",Kedai Runcit,Pulau Pinang,Timur Laut
17280.0,D'UTAMA,"MEROTAI BESAR, TAWAU,",Pasar Mini,Sabah,Kalabakan
17281.0,"RESTORAN ERA, BALUNG","BALUNG,",Restoran India Muslim,Sabah,Tawau
17288.0,RESTORAN HONG TA,"JALAN MERDEKA 09000 KULIM,",Restoran Cina,Kedah,Kulim
17289.0,FOODCOURT TESCO KULIM,"LEMBAH IMPIANA 09000 KULIM,",Foodcourt,Kedah,Kulim
17290.0,"KEDAI MAKAN MINUM ADIK & ABANG, SIPITANG","BANGUNAN PERKASA REALTY, LOT 1,SIPITANG,",Restoran Melayu,Sabah,Sipitang
17291.0,RESTORAN PROFESSIONAL KUALA PENYU,"TANJUNG NO.5 89747 KUALA PENYU,SABAH,",Restoran Cina,Sabah,Kuala Penyu
17292.0,GMART RANAU,"GMART RANAU,KG LASING (JALAN RANAU - TELUPID),89307 RANAU, SABAH",Pasar Raya / Supermarket,Sabah,Ranau
17293.0,GREAT VALUE STORE,"TL 45 COMMERCIAL, JLN PADANG, TAMPARULI,",Pasar Mini,Sabah,Tamparuli
17294.0,MY SHOP,"PASAR MINI MY SHOP TAMPARULI, JLN PADANG, TAMPARULI, TAMPARULI,",Pasar Mini,Sabah,Tamparuli
17295.0,PASARAYA KWONG SEN,"LORONG MAJLIS BANDARAN, 89150 KOTA BELUD.,",Pasar Mini,Sabah,Kota Belud
17296.0,PASAR MINI MY SHOP KOTA BELUD,"P.O.BOX 89158, KOTA BELUD, SABAH,",Pasar Mini,Sabah,Kota Belud
17297.0,KEDAI RUNCIT YAS,"LOT 16, KEDAI SEDCO, KUNDASANG, RANAU,",Pasar Mini,Sabah,Ranau
17298.0,88 FRESHMART,"GROUND FLOOR, LOT NO 2, RANAU PLAZA, 89307, RANAU,",Pasar Mini,Sabah,Ranau
17308.0,MOKTAR TRADING,"PASAR UMUM,WDT 72,91209 KUNAK, SABAH.",Kedai Runcit,Sabah,Kunak
17309.0,RESTORAN SICKENTER,"NO 1, TINGKAT BAWAH, BANGUNAN KOPERASI SERBAGUNA, 08200 SIK KEDAH,",Restoran India Muslim,Kedah,Sik
17310.0,RESTORAN SYED ALI,"N0. 1,LORONG IMPIANA 8,TAMAN IMPIANA, 26800 KUALA ROMPIN,ROMPIN,PAHANG,",Restoran India Muslim,Pahang,Rompin
17313.0,NAMLEONG DEPARTMENTAL STORE,"NAM LEONG DEPARTMENT STORE (SARATOK) SDN BHD,LOT 1509-1514, JALAN WEE GEOK ENG, NEW SHOPLOT,95400 SARATOK.",Pasar Raya / Supermarket,Sarawak,Saratok
17317.0,FOODCOURT TESCO (JITRA),"PT1068, KOMPLEKS PERNIAGAAN AMAN,JITRAKEDAH DARUL AMAN,",Foodcourt,Kedah,Kubang Pasu
17319.0,KAK CHIK KEDAI MAKAN,"LEBUHRAYA PASIR MAS / SALOR,KOTA BHARU, KELANTAN,",Restoran Melayu,Kelantan,Kota Bharu
17326.0,BRIAYANI CURRY HOUSE,"PT 552, KEDAI PERINGAT,KOTA BHARU,",Restoran India Muslim,Kelantan,Kota Bharu
17329.0,SERVAY JAYA HYPERMARKET,"JALAN GOSHEN,PEKAN BARU,89100 KOTA MARUDU, SABAH.",Hypermarket,Sabah,Kota Marudu
17330.0,PASARAYA TF VALUE MART SDN BHD (BERA),"BERA,PAHANG,",Pasar Raya / Supermarket,Pahang,Bera
17332.0,PASARAYA BS FRESH MART JERANTUT SDN BHD,"NO 115-122,JALAN ZAPIN INDAH 4, BANDAR INDERAPURA,JERANTUT,PAHANG",Pasar Raya / Supermarket,Pahang,Jerantut
17346.0,IMPERIAL DUCK RESTAURANT SDN BHD,"SL 69-70, STUTONG PARADE COMMERCIAL CENTRE, JALAN SETIA RAJA, 93350 KUCHING, SARAWAK,",Restoran Cina,Sarawak,Kuching
17352.0,NATRAH RESTOREN,"KAMPUNG MERANTI KECIL,PASIR MAS,",Restoran Melayu,Kelantan,Pasir Mas
17357.0,SEK YOW FOOK RESTORAN,"341 & 342, JALAN MELAKA RAYA 3,TAMAN MELAKA RAYA,75000 MELAKA",Restoran Cina,Melaka,Melaka Tengah
17359.0,RESTORAN TAN NIONG KEE,"JA 9947,BANDAR BARU 3,77000 JASIN, MELAKA",Restoran Cina,Melaka,Jasin
17361.0,ERA TUAH SUPERMART SDN. BHD,"141, KEDAI WAKAF CHE YEH,WAKAF CHE YEH,",Kedai Runcit,Kelantan,Kota Bharu
17364.0,NEW CHP GUAN ECONMART,"LOT 2, TAMAN FULLIWA SHOPHOUSE,JALAN RANCA- RANCA, 87008 WP LABUAN,",Pasar Raya / Supermarket,W.P. Labuan,Kawasan Luar Bandar
17365.0,KEDAI EKONOMI,"BA. JLN UJONG PASIR,W.P LABUAN,",Pasar Mini,W.P. Labuan,Kawasan Bandar
17370.0,DE MARKET ( KNL MARKET SDN BHD ),"1ST FLOOR, PODIUM BLOCK, FABER TOWERS,JALAN DESA BAHAGIA,TAMAN DESA,",Pasar Raya / Supermarket,W.P. Kuala Lumpur,Seputeh
17371.0,TF VALUE MART GERIK,"NO.46,JALAN TOH SYAHBANDAR MUDA,33300 GERIK, PERAK",Pasar Raya / Supermarket,Perak,Hulu Perak
17372.0,RESTORAN WAJIBALI SUNGAI DUA,"1945 JALAN MERBAU INDAH,TAMAN MERBAU INDAH,SUNGAI DUA,13800 BUTTERWORTHPULAU PINANG,",Restoran India Muslim,Pulau Pinang,Seberang Perai Utara
17386.0,JMS SUPERMART (TAMBUN) SDN BHD,"NO. 808,JALAN PABOI,JALAN PABOI,BUKIT TAMBUN, SIMPANG AMPAT",Pasar Mini,Pulau Pinang,Seberang Perai Selatan
17389.0,PASARAYA KK,"LOT 9954,BANDAR TAMPIN, MUKIM TAMPIN TENGAH,73000 TAMPIN, NEGERI SEMBILAN",Pasar Raya / Supermarket,Negeri Sembilan,Tampin
17390.0,IMPIAN MINI MART,"PT 11403, TAMAN CEMPAKA, JALAN BBN 6/2B,BANDAR BARU NILAI,  NILAI,",Pasar Mini,Negeri Sembilan,Seremban
17391.0,PASARAYA PANTAI TIMUR BUKIT BUNGA,"LOT 2569, MUKIM NIBONG,DAERAH JEDOK,",Pasar Raya / Supermarket,Kelantan,Tanah Merah
17395.0,PASARAYA SIONG HO,"NT 24302204,KG GETAH,PETI SURAT 62, 91207, KUNAK, SABAH.",Pasar Raya / Supermarket,Sabah,Kunak
17399.0,ECONSAVE CASH & CARRY SDN. BHD. (SLIM RIVER),"NO 1, PUSAT PERNIAGAAN SLIM PERDANA,JALAN PERDANA 1,35800 SLIM RIVER, PERAK DARUL RIDZUAN.",Pasar Raya / Supermarket,Perak,Muallim
17401.0,HUSSAIN NASI KANDAR,"NO 9, TINGKAT BUKIT MINYAK 1,TAMAN BUKIT MINYAK, 14000 BUKIT MERTAJAM,",Restoran India Muslim,Pulau Pinang,Seberang Perai Tengah
17402.0,HALOO MART,"7D-01-12,,LEBUHRAYA THEAN TEIK,AYER ITAM,",Kedai Runcit,Pulau Pinang,Timur Laut
17403.0,KEDAI RUNCIT PALM COURT TRADING,"BLOCK 7A-G-8&9, P,PALM COUR 1, JALAN SERI TANJUNG,TANJUNG TOKONG,",Kedai Runcit,Pulau Pinang,Timur Laut
17421.0,RESTORAN RAHIM SHAH,"B-G-7, VISTA MUTIARA,NO.1, JALAN VISTA MUTIARA,KEPONG",Restoran India Muslim,W.P. Kuala Lumpur,Kepong
17422.0,TUNAS MANJA SUPERMARKET (DUNGUN) SDN. BHD.,"PUSAT PERNIAGAAN SURA GATE,PT 18086 - PT 18090 MUKIM KUALA DUNGUN,23000 DUNGUN, TERENGGANU",Pasar Raya / Supermarket,Terengganu,Dungun
17426.0,THE PLACE HYPERMARKET SDN BHD,"LOT NO 2186-B1-2, B1-3,ASEMENT LIMBANG PLAZA,98700 LIMBANG, SARAWAK.",Hypermarket,Sarawak,Limbang
17428.0,"MYFARM OUTLET, RTC TUNJONG","LEBUHRAYA PASIR MAS-SALOR,TUNJONG,",Pasar Basah ,Kelantan,Kota Bharu
17429.0,PASAR MINI 99 SPEEDMART PRESINT 11,"NO 6&7 (G),JALAN JATI NKT P11/25,PRESINT 11, 62250, PUTRAJAYA",Pasar Mini,W.P. Putrajaya,Wp Putrajaya
17430.0,RESTORAN JOHAN SELATAN,"NO 7, JALAN KOTA KECIL 1 81900 KOTA TINGGI JOHOR,",Restoran Melayu,Johor,Kota Tinggi
17431.0,JUST ME CAFE,"JUST ME CAFE NT10302128 LOT B, MEROTAI BESAR ,91000 TAWAU SABAH,",Restoran Melayu,Sabah,Kalabakan
17432.0,XING FU RESTAURANT,"NO. 5219,TAMAN MERLIMAU BARU,77300 MERLIMAU",Restoran Cina,Melaka,Jasin
17442.0,KOPERASI PERWAJA KEMAMAN BERHAD,"NO. PT 11627,11626,11629,TAMAN PERTAMA, GELIGA,24000 KEMAMAN TERENGGANU",Kedai Runcit,Terengganu,Kemaman
17450.0,PASAR BORONG KOTA KENARI,"LORONG KENARI 2/2
KOTA KENARI
09000 KULIM KEDAH.,,",Borong,Kedah,Kulim
17454.0,PASAR AWAM NILAI,"PASAR AWAM NILAI,JALAN BESAR NILAI,71800 NILAI, NEGERI SEMBILAN.",Pasar Basah ,Negeri Sembilan,Seremban
17460.0,TUNAS MANJA SUPERMARKET (TAMAN TAS) SDN BHD,"PT 42749, PANDAN DAMAI,KM 11,JALAN KUANTAN-GAMBANG,KUANTAN,PAHANG",Pasar Raya / Supermarket,Pahang,Kuantan
17461.0,PASARAYA TF VALUE MART BENTONG 2,"BATU 1 JALAN TRAS,BENTONG,PAHANG,",Pasar Raya / Supermarket,Pahang,Bentong
17463.0,MY HERO HYPERMARKET PRESINT 3,"LG05-LG08, LOWER GROUND FLOOR,NO.1,JALAN TUN ABDUL RAZAK,PRESINT 3,62100 PUTRAJAYA.",Pasar Raya / Supermarket,W.P. Putrajaya,Wp Putrajaya
17464.0,LOTUS’S IOI MALL PUTRAJAYA,"AT-1, IOI CITY MALL LEBUH IRC,IOI RESORT CITY,62502 PUTRAJAYA.",Hypermarket,W.P. Putrajaya,Wp Putrajaya
17465.0,MEDAN SELERA TUNKU ABDUL RAHMAN,"OFF JALAN TUANKU ABDUL RAHMAN50100 KUALA LUMPUR,",Medan Selera,W.P. Kuala Lumpur,Bukit Bintang
17466.0,PASAR AWAM SRI AMAN,"KOMPLEKS SRI AMAN,JALAN PAYA TERUBONG,11900 RELAU, PULAU PINANG.",Pasar Basah ,Pulau Pinang,Barat Daya
17467.0,BAFANA ROASTERS,"NO. 1, JALAN DAGANGAN 2, PUSAT BANDAR BERTAM PERDANA, 13200, KEPALA BATAS,PULAU PINANG,",Restoran Melayu,Pulau Pinang,Seberang Perai Utara
17469.0,RESTORAN MAMU PENANG,"MOZAY ENTERPRISENEXT / TO 460, JALAN BESAR,13100 PENAGA,SEBERANG PERAI UTARA,",Restoran Melayu,Pulau Pinang,Seberang Perai Utara
17470.0,RESTORAN CITRA SURIA UTAMA,"RESTORAN CITRA SURIA UTAMA W.P LABUAN,",Restoran Melayu,W.P. Labuan,Kawasan Luar Bandar
17474.0,RESTORAN OUR KOPITIAM,"TAMAN MUHIBAH WP LABUAN,",Restoran Melayu,W.P. Labuan,Kawasan Bandar
17476.0,DEENS UJANA KEWANGAN,"UJANA KEWANGAN WP LABUAN,",Restoran India Muslim,W.P. Labuan,Kawasan Bandar
17477.0,RESTORAN 96,"KAWASAN JATI WP LABUAN,",Restoran Cina,W.P. Labuan,Kawasan Bandar
17478.0,RESTORAN FARIZAH,"KAWASAN CHOICE WP LABUAN,",Restoran India Muslim,W.P. Labuan,Kawasan Bandar
17480.0,RESTORAN JJ NAZA,"KAWASAN LAZENDA,",Restoran India Muslim,W.P. Labuan,Kawasan Bandar
17488.0,ECONSAVE CASH & CARRY (LD) SDN. BHD,"LOT S1,SECOND FLOOR, DARVEL BAY PLAZA,91100 LAHAD DATU, SABAH.",Hypermarket,Sabah,Lahad Datu
17498.0,MEDAN SELERA JALAN PASAR MUKAH,"MEDAN SELERA MUKAHNO. 8, ARS CORNER, JALAN PASAR,96400 MUKAH,SARAWAK,",Medan Selera,Sarawak,Mukah
17499.0,FOODCOURT RIA,"NO. 23, MEDAN RIA SETIARAJA, TAMAN BOULEVARD SETIARAJA, JALAN SETIARAJA,96400 MUKAH,SARAWAK,",Foodcourt,Sarawak,Mukah
17502.0,RESTORAN NUR AZMINA CURRY HOUSE,"NUR AZMINA CURRY HOUSENO. 37, JALAN BOULEVARD96400 MUKAHSARAWAK,",Restoran India Muslim,Sarawak,Mukah
17503.0,NAWAB CAFE,"NAWAB CAFEPASAR BARU MUKAH96400 MUKAHSARAWAK,",Restoran Melayu,Sarawak,Mukah
17522.0,MYDIN MALL BUKIT MERTAJAM,"LOT 2730,JALAN BARU,13600 SEBERANG PERAI, PULAU PINANG.",Hypermarket,Pulau Pinang,Seberang Perai Tengah
17532.0,PASAR MINI PASARAYA WELL MART,"NO.33 & NO.35, JALAN 9/40,TAMAN PUSAT KEPONG,",Pasar Mini,W.P. Kuala Lumpur,Kepong
17533.0,AMZ HYPERUNCIT,"7716-K-1,JALAN BANGGOL PERADONG,KAMPUNG LAPANG SIRA,MANIR,",Kedai Runcit,Terengganu,Kuala Terengganu
17534.0,ALI HYPERMARKET,"97A, 97B,97C,KAMPUNG PADANG MIDIN,",Kedai Runcit,Terengganu,Kuala Terengganu
17537.0,TRELEAF MART SDN. BHD. (PASIR PANJANG),"LOT 7142 & 7143 JALAN PASIR PANJANG,KUALA TERENGGANU,",Pasar Mini,Terengganu,Kuala Terengganu
17543.0,KEAT GARDEN CAFE,"LEBUHRAYA TAN SRI TEH EWE LIM,11600 BATU LANCANG,PULAU PINANG,",Restoran Cina,Pulau Pinang,Timur Laut
17544.0,ECON INDAH ENTERPRISE,"NO 35A, 36A & 37A, JALAN LEMBAH BUJANG INDAH,TAMAN LEMBAH BUJANG INDAH,08400 MERBOK, KEDAH.",Pasar Mini,Kedah,Kuala Muda
17548.0,RESTORAN CAHAYA AL AMIN,"1-3, TINGKAT CIKU 1TAMAN CIKU14000 BUKIT MERTAJAMPULAU PINANG,TINGKAT CIKU 1, BUKIT MERTAJAM,PULAU PINANG,",Restoran India Muslim,Pulau Pinang,Seberang Perai Tengah
17554.0,THE STORE TEMERLOH,"THE STORE (MALAYSIA) SDN BHD BRANCH TEMERLOH,TERMINAL UTAMA, NO. 2, JLN SUDIRMAN,TEMERLOH, PAHANG.",Pasar Raya / Supermarket,Pahang,Temerloh
17559.0,PASAR PETAGAS,"PETAGAS, PUTATAN,",Pasar Basah ,Sabah,Putatan
17560.0,NAM LEONG (DALAT) SUPERMARKET,"PEKAN DALAT,DALAT,MUKAH, SARAWAK",Pasar Raya / Supermarket,Sarawak,Dalat
17561.0,ROZITA BT AHMAD,"NO. 30,KAMPUNG PANGGAS BESAR,02500 CHUPING, PERLIS",Kedai Runcit,Perlis,Padang Besar
17563.0,GIANT SUPERSTORE KANGAR,"PT 4819, TAMAN PUTRA UTAMA,JALAN RAJA SYED ALWI,01000 KANGAR, PERLIS.",Hypermarket,Perlis,Kangar
17565.0,QIMILY MINI MARKET,"LOT 1976,JALAN BALAI BESAR,23000 DUNGUN",Pasar Mini,Terengganu,Dungun
17566.0,KEDAI RUNCIT AMINAH BT MAMAT,"JALAN LAPANGAN TERBANG,SURA HUJUNG,23000 DUNGUN, TERENGGANU",Kedai Runcit,Terengganu,Dungun
17567.0,GOOD LUCK RESTAURANT,"NO 11Y DAN 11Z, GROUND AND MEZZANINE FLOOR,JALAN KOTA LAMA,KUALA TERENGGANU, TERENGGANU.",Restoran Cina,Terengganu,Kuala Terengganu
17571.0,MEDAN DEPARTMENTAL STORE SDN BHD (MEDAN MALL),"MEDAN MALL COMMERCIAL CENTRE,G/F & 1/F, 6 STOREY COMMERCIAL CUM HOTEL ON LOT 2157,MUKAH,SARAWAK.",Pasar Raya / Supermarket,Sarawak,Mukah
17572.0,KEDAI RUNCIT KN BAKARTHEEN,"NO. 753 JALAN HASSAN ABBAS,TELUK BAHANG,",Kedai Runcit,Pulau Pinang,Timur Laut
17581.0,RIZQ JAYA TRADING,"LOT 2046,KG PENGKALAN NYIREH,22200 BESUT,TERENGGANU.",Kedai Runcit,Terengganu,Besut
17588.0,MATAHARI CAFE ENTERPRISE,"NO 97, JALAN INDERAPURA 3, BANDAR INDERAPURA , 27000, JERANTUT.,",Restoran Melayu,Pahang,Jerantut
17590.0,JAYA GROCER ( INTERMARK MALL ),"LOT LC-01, INTERMARK MALL,NO.348, JALAN TUN RAZAK,",Pasar Raya / Supermarket,W.P. Kuala Lumpur,Titiwangsa
17592.0,THE STORE ( M3 MALL TMN MELATI ),"LOT G-25, L1-25 & L2-23, M3 MALL,JALAN MADRASAH,TAMAN MELATI,",Pasar Raya / Supermarket,W.P. Kuala Lumpur,Wangsa Maju
17593.0,RESTORAN SUTERA,"TAMAN SUTERA, BLOK 14A, JALAN SERI MELOR, 91308, SEMPORNA,",Restoran Cina,Sabah,Semporna
17599.0,SKHMP BORONG- PASAR AWAM JOHOL,"PASAR AWAM JOHOL,73100 JOHOL , NEGERI SEMBILAN,",Borong,Negeri Sembilan,Johol
17602.0,D NARA TOMYAM SEAFOOD,"BANDAR SATELIT ISLAM,PASIR TUMBOH,",Restoran Melayu,Kelantan,Kota Bharu
17609.0,PASAR MINI 99 SPEEDMART TAMAN SELAYANG JAYA,"NO. 19 & 21 (GF), JALAN SJ17,TAMAN SELAYANG JAYA,68100 BATU CAVES, SELANGOR",Pasar Mini,Selangor,Gombak
17610.0,"RESTORAN D' RAHMANIAH, BUKIT CHANDAN, KUALA KANGSAR","NO 13-B,PERSIARAN CHANDAN,TAMAN CHANDAN PUTRI,33000  KUALA KANGSAR,PERAK DARUL RIDZUAN.",Restoran India Muslim,Perak,Kuala Kangsar
17616.0,AWAH ALIFA API-API CENTER,"Unit No.5-G09,Block 5 Ground Floor, Api-api Centre,",Restoran Melayu,Sabah,Kota Kinabalu
17624.0,GIANT HYPERMARKET ( SETAPAK ),"NO.5, JALAN KILANG,OFF JALAN GENTING KELANG,",Hypermarket,W.P. Kuala Lumpur,Setiawangsa
17625.0,CANTON CITY,"PAPAR,",Restoran Cina,Sabah,Papar
17626.0,HERO MARKET ( BERJAYA TIMES SQUARE ),"LOT LG-34, LOWER GROUND FLOOR,BERJAYA TIMES SQUARE,NO.1, JALAN IMBI,",Pasar Raya / Supermarket,W.P. Kuala Lumpur,Bukit Bintang
17629.0,IJ SELERA KAMPUNG,"PT 1601,TINGKAT BAWAH BANDAR BARU KUBANG KERIAN,JALAN PERSIARAN KK/6/2 KENALI,",Restoran Melayu,Kelantan,Kota Bharu
17631.0,RESTORAN HAYATI,"1082,TAMAN BENDAHARA,PENGKALAN CHEPA",Restoran Melayu,Kelantan,Kota Bharu
17632.0,MYFARM OUTLET PRESINT 7,"PRESINT 7,62000 PUTRAJAYA.,",Pasar Basah ,W.P. Putrajaya,Wp Putrajaya
17633.0,CITY FRESH MART BANDAR,"TB 979, BA JALAN DUNLOP, 91000 TAWAU,",Pasar Mini,Sabah,Tawau
17634.0,CITY FRESH MART SEMARAK,"TAMAN SEMARAK, 91000 TAWAU,",Pasar Mini,Sabah,Kalabakan
17635.0,INSTAR SUPERFRESH,"TB14854 & 14855, LOT A5 & A6, GR FLR JADE INDUSTRIAL PARK, JALAN APAS, 91000 TAWAU,",Pasar Mini,Sabah,Tawau
17636.0,BILLION JELAPANG,"NO 2, JALAN PUSAT PERNIAGAAN SILIBIN 2,PUSAT PERNIAGAAN SILIBIN,JALAN JELAPANG, 30100 IPOH PERAK",Pasar Raya / Supermarket,Perak,Kinta
17637.0,AEON MALL KOTA BHARU,"KAMPUNG LEMBAH SIREH,15050 KOTA BHARU, KELANTAN.,",Hypermarket,Kelantan,Kota Bharu
17638.0,TF VALUE MART,"LOT 2138, WISMA G ORANGE,BATU 4 1/2, TUNJONG,JALAN KUALA KRAI,",Pasar Raya / Supermarket,Kelantan,Kota Bharu
17641.0,PASARAYA PXR WAKAF TAPAI,"LOT 52502,JLN KUALA BERANG,PEKAN WAKAF TAPAI, MARANG",Pasar Raya / Supermarket,Terengganu,Marang
17647.0,KEDAI KOPI KANG FATT,"1209 , JALAN BESAR,TAMAN JATI, JELAPANG,30020 IPOH.",Restoran Cina,Perak,Kinta
17649.0,LULU HYPERMARKET,"LOT 159, LEVEL 4, CAPITAL SQUARE,PERSIARAN CAP SQUARE,OFF JLN MUNSHI ABDULLAH,",Hypermarket,W.P. Kuala Lumpur,Bukit Bintang
17651.0,TF VALUE MART SRI MANJUNG,"(CO. NO. 482123-U) GST NO 000184401920 NO. 2477,TAMAN SAMUDERA,32040 SERI MANJUNG, PERAK.",Pasar Raya / Supermarket,Perak,Manjung
17652.0,PASARAYA MESRA JIMAT,"NO 6,8,10,LORONG AMAN,02700 SIMPANG EMPAT, PERLIS",Pasar Mini,Perlis,Arau
17653.0,KEDAI MAKAN KAK WATI,"NO.828E, JALAN MAK INTAN,36000 TELUK INTAN, PERAK,",Restoran Melayu,Perak,Hilir Perak
17654.0,PASARAYA SERI UTAMA (KUALA PERLIS),"PEKAN KUALA PERLIS,02000 KUALA PERLIS, PERLIS.,",Pasar Raya / Supermarket,Perlis,Kangar
17655.0,RESTORAN ROMPIN BARU,"NO 9, BANDAR BARU KUALA ROMPIN, 26800 KUALA ROMPIN, PAHANG,",Restoran Cina,Pahang,Rompin
17656.0,KAMA AIR KELAPA,"NO 11, JALAN AISHAH 2, TAMAN AISHAH, 26800 KUALA ROMPIN, PAHANG,",Restoran Melayu,Pahang,Rompin
17657.0,PASARAYA LYC KG PADANG,"A1 & 3, GROUND FLOOR,PADANG MAJU 1, TAMAN KAMPUNG PADANG MAJU,KUANTAN, PAHANG DARUL MAKMUR.",Pasar Raya / Supermarket,Pahang,Kuantan
17658.0,NIDZAM SOLEH ENTERPRISE,"LOT 5369, EMR 4531, MUKIM LENGGONG,33400 LENGGONG, PERAK,",Restoran Melayu,Perak,Hulu Perak
17659.0,AZREEN CAFE,"NO.3 GROUND FLOOR BANGUNAN YAYASAN SARAWAK, SRI AMAN,",Restoran India Muslim,Sarawak,Sri Aman
17660.0,MY FOODCOURT & TIARA RESTAURANT,"MY FOODCOURT & TIARA RESTAURANT,SRI AMAN NEW TOWNSHIP95000 SRI AMAN, SARAWAK.,",Foodcourt,Sarawak,Sri Aman
17670.0,INTERNATIONAL CAFE & CO,"INTERNATIONAL CAFE JALAN CLUB SRI AMAN,",Restoran Cina,Sarawak,Sri Aman
17671.0,GIANT JERTEH MALL,"LOT 6000,PUSAT BANDAR JERTEH,22000 JERTEH, TERENGGANU.",Hypermarket,Terengganu,Besut
17673.0,RESTORAN SANGKAPURA,"LOT 2342,KG KUBANG BATANG,WAKAF BHARU",Restoran Melayu,Kelantan,Tumpat
17674.0,SELERA KAMPUNG YUZALI,"NO 19. LRG IM 15/19BANDAR INDERA MAHKKOTA,25200 KUANTAN,PAHANG DARUL MAKMUR,",Restoran Melayu,Pahang,Kuantan
17680.0,R&R SEMANGGOL,"R&R ARAH SELATAN,34400, GUNUNG SEMANGGOL,PERAK.,",Medan Selera,Perak,Kerian
17685.0,XR MART (910719X),"XIRI (K.BERANG) SDN. BHD.,LOT 8217, MUKIM MANIR,KUALA TERENGGANU",Kedai Runcit,Terengganu,Kuala Terengganu
17686.0,HUMAIRA BERKAT TRADING (TR0144765-A),"JALAN KELANTAN,TEPOH,KUALA TERENGGANU",Kedai Runcit,Terengganu,Kuala Nerus
17689.0,TONG YUAN CAFE,"LOT 1403, GROUND FLOOR, JALAN BUANGSIOL,98700 LIMBANG, SARAWAK.,",Restoran Cina,Sarawak,Limbang
17690.0,NEW MEI SING COFFEE SHOP,"LOT. NO. 1120, GROUND FLOOR, JALAN BUANGSIOL,98700 LIMBANG, SARAWAK.,",Restoran Cina,Sarawak,Limbang
17692.0,KEDAI RUNCIT SHAHIDAN SHIDE TRADING,"LOT 1477,KG TELOK KANDIS,JALAN SALOR",Kedai Runcit,Kelantan,Kota Bharu
17693.0,Q-MART,"NO 1,2,3 LOT 1274KG MERBAU PATAH,JALAN KUALA BERANG,KUALA TERENGGANU, TERENGGANU",Kedai Runcit,Terengganu,Kuala Terengganu
17694.0,TRELEAF MART BUKIT PAYONG,"LOT 10066-10068 KUBANG PANJANG,BUKIT PAYONG,MARANG, TERENGGANU",Pasar Mini,Terengganu,Marang
17695.0,SRI PERDANA MINI MART,"SRI PERDANA MINI MART,                                                                  MDLD 7060,LOT NO.312,SRI PERDANA PHASE 3,JLN SILAM, P.O BOX 60116, 91110 LAHAD DATU, SABAH                     NO.TEL: 089-862335/013-8862335 /FAKS: 089-862336 (MR.KWAN),",Kedai Runcit,Sabah,Lahad Datu
17696.0,SARI COLD STORAGE,"LOT 1, MDLD 4522-4523,TAMAN AMAN 3,91100 LAHAD DATU, SABAH.",Kedai Runcit,Sabah,Lahad Datu
17697.0,KEDAI RUNCIT ROHANI,"SIMPANG 3(KPK),KG.STONG KEMUBU, DABONG,",Kedai Runcit,Kelantan,Dabong
17698.0,SYARIKAT BUBULJAYA,"PETI SURAT 91, 91308 SEMPORNA,91308 SEMPORNA, SABAH.,",Kedai Runcit,Sabah,Semporna
17700.0,STOR DINGIN ANG LEE,"BANGUNAN HENG LEONG,BLOK C, LOT 4,91308 SEMPORNA, SABAH.",Kedai Runcit,Sabah,Semporna
17703.0,LAWAS SUPERMARKET & HARDWARE SDN BHD,"LOT 425, JLN TRUSAN, 98850 LAWAS,JLN TRUSAN,98850 LAWAS, SARAWAK.",Pasar Raya / Supermarket,Sarawak,Lawas
17704.0,RESTORAN MUTIARA JUNJUNG,"75, LORONG LEMBAH IMPIANA 8/2, LEMBAH IMPIANA, 09000 KULIM KEDAH,",Restoran Melayu,Kedah,Kulim
17705.0,RESTORAN NASI KANDAR ALAMIN(YASEEN),"LOT 441 TINGKAT BAWAH BAZAR PECHONG OFF JALAN HOSPITAL,TANAH MERAH,KELANTAN,",Restoran India Muslim,Kelantan,Tanah Merah
17707.0,"KEDAI WONG, SONG","N0. 2&3,SONG BAZAAR,",Kedai Runcit,Sarawak,Song
17710.0,SERVAY JAYA SUPERMARKET SDN. BHD.,"1 BEAUFORT COMMERCIAL CENTER, LOT 56-65,LORONG 1BEAUFORT 3, JALAN BEAUFORT-SIPITANG,89808 BEAUFORT, SABAH.",Pasar Raya / Supermarket,Sabah,Beaufort
17712.0,AEON MAXVALU PRIME ( SUNWAY VELOCITY MALL ),"B-01 FLOOR, SUNWAY VELOCITY MALL,LINGKARAN SV SUNWAY VELOCITY,JALAN PEEL,",Pasar Raya / Supermarket,W.P. Kuala Lumpur,Cheras
17713.0,99 SPEED MART ( TAMAN MIHARJA ),"NO.45 (G) & NO.47 (G), JALAN 3/93,TAMAN MIHARJA,",Pasar Mini,W.P. Kuala Lumpur,Cheras
17714.0,PASAR MINI PASARAYA FAHIM,"NO.6, JALAN 3/93,TAMAN MIHARJA,",Pasar Mini,W.P. Kuala Lumpur,Cheras
17716.0,PASAR MINI JAMANI,"BLOK 04-00-04, PPR DESA TUN RAZAK,JALAN 9/118B,BDR TUN RAZAK,",Pasar Mini,W.P. Kuala Lumpur,Bandar Tun Razak
17718.0,COSMO FAMILY MART,"NO.67, JALAN 3/76D,DESA PANDAN,",Pasar Mini,W.P. Kuala Lumpur,Titiwangsa
17719.0,PASAR MINI IKHWAN MART ( NM IKHWAN ),"D-0-1, M AVENUE,JALAN 1/38A, SEGAMBUT BAHAGIA,",Pasar Mini,W.P. Kuala Lumpur,Segambut
17720.0,PASAR MINI PASARAYA CF,"A-0-1. M AVENUE,JALAN 1/33A,SEGAMBUT BAHAGIA,",Pasar Mini,W.P. Kuala Lumpur,Segambut
17721.0,99 SPEED MART ( TTDI 1 ),"NO.22, LORONG RAHIM KAJAI 14,TAMAN TUN DR ISMAIL,",Pasar Mini,W.P. Kuala Lumpur,Segambut
17723.0,PASAR MINI MITA JAYA,"BLOK 22-0-15, JALAN 15/2A,TAMAN WILAYAH, SELAYANG,",Pasar Mini,W.P. Kuala Lumpur,Batu
17724.0,KEDAI RUNCIT AZHABAUL BAIT ENTERPRISE,"NO. 209-00-05,JALAN DATO' SENU 6,TAMAN DATO' SENU,",Kedai Runcit,W.P. Kuala Lumpur,Batu
17725.0,JAYA GROCER ( THE GARDENS MID VALLEY ),"LOT LG 229, LOWER GROUND FLOOR,THE GARDENS MALL,MID VALLEY CITY, LINGKARAN SYED PUTRA,",Pasar Raya / Supermarket,W.P. Kuala Lumpur,Lembah Pantai
17726.0,NAM LEONG DEPARTMENT STORE (BETONG) SDN BHD,"LOT 627, 628 & 629,JALAN SIE KWANG NGAK,95700 BETONG, SARAWAK.",Pasar Raya / Supermarket,Sarawak,Betong
17727.0,MEDAN DEPARTMENTAL STORE SDN BHD,"LOT 1971-1977, BLOCK 9,BATU API LAND DISTRICT JALAN TANJUNG ASAM,BETONG NEW TOWNSHIP, BETONG SARAWAK.",Pasar Raya / Supermarket,Sarawak,Betong
17728.0,DOREMART SDN. BHD. BETONG,"LOT 12-19,BETONG NEW TOWNSHIP (PHASE 3),95700 BETONG, SARAWAK.",Pasar Raya / Supermarket,Sarawak,Betong
17729.0,RIZQ MAJU JAYA TRADING,"LOT 452 B,C,D & E,JALAN SEBERANG KASTAMKAMPUNG PENGKALAN NYIREH,22200 BESUT, TERENGGANU",Kedai Runcit,Terengganu,Besut
17730.0,PKT KUALA KRAI SDN. BHD.,"CAWANGAN KAMPUNG ANAK IKAN,LOT 7870 - 7875. KAMPUNG ANAK IKAN JABI,22020 JERTEHTERENGGANU",Pasar Mini,Terengganu,Besut
17731.0,PASARAYA PKT (ST) SDN. BHD. (CAWANGAN KAMPUNG APEK),"LOT 2261, JALAN JERTEH,KAMPUNG APEK 22100 PERMAISURI,SETIU, TERENGGANU",Kedai Runcit,Terengganu,Setiu
17734.0,PASARAYA MEMPAGA FRESH BENTA,"JALAN LAMA LIPIS RAUB,BENTA, KUALA LIPIS,PAHANG.",Pasar Raya / Supermarket,Pahang,Lipis
17740.0,RESTORAN SRI BONGAWAN CAFE & CATERING,"LORONG KEPAYAN PERDANA 1,CYBER SQUARE SHOPLOT,",Restoran Melayu,Sabah,Penampang
17741.0,PASARAYA SUPERMAS,"PT 714-727,PUSAT PERNIAGAAN HARMONICHABANG TIGA BERANGAN,",Pasar Raya / Supermarket,Kelantan,Tumpat
17744.0,PASARAYA AMWAN,"NO. 37, 39,41,43, 45,JALAN BUKIT KETERI,02400 BESERI, PERLIS",Pasar Mini,Perlis,Padang Besar
17745.0,SK FRESH & FROZEN (FROZEN) SDN BHD,"NO. 6,8,10,12 & 12A, JALAN SERI PENAGA, PUSAT PERNIAGAAAN SERI PENAGA,13100 PENAGA, PULAU PINANG,JALAN SERI PENAGA,PUSAT PERNIAGAAN SERI PENAGA",Pasar Mini,Pulau Pinang,Seberang Perai Utara
17748.0,NURZANAH'S CATERING & MANAGEMENT,"LOT 429, GROUND FLOOR, JALAN BENDAHARA,98000 MIRI, SARAWAK,",Restoran Melayu,Sarawak,Miri
17749.0,PELITA CAFE,"JALAN BROOKE,98000 MIRI, SARAWAK,",Restoran Melayu,Sarawak,Miri
17750.0,GERAI NO. 3: FATIMAH HAJI MAWI,"TAMAN SEROJA,98000 MIRI, SARAWAK,",Medan Selera,Sarawak,Miri
17752.0,NEW WA WA RESTAURANT,"MDLD 6589,LOT 23,AIRPORT PLAZA JLN SEGAMA,91100 LAHAD DATU,",Restoran Cina,Sabah,Lahad Datu
17755.0,RESTORAN HABEEB SULTAN,"C-2 TAMAN SIN HOE,BUKIT BARU,75250 MELAKA",Restoran India Muslim,Melaka,Melaka Tengah
17756.0,RESTORAN TUNG XUAN,"53, JALAN ALANG ISKANDAR,33400 LENGGONG PERAKI,",Restoran Cina,Perak,Hulu Perak
17758.0,RESTORAN AFEZZAR & ZAINA,"NO 11 & 13, JALAN KRISTAL,SEKSYEN 7,40000 SHAH ALAM, SELANGOR",Restoran Melayu,Selangor,Petaling
17761.0,RESTAURANT HAPPY,"DBKK NO. 13-0, LOT 97, TINGKAT BAWAH, LORONG PLAZA KINGFISHER 5, KINGFISHER PARK PH 3B, KUALA INANAM, 88400,",Restoran Cina,Sabah,Kota Kinabalu
17762.0,CHING FAH COFFEE SHOP PENAMPANG,"PENAMPANG,",Restoran Cina,Sabah,Penampang
17764.0,JAYA GROCER ( PEARL SHOPPING GALERY ),"LOT G10 ( GROUND FLOOR ),PEARL POINT SHOPPING GALLERY,NO 2A, JALAN SEPADU, OFF JALAN KLANG LAMA,",Pasar Raya / Supermarket,W.P. Kuala Lumpur,Seputeh
17767.0,LOTUS'S BERTAM PERDANA,"PMT 2258, PERSIARAN DAGANGAN 1,PUSAT BANDAR BERTAM PERDANA,13200 KEPALA BATAS, PULAU PINANG.",Hypermarket,Pulau Pinang,Seberang Perai Utara
17768.0,KEDAI MAKAN DAN MINUMAN PAK NDAK HAMZAH,"KAMPONG SIMPANG SANGLANG,02800 KANGAR, PERLIS,",Restoran Melayu,Perlis,Arau
17769.0,RESTORAN NASI KANDAR ABC SUNGAI PUYU,"413, JALAN BESAR SUNGAI PUYU,13020, BUTTERWORTH, P.PINANG,",Restoran India Muslim,Pulau Pinang,Seberang Perai Utara
17771.0,PKT PASIR PUTEH,"PKT PASIR PUTEH (PKT KUALA KRAI SDN.BHD) CAWANGAN PASIR PUTEH,LOT 13645 KG WAKAF LANAS,",Pasar Raya / Supermarket,Kelantan,Pasir Puteh
17774.0,PASARAYA FRESH HUB,"NO. 5,6,7, JALAN INDAH 1,TMN SIAPU INDAH,86800 MERSING, JOHOR",Pasar Raya / Supermarket,Johor,Mersing
17775.0,KEDAI RUNCIT IZI MART,"NO 17, JALAN PERDANA,TAMAN PERDANA,BUKIT SIPUT,85020 SEGAMAT, JOHOR",Kedai Runcit,Johor,Segamat
17776.0,KEDAI MAKAN DAN MINUM NAYAN BIN AYOB,"NO. X8,PASAR LAMA BALING,BALING,KEDAH DARUL AMAN.,",Restoran Melayu,Kedah,Baling
17777.0,GIANT SUPERSTORE TUNJONG,"NO 1 PERSIARAN LAGENDA, BANDAR BARU TUNJUNG,                                               SEKSYEN 65,                                                                       15100 KOTA BHARU, KELANTAN.,BATU 4 1/2, TUNJONG,KOTA BHARU",Pasar Raya / Supermarket,Kelantan,Kota Bharu
17778.0,SHUANG-LIM CASH & CARRY,"C/O CENTER MART, JALAN 3/23A,TAMAN DANAU KOTA,OFF JALAN GENTING KLANG,",Pasar Raya / Supermarket,W.P. Kuala Lumpur,Wangsa Maju
17779.0,RESTORAN BUNGA EMAS,"LOT B-0-7, JALAN 4/27A1ST FLOOR VISTA, WIRA 2,SEKSYEN 2, WANGSA MAJU,",Restoran India Muslim,W.P. Kuala Lumpur,Wangsa Maju
17780.0,PASAR MINI PAK AJI FRESH MART,"NO. 2 & 4, JALAN JUJUR 3,BANDAR TUN RAZAK,",Pasar Mini,W.P. Kuala Lumpur,Bandar Tun Razak
17782.0,RESTORAN MEK TOM YAM,"JALAN RAJA LAUT,-,",Restoran Melayu,W.P. Kuala Lumpur,Titiwangsa
17783.0,RESTORAN IBRAHIM MAJU ( TITIWANGSA ),"47, LORONG HAJI TAIB 2,CHOW KIT,",Restoran India Muslim,W.P. Kuala Lumpur,Titiwangsa
17785.0,VILLAGE GROCER ( KL GATEWAY MALL ),"LG1.18, LG1.19 & LG1.20,PUSAT BELI BELAH KL GATEWAY MALL,NO.2, JALAN KERINCHI, GERBANG KERINCHI LESTARI,",Pasar Raya / Supermarket,W.P. Kuala Lumpur,Lembah Pantai
17786.0,PASAR SITI SARAH SELISING,"SELISING,PASIR PUTEH,",Pasar Basah ,Kelantan,Pasir Puteh
17788.0,PASAR BATANG KALI,"JALAN BATANG KALI- HULU YAM,PEKAN BATANG KALI,44300 BATANG KALI, SELANGOR",Pasar Basah ,Selangor,Hulu Selangor
17789.0,G-MART BORNEO RETAIL SDN BHD,"LOT 4 & 5,KG TAKA PITAS,89100 PITAS, SABAH.",Pasar Raya / Supermarket,Sabah,Pitas
17790.0,KEDAI RUNCIT SHIMA JAMIL,"NO.1, BLOK B,FLAT SRI SARAWAK,JALAN KENANGA,",Kedai Runcit,W.P. Kuala Lumpur,Bukit Bintang
17792.0,ARIDAH POHON TANJUNG,"LOT 849,KAMPUNG POHON TANJUNG,",Kedai Runcit,Kelantan,Pasir Mas
17794.0,RESTORAN AMAN YUSOF (RESTORAN INDIA MUSLIM),"39, JALAN PUTRA,36000 TELUK INTAN PERAK,",Restoran India Muslim,Perak,Hilir Perak
17796.0,"PASARAYA PANTAI TIMOR, TUMPAT","BANDAR BARU TUMPAT,TUMPAT,",Pasar Raya / Supermarket,Kelantan,Tumpat
17797.0,PASARAYA STAR GROCER ( TMN MULIA ),"NO: 3,5,7, JALAN BUDIMAN 25,TAMAN MULIA,",Pasar Raya / Supermarket,W.P. Kuala Lumpur,Bandar Tun Razak
17798.0,TUNAS MANJA GROUP (TMG),"PT 2772-2777, JALAN CENGAL,BANDAR UTAMA,",Pasar Raya / Supermarket,Kelantan,Gua Musang
17799.0,ZULFIA SUPERSTORE SDN BHD,"LOT NO.5,6,7 BANDAR EMAS LIGHT INDUSTRI,KM 2 BEAUFORT TOWN ROAD, BANDAR EMAS,89808 BEAUFORT, SABAH.",Kedai Runcit,Sabah,Beaufort
17800.0,ROZUKI BIN MOHAMED,"PERSIMPANGAN JALAN FELDA PERINGKAT 3A,BANDAR BARU CHENEH,24000 KEMAMAN, TERENGGANU",Kedai Runcit,Terengganu,Kemaman
17801.0,RESTORAN BAR WANG RICE,"JALAN SAGU 10TAMAN DAYA, 81100 JOHOR BAHRU,",Restoran Cina,Johor,Johor Bahru
17802.0,TL MART SDN BHD,"LOT 1697 MUKIM PAYA MENGKUANG,DAERAH PERUPOK, BACHOK,",Pasar Mini,Kelantan,Bachok
17803.0,KEDAI RUNCIT ROSLI,"PERNIAGAAN MOHD ROSLI,LOT 1651 HADAPAN SMK KANDIS,BACHOK",Kedai Runcit,Kelantan,Bachok
17804.0,RESTORAN MAK ITAM,"NO.10G, JALAN RAHMATOFF JALAN IPOH50350 KUALA LUMPUR,",Restoran Melayu,W.P. Kuala Lumpur,Batu
17805.0,RESTORAN SAJI RAHMAT,"B-2 DESA SAMUDERA IM 8,25200 KUANTAN,PAHANG DARUL MAKMUR,",Restoran Melayu,Pahang,Kuantan
17806.0,AUNIEY FOOD JUNCTION,"MEDAN SELERA STADIUM,TINGKAT BAWAH S1717,MEDAN SELERA USAHAWAN",Restoran Melayu,Kelantan,Kota Bharu
17824.0,RUMAH MAKAN PAK CU TAWANG,"DEPAN BALAI POLIS TAWANG,BACHOK,",Restoran Melayu,Kelantan,Bachok
17826.0,RESTORAN KIONG KEE,"INANAM BUSINESS CENTRE, BLOK C 15-0, LOT 24, BATU 6 JALAN TUARAN INANAM, 88450 KOTA KINABALU SABAH,",Restoran Cina,Sabah,Kota Kinabalu
17828.0,FARLEY KOTA SAMARAHAN,"LOT 9284 (SUBLOT 90), BANDAR RIYAL,JALAN MUARA TUANG,KOTA SAMARAHAN, SARAWAK",Pasar Raya / Supermarket,Sarawak,Kota Samarahan
17829.0,ANN LEE RESTORAN,"11,JALAN MERBAU,KOTA BHARU,",Restoran Cina,Kelantan,Kota Bharu
17831.0,GMART BORNEO RETAIL SDN BHD - TAMBUNAN,"LOT 1-4, BLOK G,TAMBUNAN NEW TOWNSHIP,PHASE IV, 89657 TAMBUNAN, SABAH",Pasar Raya / Supermarket,Sabah,Tambunan
17835.0,EMART (BATU KAWA) SDN. BHD.,"LOT 6369, BLOCK 225, KNLD, 4TH MILE,BATU KAWA,KUCHING, SARAWAK",Pasar Raya / Supermarket,Sarawak,Kuching
17839.0,H&L AIMAN MALL,"G29, AIMAN MALL,JALAN DATUK MUHAMMAD MUSA,KOTA SAMARAHAN, SARAWAK",Pasar Raya / Supermarket,Sarawak,Kota Samarahan
17840.0,KEDAI MAKAN KAK LAH,"DALAM PASAR MDD,DABONG,",Restoran Melayu,Kelantan,Dabong
17841.0,KEDAI MAKAN R&R,"R&R JELAWANG,DABONG,",Restoran Melayu,Kelantan,Dabong
17842.0,KEDAI ROTI CANAI SULAIMAN,"JALAN BATU BALAI,KUALA KRAI,",Restoran Melayu,Kelantan,Kuala Krai
17844.0,SYLINMAS ENTERPRISE,"SUB LOT 947-951,MENUAN LAND DISTRICT,CHELSEA HIGHT,JALAN SELIRIK KAPIT,",Kedai Runcit,Sarawak,Kapit
17845.0,RESTORAN POHON JATI,"GUCHIL LUAR,KUALA KRAI,",Restoran Melayu,Kelantan,Kuala Krai
17849.0,INSTAR SUPERFRESH S/B (SIN ONN),"CL 105329008, CL 105329217, TB 3579, MILE 2.5, JLN SIN ONN, 91000 TAWAU,",Pasar Mini,Sabah,Kalabakan
17851.0,TAI YANG SUPERMARKET,"TB 352-354,SABINDO WAREHOUSE,91020 TAWAU,",Pasar Raya / Supermarket,Sabah,Tawau
17852.0,CITY  FRESHMART BATU 2,"TB 3687-TB 3692, GR FLOOR TINAGAT PLAZA,JALAN BUNGA RAYA, 91000 TAWAU, SABAH,",Pasar Mini,Sabah,Tawau
17853.0,INSMARK SUPERFRESH,"PUSAT KOMERSIAL GAYA, 91000TAWAU, SABAH,",Pasar Mini,Sabah,Kalabakan
17854.0,GENTINGMAS MALL,"BANDAR SRI INDAH,91000 TAWAU,",Pasar Raya / Supermarket,Sabah,Tawau
17855.0,CITY FRESHMART (HILLTOP),"TB 0025, LOT 179,TAWAU, SABAH,",Pasar Mini,Sabah,Kalabakan
17856.0,CITY FRESHMART (BANDAR SRI INDAH),"BANDAR SRI INDAH,91000 TAWAU, SABAH,",Pasar Mini,Sabah,Tawau
17858.0,G-MART,"KAMPUNG MEROTAI BESAR,91000 TAWAU,",Pasar Raya / Supermarket,Sabah,Kalabakan
17859.0,AEON BIG SUTERA MALL,"NO 1, JALAN SUTERA TANJUNG 8/4,TAMAN SUTERA UTAMA,81300 JOHOR BAHRU, JOHOR",Hypermarket,Johor,Johor Bahru
17860.0,SIN CHIN HIN,"NO. 42, QUEEN'S SQUARE, PEKAN MARUDI,98050 BARAM, SARAWAK,",Kedai Runcit,Sarawak,Marudi
17861.0,NEW MADINA MINIMARKET,"29-12 GOLDEN TRIANGLE,11900,BAYAN LEPAS,PULAU PINANG,",Pasar Mini,Pulau Pinang,Barat Daya
17863.0,SMS MAJU SOLUTION,"KG JEREK BARU,GUA MUSANG, KELANTAN,",Kedai Runcit,Kelantan,Gua Musang
17864.0,AGRO BAZAAR,"TAMAN TITIWANGSA,GUA MUSANG,KELANTAN.",Kedai Runcit,Kelantan,Gua Musang
17865.0,SING KEE TRADING,"NO. 13, NEW TOWN EXTENTION,LOT 421, BLOCK 22, TATAU,",Kedai Runcit,Sarawak,Tatau
17866.0,ECONSAVE CASH & CARRY (EM) SDN. BHD,"LOT 4173,BINTULU PARAGON, NO. 1, OLD AIRPORT PLACE,97000 BINTULU, SARAWAK.",Hypermarket,Sarawak,Bintulu
17868.0,KEDAI MAKAN CHE NOH LIMBONGAN,"179 KAMPUNG KELUBI,JALAN KOTA BHARU,",Restoran Melayu,Kelantan,Pasir Puteh
17869.0,INDAI MINI MART,"NO.5,JALAN PAKAN,",Pasar Mini,Sarawak,Pakan
17870.0,KABAN MINI MART,"GROUD FLOOR NO 7,JALAN PAKAN,",Pasar Mini,Sarawak,Pakan
17871.0,PASAR AWAM MAHARANI,"JALAN SALLEH,84000 MUAR JOHOR,",Pasar Basah ,Johor,Muar
17872.0,PASAR AWAM TANGKAK,"JALAN SOLOK,84900 TANGKAK MUAR JOHOR,",Pasar Basah ,Johor,Ledang
17873.0,HERO MART JALAN GASING,"JALAN 5/51,BUKIT GASING,46000 PETALING JAYA, SELANGOR",Pasar Mini,Selangor,Petaling Jaya
17874.0,PASARAYA WELL MART KOTA DAMANSARA,"NO.2, JALAN CECAWI 6/19B,SEKSYEN 6 KOTA DAMANSARA,47810 PETALING JAYA, SELANGOR",Pasar Mini,Selangor,Petaling Jaya
17876.0,A HONG'S GROCER,"JALAN LUAK BAY,98000 MIRI,SARAWAK",Pasar Raya / Supermarket,Sarawak,Miri
17877.0,NEW WORLD MART (MIRI) SDN BHD,"LOT 1448 (P/LOT 994),BLOCK OFF PASAR LUTONG, M.C.L.D,98000 MIRI, SARAWAK",Pasar Raya / Supermarket,Sarawak,Miri
17878.0,PASAR MINI KELUARGA BEKENU,"LOT 29, BEKENU BAZAAR, SIBUTI,98150 BEKENU, SARAWAK,",Pasar Mini,Sarawak,Bekenu
17880.0,MELIGAI SUPERMARKET,"SELANGAU BAZAAR,SELANGAU,",Pasar Mini,Sarawak,Selangau
17881.0,SING KWONG (KIN ORIENT PLAZA) SUPERMARKET,"LG , KIN ORIENT PLAZA ,JALAN TUN ABANG HAJI OPENG,96000 SIBU , SARAWAK",Pasar Raya / Supermarket,Sarawak,Sibu
17884.0,AM FAMILY MART SDN. BHD.,"NO. 26-27, GROUNDFLOOR, BDA SHAHIDA COMMERCIAL CENTRE,97000 BINTULU, SARAWAK,",Kedai Runcit,Sarawak,Bintulu
17886.0,99 SPEEDMART SEPANG,"LOT 1 & 2 (G),JALAN BESAR PEKAN SEPANG,43900 SEPANG, SELANGOR",Pasar Mini,Selangor,Sepang
17887.0,FAMOUS PELITA CAFE,"NO. 85, GROUND FLOOR,ASSYAKIRIN COMMERCIAL CENTRE,97000 BINTULU, SARAWAK,",Restoran India Muslim,Sarawak,Bintulu
17892.0,ECONSAVE CASH & CARRY (PP),"LOT PT 2980,JALAN PASIR PUTEH - KAMPUNG TOK BALI, SENTRAL 1,16800 PASIR PUTIH, KELANTAN.",Hypermarket,Kelantan,Pasir Puteh
17893.0,TL MART (SELISING) SDN. BHD.,"LOT 3282,KG.SELISING BUKIT JAWA,",Pasar Mini,Kelantan,Pasir Puteh
17895.0,"ONE STOP FRESH MART, UA","LOT 17,GROUND FLOOR, UNIVERSITY PLAZA, JLN SULAMAN,88450 KOTA KINABALU, SABAH.",Kedai Runcit,Sabah,Kota Kinabalu
17896.0,MALAWAR TRADING SALUT,"LOT 19 & 20,UNIT NO. C-0-3, SALUT COMMERCIAL CENTER,82450 KOTA KINABALU, SABAH.",Kedai Runcit,Sabah,Kota Kinabalu
17897.0,KEDAI LAI YAIP TANJUNG ARU,"NO. 18,PINANG STREET TANJUNG ARU, PO BOX 233,88858 KOTA KINABALU, SABAH.",Kedai Runcit,Sabah,Putatan
17898.0,PEI LEE MARKETING PETAGAS,"LOT 17-18,JALAN PUTATAN, TAMAN JUMBO,88200 KOTA KINABALU, SABAH.",Kedai Runcit,Sabah,Putatan
17899.0,CHEONG SENG MINI MARKET PAPAR,"KEDAI NO. 17,BANDARAN OKK HJ. MAHALI,89600 PAPAR, SABAH.",Kedai Runcit,Sabah,Papar
17900.0,ARAFAT MINI MARKET SABINDO,"LOT 11, JALAN PAPAR,TAMAN PANTAI PEKAN LOK KAWI,89600 PAPAR, SABAH.",Kedai Runcit,Sabah,Papar
17901.0,KEDAI SING HING LIKAS,"NO 552,JALAN LIKAS BAY,88400 KOTA KINABALU, SABAH.",Kedai Runcit,Sabah,Kota Kinabalu
17902.0,KALOSHAH TRADING KINGFISHER PLAZA,"NO. 2-0, LOT 13,GROUND FLOOR, LORONG PLAZA KINGFISHER 1, PLAZA KINGFISHER,88400 KOTA KINABALU, SABAH.",Kedai Runcit,Sabah,Kota Kinabalu
17903.0,CHUA SOON SENG PENAMPANG,"BLOCK J, LOT 4-5A,JALAN PENAMPANG, DONGGONGON NEW TOWNSHIP,89507 KOTA KINABALU, SABAH.",Kedai Runcit,Sabah,Penampang
17906.0,TF VL MART,"JALAN 6, TAMAN BERKAT,45300 SUNGAI BESAR, SELANGOR,",Pasar Raya / Supermarket,Selangor,Sabak Bernam
17907.0,PASAR MINI SEGAR ZH PRESINT 11,"PASAR SEGAR ZH MAJU JAYA RESOURCESC-G-02,PANGSAPURI PUTRA DAMAI,PRESINT 11, 62350 PUTRAJAYA.",Pasar Mini,W.P. Putrajaya,Wp Putrajaya
17908.0,PASAR MINI ASFA MAJU PRESINT 15,"NO. 8A (GF-7),JALAN P15H,RESINT 15, 62050 PUTRAJAYA",Pasar Mini,W.P. Putrajaya,Wp Putrajaya
17909.0,PASAR MINI BORONG BIG BAZAAR PRESINT 8,"(BIG BAZAAR RETAIL SDN. BHD) NO.23,24,25,26, BAZAAR @8,JALAN SELUANG P8/7,PRESINT 8, 62000 PUTRAJAYA",Pasar Mini,W.P. Putrajaya,Wp Putrajaya
17911.0,SYED BISTRO PAS SHAH ALAM,"GROUND FLOOR, PLAZA ALAM SENTRAL,JALAN MAJLIS, SEKSYEN 14,40000 SHAH ALAM, SELANGOR",Restoran India Muslim,Selangor,Petaling
17912.0,FOOD COURT GIANT SEK 13,"LOT 2, PERSIARAN SUKAN,SEKSYEN 13,40100 SHAH ALAM, SELANGOR DARUL EHSAN",Foodcourt,Selangor,Petaling
17913.0,MEDAN SELERA SEKSYEN 2 SHAH ALAM,"MEDAN SELERA PRIMA 2,JALAN BUNGA MELOR 2/18, SEKSYEN 2,40000 SHAH ALAM, SELANGOR",Medan Selera,Selangor,Petaling
17914.0,RESTOREN AZIRA SEKSYEN 10,"5, JALAN CEONGSAM 10/11,SEKSYEN 10,40000 SHAH ALAM, SELANGOR",Restoran Melayu,Selangor,Petaling
17915.0,RESTORAN ALI MAJU SDN BHD,"NO 47, JALAN BANDAR RAWANG 2,48000 RAWANG, SELANGOR,",Restoran India Muslim,Selangor,Rawang
17917.0,FOODCOURT  TESCO HYPERMARKET RAWANG,"TESCO HYPERMARKET RAWANG,NO 1, JALAN RAWANG,48000 RAWANG",Foodcourt,Selangor,Rawang
17918.0,RESTORAN D'DESARIA,"NO.1, GROUND FLOOR, JALAN PJS 3/34,TAMAN SRI MANJA,46000 PETALING JAYA, SELANGOR",Restoran Melayu,Selangor,Petaling Jaya
17928.0,YUSRI BIN YUSOFF,"64, KAMPUNG BUKIT JERING,KUALA BALAH JELI, KELANTAN.,",Kedai Runcit,Kelantan,Jeli
17930.0,DOA MAJU SDN BHD,"LOT 277 PERKEDAIAN PEKAN,BUKIT PAYONG,MARANG,TERENGGANU",Kedai Runcit,Terengganu,Marang
17931.0,NEW SIN TECK HONG,"PEKAN DONGGONGON,89500 DONGGONGAN, SABAH.,",Kedai Runcit,Sabah,Penampang
17932.0,POPULAR FOODCOURT,"POPULAR FOODCOURTNO. 16A, JALAN ABDUL RAHMAN,96100 SARIKEI,",Foodcourt,Sarawak,Sarikei
17938.0,BAYAN MUHIBBAH ENTERPRISE,"NO 7, LORONG MAHSURI 7,BAYAN BARU,11900 BAYAN LEPAS, PULAU PINANG",Kedai Runcit,Pulau Pinang,Barat Daya
17939.0,PASARAYA KAWAN KITA SDN.BHD.,"NO.14A-17A, SUSUR ALAMANDA 3,PUSAT PERNIAGAAN ALAMANDA, 08210 SIK KEDAH DARUL AMAN,",Pasar Mini,Kedah,Sik
17940.0,NSK TRADE CITY ( JALAN PEEL ),"PLAZA 393, NO.61, JALAN PEEL,TAMAN MALURI,",Pasar Raya / Supermarket,W.P. Kuala Lumpur,Cheras
17942.0,PERNIAGAAN KIM FAR,"6,8,10,12,14,16, LEBUH NANGKA 2,TAMAN DESA DAMAI,14000 BUKIT MERTAJAM.,LEBUH NANGKA 2,",Pasar Mini,Pulau Pinang,Seberang Perai Tengah
17943.0,ECONSAVE SERI ISKANDAR,"ECONSAVE CASH & CARRY (IKD) SDN. BHD.(CO. NO. 1024124-U),NO.1, PERSIARAN SERI ISKANDAR PRIMA 1,SERI ISKANDAR PRIMA, SERI ISKANDAR, PERAK.",Pasar Raya / Supermarket,Perak,Perak Tengah
17944.0,PASAR MINI MEDAN JAYA,"JALAN TAN CHIN CHEONG,83500, SERI MEDAN,BATU PAHAT",Pasar Mini,Johor,Batu Pahat
17945.0,RIANXENG TRADING SDN BHD,"NO. 2, 4, 6, 10, JALAN DEDARU,TAMAN NIRA,83000,BATU PAHAT, JOHOR",Kedai Runcit,Johor,Batu Pahat
17949.0,RESTORAN QASEH ADINDA,"A77 JALAN IM 7/1, BANDAR INDERA MAHKOTA, 25200 KUANTAN, PAHANG,",Restoran Melayu,Pahang,Kuantan
17950.0,RESTORAN 3B,"NO. 2, IM 14/8, JALAN INDERA MAHKOTA, 25200 KUANTAN, PAHANG,",Foodcourt,Pahang,Kuantan
17951.0,RESTORAN NASI KANDAR IMPIAN,"NLOK B- G2 TAMPIN SQUARE,73000 TAMPIN, NEGERI SEMBILAN,",Restoran India Muslim,Negeri Sembilan,Tampin
17952.0,G NOODLES (FOODCOURT GIANT),"FC 4, GIANT KANGARTAMAN PUTRA UTAMA,JALAN RAJA SYED ALWI,01000 KANGAR, PERLIS",Foodcourt,Perlis,Kangar
17953.0,KAFE IKHWAN PRESINT 15,"D-RASA CATERING SERVICES,NO.70 JALAN DIPLOMATIK PRESINT 15,62050 PUTRAJAYA",Restoran Melayu,W.P. Putrajaya,Wp Putrajaya
17955.0,BJ STATION BAGAN JERMAL,"PT 51, JALAN BAGAN JERMAN12300 BUTTERWORTHPULAU PINANG,",Restoran Melayu,Pulau Pinang,Seberang Perai Utara
17956.0,RESTORAN USTAZ TOMYAM,"DEPAN BANK MUAMALAT KOK LANAS,KOMPLEKS PERNIAGAAN SAIDINA ALI,JALAN KUALA KRAI, KOK LANAS",Restoran Melayu,Kelantan,Kota Bharu
17957.0,NOOR RESTORAN,"643 JALAN BESAR,RANTAU PANJANG,",Restoran Melayu,Kelantan,Pasir Mas
17958.0,ANGEE WHOLESALE SDN. BHD,"PANDAN MALIM. LOT4233,PLAZA PANDAN MALIM,JALAN BALAI PANJANG, 75250 MELAKA",Pasar Mini,Melaka,Melaka Tengah
17959.0,PASAR MINI BORONG BIG BAZAAR PRESINT 11,"NO.1,JALAN P11 E/5,PRESINT 11, 62300 PUTRAJAYA",Pasar Mini,W.P. Putrajaya,Wp Putrajaya
17963.0,PERNIAGAAN HING KWAN,"NO 30, JALAN TABLA,TAMAN BAHAGIA,83700, YONG PENG,JOHOR",Kedai Runcit,Johor,Batu Pahat
17966.0,FOODCOURT TESCO,"TESCO NILAI, NO.1,JLN BBN 1/3,PUTRA NILAI,71800 NILAI, N.SEMBILAN,",Foodcourt,Negeri Sembilan,Seremban
17967.0,CHANG LE CATERING RESTAURANT,"NO 1, JALAN RHU,TAMAN BATU PAHAT,83000, BATU PAHAT,JOHOR,",Restoran Cina,Johor,Batu Pahat
17968.0,PASARAYA SAMAMAJU (D) SDN. BHD.,"LOT 6239,JALAN BARU PAK SABAH,23000 DUNGUN TERENGGANU",Pasar Raya / Supermarket,Terengganu,Dungun
17969.0,PASARAYA SUPER SEVEN ( VIVA HOME ),"G73, GROUND FLOOR,VIVA HOME SHOPPING MALL,NO.85, JALAN LOKE YEW,",Pasar Raya / Supermarket,W.P. Kuala Lumpur,Cheras
17973.0,LO BAK RICE CORNER,"JALAN PEKAN LAMA,78000 ALOR GAJAH, MELAKA,",Restoran Cina,Melaka,Alor Gajah
17975.0,BATARAS SUPERSTORE,"GROUND FLOOR,PASAR RAYA GRACEVILLE,SEMBULAN",Pasar Raya / Supermarket,Sabah,Kota Kinabalu
17976.0,KEDAI RUNCIT MOHD FAUZI BIN MERANG,"LOT 2142,JALAN BESAR KAMPUNG NYIOR,23100 DUNGUN TERENGGANU",Kedai Runcit,Terengganu,Dungun
17977.0,AZZURI MART,"PT 8073,JALAN TOK GURU HJ BAKAR,BANDAR BARU SATELIT ISLAM, PASIR TUMBUH,",Kedai Runcit,Kelantan,Kota Bharu
17980.0,NIRWANA MAJU (KUALA BERANG) SDN. BHD.,"LOT 3172, JALAN BESAR,KUALA BERANG, HULU TERENGGANU,TERENGGANU",Pasar Raya / Supermarket,Terengganu,Hulu Terengganu
17982.0,PASAR BASAH PAKA (DUNGUN),"MUKIM KUALA PAKA,23100 DUNGUN,TERENGGANU",Pasar Basah ,Terengganu,Dungun
17983.0,PASAR MINI ADUKA,"1397 JALAN BESAR PAKA,23100 PAKA,DUNGUN, TERENGGANU",Pasar Mini,Terengganu,Dungun
17985.0,KEDAI RUNCIT TAFAZ MAJU BLOK A PRESINT 11,"BLOK A, PANGSAPURI PUTRA DAMAI,PRESINT 11,62300, PUTRAJAYA",Kedai Runcit,W.P. Putrajaya,Wp Putrajaya
17986.0,PASAR TANI KEKAL (KERTEH),"24300 KERTEH,KEMAMAN,",Pasar Basah ,Terengganu,Kemaman
17987.0,MYDIN HYPERMARKET VISTA TUNKU,"LOT 9512,BLOCK NO. 18 SALAK LAND DISTRICT JALAN DEMAK, PETRA JAYA,93050 KUCHING, SARAWAK.",Hypermarket,Sarawak,Kuching
17988.0,RESTORAN AL BAIK,"GM 2832,LOT 9241333 KG BESUT LORONG 13,24000 KEMAMAN",Restoran India Muslim,Terengganu,Kemaman
17989.0,NICE TO EAT KOPITIAM,"TINGKAT 1-1/1, JALAN CHENG PERDANA 1/21A,TAMAN CHENG PERDANA,75250 MELAKA",Restoran Cina,Melaka,Melaka Tengah
17990.0,PASARAYA BS TEMERLOH SDN BHD,"NO 3,5,7,9,11 & 13 JALAN CHENGAL INDAH,TAMAN CHENGAL INDAH,TEMERLOH, PAHANG.",Pasar Raya / Supermarket,Pahang,Temerloh
17991.0,RESTORAN MASS WIRA,"NO.104 BANGUNAN LKNP, JALAN AH PENG, 28700 BENTONG,PAHANG,",Restoran Melayu,Pahang,Bentong
17992.0,RESTORAN NAIMAH 1 MALAYSIA,"JALAN ANGSANA 3, BANDAR BARU, CAMERON HIGHLANDS, PAHANG,",Restoran Melayu,Pahang,Cameron Highlands
17993.0,RESTORAN YOON LEE,"NO. 390, KG BARU SEMPALIT, 27600 RAUB PAHANG.,",Restoran Cina,Pahang,Raub
17994.0,FATT LEE COFFEE SHOP,"NO.9, LOKE YEW, 27800 BENTONG, PAHANG,",Restoran Cina,Pahang,Bentong
17997.0,KEDAI JUNAIDAH BINTI ABDUL RAHIM,"GERAI MDR NO.2, KG SIMPANG KALLANG, 27600 RAUB, PAHANG,",Medan Selera,Pahang,Raub
17998.0,NABILA TOMYEM MASAKAN KAMPONG,"NO.2, MEDAN SELERA KAMPUNG BARU, 28700 BENTONG, PAHANG,",Medan Selera,Pahang,Bentong
17999.0,GERAI NO.1,"CAMERON TOM YAM DAN MAKANAN LAUT, MEDAN PELANGKUNG, 39100 BRINCHANG, PAHANG,",Medan Selera,Pahang,Cameron Highlands
18000.0,RESTORAN NAJATH CAWANGAN BENTONG,"NO.44 TAMAN SRI SIANTAN, 28700 BENTONG, PAHANG,",Restoran India Muslim,Pahang,Bentong
18001.0,RESTORAN PAH BEDAH,"JALAN PEKAN NENASI 26600 PEKAN PAHANG,",Restoran Melayu,Pahang,Pekan
18004.0,KAK JAH & FAMILY,"JALAN KUBANG SEMANG,14400 KUBANG SEMANG,BUKIT MERTAJAM,P.PINANG,",Restoran Melayu,Pulau Pinang,Seberang Perai Tengah
18005.0,YUNG SIANG ENTERPRISE SDN BHD,"NT.177,KG LAMPIJAS, PETI SURAT NO.38,89727 MEMBAKUT, SABAH.",Kedai Runcit,Sabah,Kimanis
18006.0,KEDAI FUI FAH,"UNIT 3,4 & 5,BLOCK E, BONGAWAN PLAZA PAPAR,89708 PAPAR, SABAH.",Kedai Runcit,Sabah,Kimanis
18009.0,MAMAK CURRY HOUSE 24 JAM,"LOT 1, BLOK A1, GROUND FLOOR, BANDAU COMMERCIAL CENTRE, 89100 KOTA MARUDU,",Restoran India Muslim,Sabah,Kota Marudu
18010.0,C-MART SDN BHD NIBONG TEBAL,"KOMPLEKS INDUSTRI CENDERAWASIH,JALAN BESAR MUKIM 11,14300 NIBONG TEBAL,SEBERANG PERAI SELATAN PULAU PINANG.,",Pasar Raya / Supermarket,Pulau Pinang,Seberang Perai Selatan
18011.0,PASAR AM MEMBAKUT,"JALAN MEMBAKUT-BEAUFORT,89728 MEMBAKUTSABAH,",Pasar Basah ,Sabah,Kimanis
18012.0,RESTORAN SHAZA MAKMUR,"NO. B-1280, GROUND FLOOR, JALAN TANJUNG LUMPUR 26060 KUANTAN PAHANG,",Restoran India Muslim,Pahang,Kuantan
18013.0,RESTORAN JAMAL SALIM SEMBULAN,"LOT NO.27, GROUND FLOOR,GRACE SQUARE JLN PANTAI, SEMBULAN88100 KOTA KINABALU,",Restoran India Muslim,Sabah,Kota Kinabalu
18015.0,RESTORAN IDAMAN,"LOT 366, GROUND FLOOR, JALAN TTUSAN, 98850 LAWAS, SARAWAK.,",Restoran Melayu,Sarawak,Lawas
18016.0,TRELEAF MART SDN. BHD. (KUBANG JELA),"LOT 8267, KG. KUBANG JELA,MUKIM MANIR,KUALA TERENGGANU",Pasar Mini,Terengganu,Kuala Terengganu
18017.0,TRELEAF MART WAKAF TENGAH,"LOT PT. 31974 & 20243,KG. WAKAF TENGAH,",Pasar Mini,Terengganu,Kuala Nerus
18018.0,PASARAYA MARANG (TR0048869-K),"LOT 435, KG. KIJING,MARANG,TERENGGANU",Pasar Mini,Terengganu,Marang
18019.0,PERNIAGAAN AWANG M.A.R,"9221 TAMAN NAKHODA,JALAN KUALA BERANG,KUALA TERENGGANU, TERENGGANU",Kedai Runcit,Terengganu,Kuala Terengganu
18021.0,PASARAYA SINAR MEGA,"8920,8921,8922,8923,BANDAR MARANG,MARANGTERENGGANU",Pasar Mini,Terengganu,Marang
18022.0,TRELEAF MART TOK JIRING,"LOT 33001-A & 33001-B,KAMPUNG LUBOK BUNOK,MUKIM KUALA NERUS",Pasar Mini,Terengganu,Kuala Nerus
18025.0,PASAR MINI DARUSSALAM PRESINT 16,"NO5-G, GROUND FLOOR,JALAN P16/1,PRESINT 16, 62050 PUTRAJAYA",Pasar Mini,W.P. Putrajaya,Wp Putrajaya
18027.0,QUEEN CHAR KUEY TEOW,"LOT 1292,CABANG 3 MELAWI,BACHOK",Restoran Melayu,Kelantan,Bachok
18028.0,KAK SAH KEDAI MAKAN,"CABANG 3,KLINIK KESIHATAN GUNONG,BACHOK",Restoran Melayu,Kelantan,Bachok
18029.0,RESTORAN TOONG NAM,"JALAN BESAR,31100 SUNGAI SIPUT (U),PERAK,",Restoran Cina,Perak,Kuala Kangsar
18030.0,RESTORAN JINGGA EMAS ENTERPRISE,"GERAI NO. 2, MEDAN SELERA LIMAN KATI,33020 KUALA KANGSAR, PERAK,",Restoran Melayu,Perak,Kuala Kangsar
18031.0,JOE CORNER,"SUBLOT 56, JALAN HOLLIS95000 SRI AMAN, SARAWAK,",Restoran Melayu,Sarawak,Sri Aman
18032.0,UMMIE MEE REBUS (CHE SOM BINTI ABU BAKAR),"NO. 2361 JALAN DATUK HAJI AHMAD BADAWI, 13200 KEPALA BATAS, PULAU PINANG,",Restoran Melayu,Pulau Pinang,Seberang Perai Utara
18033.0,RESTORAN KENG NAM HAI,"NO.51, JALAN KAMPUNG BARU,OFF JALAN IPOH, BATU,",Restoran Cina,W.P. Kuala Lumpur,Batu
18034.0,MALABAR CAFE,"NO.1, JLN PANTAI MURNI 6PANTAI DALAM59200 KUALA LUMPUR,",Restoran India Muslim,W.P. Kuala Lumpur,Lembah Pantai
18035.0,RESTORAN M GULAM RASUL,"NO.61,BATU SATU,JALAN CHANGKAT JONG,36000 TELUK INTAN, PERAK (IP0358047-M),",Restoran India Muslim,Perak,Hilir Perak
18036.0,RESTORAN CHAN WAH HO,"NO 1,JALAN 52/10,46200 PETALING JAYA, SELANGOR",Restoran Cina,Selangor,Petaling Jaya
18039.0,SRI MUTIARA MART,"SRI MUTIARA GROUP TRADINGNO.6 JALAN TASEK SS3,BANDAR TASEK MUTIARA14120 SIMPANG AMPATPULAU PINANG,",Kedai Runcit,Pulau Pinang,Seberang Perai Selatan
18040.0,NAURA BISTRO,"NO 1 KEDAI MDD,STESEN KTMB DABONG,",Restoran Melayu,Kelantan,Dabong
18041.0,ISHAH BINTONG ENT (TMN BINTONG MEWAH),"NO 32, JALAN BINTONG MEWAH 1,TAMAN BINTONG MEWAH,01000 KANGAR PERLIS",Kedai Runcit,Perlis,Kangar
18042.0,YS CAFE,"KAMPUNG NANGKA SIBU96000 SIBU, SARAWAK.,",Restoran Melayu,Sarawak,Sibu
18043.0,ST ROSYAM MART,"LOT 3-13, GROUND FLOOR,DEWAN SRI ISKANDAR,TAMAN SETIAWANGSA,",Pasar Raya / Supermarket,W.P. Kuala Lumpur,Setiawangsa
18044.0,PASARAYA ECONSAVE LANGKAP,"A-11A,JALAN CHUI CHAKTAMAN SRI LANGKAP,36700 LANGKAP PERAK",Pasar Raya / Supermarket,Perak,Hilir Perak
18045.0,RESTORAN NORA IKAN BAKAR,"NO.1, JALAN KUCHAI JAYA 8TMN KUCHAI JAYAKUALA LUMPUR,",Restoran Melayu,W.P. Kuala Lumpur,Seputeh
18047.0,ALIEF MAJU ENTERPRISE SDN BHD,"NO. 29 LORONG BBKL 2/3/2BANDAR BARU, 27200 KUALA LIPIS PAHANG,",Restoran India Muslim,Pahang,Lipis
18048.0,RESTAURANT SHIA JIA LOU,"NO. 11, TAMAN KSMBATU 2, 27200 KUALA LIPISPAHANG,",Restoran Cina,Pahang,Lipis
18049.0,RESTORAN NORIHAN,"NO.5 GERAI MPKB,JALAN SEKOLAH KEBANGSAAN KUBANG KERIAN 3,DEPAN HUSM",Restoran Melayu,Kelantan,Kota Bharu
18050.0,RESEPI DAPUR,"TINGKAT 1, KOMPLEKS UJANA KEWANGAN,87000 W.P. LABUAN,",Restoran Melayu,W.P. Labuan,Kawasan Bandar
18051.0,LONGWAN GUAR CHEMPEDAK,"NO.1, KOMPLEKS PERNIAGAAN GUAR UTAMA, JALAN GUAR UTAMA, 08800 GUAR CHEMPEDAK, KEDAH.,",Pasar Raya / Supermarket,Kedah,Yan
18053.0,RESTORAN MUMTAZ,"TAMAN PANTAI LOK KAWILOT-10, TAMAN PANTAI LOK KAWISABINDO, JALAN PAPAR,",Restoran India Muslim,Sabah,Papar
18054.0,RESTORAN MAKANAN DAN MINUMAN TUAN HAJI BUJANG BIN ABDUL RAHMAN,"PEKAN LUNDU, 94500 LUNDU, SARAWAK.,",Restoran Melayu,Sarawak,Lundu
18055.0,RESTORAN SRI PEKAN,"LOT 402, PT, 1881JALAN TENGKU ARIFF BENDAHARA 26600 PEKANPAHANG DARUL MAKMUR,",Restoran Cina,Pahang,Pekan
18056.0,PASAR MINI ARMADAJAYA,"NO. 12-14, JALAN MANGGA 1,TAMAN KOTA JAYA,81900, KOTA TINGGI, JOHOR",Pasar Mini,Johor,Kota Tinggi
18060.0,PREMIS TEST,"UNTUK KEGUNAAN TESTING,test,",Kedai Serbaneka,W.P. Putrajaya,Wp Putrajaya
18061.0,OTEN'S @ RASA INDAH KAFETERIA,"KOTA SAMARAHAN, SARAWAK,",Restoran Melayu,Sarawak,Kota Samarahan
18062.0,RESTORAN ZURAIMI,"NO 7, JALAN SEJAMBAK 14, TAMAN BUKIT DAHLIA, 81700, PASIR GUDANG, JOHOR,",Restoran Melayu,Johor,Johor Bahru
18063.0,MYDIN HYPERMARKET MUTIARA RINI,"NO 7, PERSIARAN JAYA 1,TAMAN MUTIARA RINI,81300 SKUDAI, JOHOR.",Hypermarket,Johor,Johor Bahru
18064.0,338 TIGA TIGA LAPAN MINI MARKET,"NO. 30, 32 JALAN SAUJANA PERMAI 1,TAMAN SAUJANA PERMAI,75450 BUKIT KATIL, MELAKA",Pasar Mini,Melaka,Melaka Tengah
18065.0,RESTOREN MAKANAN LAUT SOON SOON LAI,"NO 1 TAMAN KOTA JAYA 2.,34700 SIMPANG TAIPING PERAK,",Restoran Cina,Perak,"Larut, Matang & Selama"
18068.0,HAPPY MART ENTERPRISE,"NO.52, LOT 74,TANJUNG MANIS BAZAAR,",Pasar Mini,Sarawak,Tanjung Manis
18072.0,FOODCOURT PASAR RIA BELAWEI,"KAMPUNG BELAWAI, 96150 TANJUNG MANIS, SARAWAK,",Foodcourt,Sarawak,Tanjung Manis
18073.0,EVERWIN SUPERMARKET (SELANGAU),"PEKAN SELANGAU,SELANGAU,",Pasar Mini,Sarawak,Selangau
18074.0,TIANG SOON,"NO. 16,PEKAN BALINGIAN BALINGIAN,",Kedai Runcit,Sarawak,Balingian
18075.0,NAM SENG,"NO. 21,PEKAN BALINGIAN BALINGIAN,",Kedai Runcit,Sarawak,Balingian
18076.0,KIAN SENG (SY JAYA BUMI),"NO. 18,PEKAN BALINGIAN BALINGIAN,",Kedai Runcit,Sarawak,Balingian
18078.0,HASANAH HAJI BOS,"JALAN MASJID LAMA,KAMPUNG BELAWAI,",Kedai Runcit,Sarawak,Tanjung Manis
18079.0,SON ENTERPRISE,"JALAN MASJID LAMA,KAMPUNG BELAWAI,",Kedai Runcit,Sarawak,Tanjung Manis
18081.0,MOHD CHE ANUAR KEDAI RUNCIT,"NO. 55, RKT KESEDAR MERANTO,GUA MUSANG,",Kedai Runcit,Kelantan,Gua Musang
18087.0,CHOP GUAN SENG (GS MART),"PTD 7916, TAMAN PONTIAN JAYA,BATU 34, JALAN JOHOR,82000 PONTIAN, JOHOR",Pasar Raya / Supermarket,Johor,Pontian
18088.0,KEDAI RUNCIT JADILMAN,"NO. TPP 10/5, JALAN BESAR,81500 PEKAN NENAS, PONTIAN, JOHOR,",Kedai Runcit,Johor,Pontian
18089.0,I MART XCEL SDN. BHD,"G/FLOOR & 1ST FLOORSUBLOT NO. 17-21,BLOCK 13, MENARA LAND DISTRICT,",Kedai Runcit,Sarawak,Kapit
18094.0,ECONSAVE AMPANG,"NO. 2, JALAN PERNIAGAAN AMPANG 4,PUSAT PERNIAGAAN AMPANG,31350 IPOH, PERAK",Pasar Raya / Supermarket,Perak,Kinta
18095.0,AEON BIG FALIM,"NO 1, HALA FALIM 1,TAMAN MAS JAYA FALIM,30200 IPOH, PERAK",Pasar Raya / Supermarket,Perak,Kinta
18097.0,TF VALUE MART BOTANI,"NO. 2, LEBUH, LAPANGAN PERDANA 2,PANORAMA LAPANGAN PERDANA,IPOH PERAK",Pasar Raya / Supermarket,Perak,Kinta
18098.0,AEON BIG ( DANAU KOTA ),"LOT PT 9830, JALAN LANGKAWI,TAMAN DANAU KOTA,",Pasar Raya / Supermarket,W.P. Kuala Lumpur,Wangsa Maju
18099.0,SAVE MINI MARKET ST.18,"NO. 87,JALAN PENGKALAN BARAT,TAMAN KAR KING, IPOH, PERAK",Kedai Runcit,Perak,Kinta
18100.0,99 SPEEDMART AMPANG,"99 SPEED MART SDN BHD(1841), PK PP AMPANGNO 64(G),JALAN AMPANG JAYA 1,PUSAT PERNIAGAAN AMPANG, IPOH, PERAK",Pasar Mini,Perak,Kinta
18102.0,99 SPEEDMART LAPANGAN PERDANA (BOTANI),"GROUND FLOOR, NO. 1 & 3,LALUAN LAPANGAN PERDANA 1,PANORAMA LAPANGAN PERDANA, IPOH, PERAK",Pasar Mini,Perak,Kinta
18103.0,99 SPEEDMART JERAM,"99 SPEEDMART SDN BHD(1779), PK JERAM NO. 10 & 11 (G),JALAN HARMONI, TAMAN HARMONI,31850 JERAM, PERAK",Pasar Mini,Perak,Kampar
18104.0,MK MINI MARKET,"TAMAN CAHAYA,JALAN SIBUKANG,98700 LIMBANG,SARAWAK.,",Kedai Runcit,Sarawak,Limbang
18105.0,BATARAS SUPERSTORE (KOTA MARUDU),"LOT 41, 42, 43, 44, 45 & 46,MEDAN MARUDU PHASE 2,KOTA MARUDU, SABAH",Pasar Raya / Supermarket,Sabah,Kota Marudu
18106.0,COLA AGENCY & TRADING S.B,"K111-K117,JALAN ABDUL RAHMAN,24000 KEMAMAN",Pasar Raya / Supermarket,Terengganu,Kemaman
18107.0,NEW 2099,"LOT 472 & 473,JALAN LAWAS DAMIT,",Kedai Runcit,Sarawak,Lawas
18108.0,MAJU TRADING,"PEKAN TRUSAN,LAWAS,",Kedai Runcit,Sarawak,Lawas
18109.0,CHOP HOCK HAI,"PEKAN TRUSAN,LAWAS,",Kedai Runcit,Sarawak,Lawas
18113.0,GERAI GLB-3 HENTIAN R&R CHENEH,"HENTIAN R&R CHENEH,BANDAR CHENEH BARU,24000 KEMAMAN",Medan Selera,Terengganu,Kemaman
18114.0,RUMAH MAKAN LAWA-LAWA,"NO 1, JALAN KRISTAL 2, TAMAN KRISTAL, 86400 PARIT RAJA, BATU PAHAT, JOHOR,",Restoran Melayu,Johor,Batu Pahat
18115.0,GIANT SERI KEMBANGAN,"LOT. G10,JALAN PUTRA PERMAI, PUSAT BANDAR PUTRA PERMAI,43400 SERI KEMBANGAN,SELANGOR DARUL EHSAN.",Hypermarket,Selangor,Hulu Langat
18116.0,HERO MARKET KELANA JAYA,"119, JALAN SS 6/12,SS6,47301 PETALING JAYA, SELANGOR",Pasar Raya / Supermarket,Selangor,Petaling Jaya
18117.0,99 SPEEDMART JALAN TUN SABAN,"NO. 24 & 26 (GROUND FLOOR),JALAN TUN SABAN,33300 GERIK, PERAK",Pasar Mini,Perak,Hulu Perak
18118.0,99 SPEED MART SDN BHD (CAWANGAN SIMPANG),"NO.655 (GROUND FLOOR), JALAN TAMAN KOTA JAYA LUAR, TAMAN KOTA JAYA, 34700, SIMPANG, PERAK,TAMAN KOTA JAYA LUAR, TAMAN KOTA JAYA, 34700, SIMPANG, PERAK,",Pasar Mini,Perak,"Larut, Matang & Selama"
18119.0,99 SPEED MART,"99 SPEEDMART SDN BHD(519537-X)(1816) PK PEKAN BARU TELUK INTAN,NO.20 & 21 (G) LORONG  1 PEKAN BARU,36000 TELUK INTAN, PERAK",Pasar Mini,Perak,Hilir Perak
18120.0,99 SPEEDMART TAMAN RENGAS JAYA,"NO. 16 & 17 (GROUND FLOOR),PERSIARAN RENGAS JAYA,TAMAN RENGAS JAYA, PADANG RENGAS, PERAK",Pasar Mini,Perak,Kuala Kangsar
18121.0,99 SPEEDMART TAPAH,"24, JALAN STESEN,35000 TAPAH,  PERAK,",Pasar Mini,Perak,Batang Padang
18122.0,PASAR MINI 99 SPEED MART SDN BHD,"(2202) PK LINTANG BESTARI,NO.4 & 6 (G), LINTANG BESTARI 1,PUSAT BANDAR FASA 2, 34200 PARIT BUNTAR, PERAK.",Pasar Mini,Perak,Kerian
18123.0,99 SPEEDMART SERI MANJUNG,"(519537-X)(1997) PK SERI MANJUNG,NO. 66 & 67 (G), PERSIARAN 2B, FASA 2B,32040 SERI MANJUNG,PERAK.",Pasar Mini,Perak,Manjung
18124.0,WILAYAH FRESH MART,"(MDLD 7948 & 7949) UNIT NO. 4& 5LINEAR BLOCK B,LEVEL 1 HARBOUR TOWN,91000 LAHAD DATU, SABAH.",Kedai Runcit,Sabah,Lahad Datu
18125.0,SRI MEWAH MARKETING SDN BHD,"(MDLD 3975 & 3976) LOT 90 & 91,FAJAR CENTRE, P.O.BOX 60717,91116 LAHAD DATU, SABAH.",Kedai Runcit,Sabah,Lahad Datu
18126.0,LOTUS'S BAGAN AJAM,"PMT 7528,JALAN BAGAN AJAM,13000 BUTTERWORTH, PULAU PINANG.",Hypermarket,Pulau Pinang,Seberang Perai Utara
18128.0,RESTORAN RAMAI RAMAI ORANG,"NO. 406, GROUND FLOOR, TAMAN SEJATI 2,32000 SITIAWAN, PERAK.,",Restoran Cina,Perak,Manjung
18129.0,SINYIN MART SDN. BHD.,"NO. 19, LOT 1383,JALAN TATAULIM MY COMMERCIAL CENTRE,TATAU, BINTULU SARAWAK",Pasar Raya / Supermarket,Sarawak,Tatau
18130.0,TUNAS MANJA SUPERMARKET (JERANTUT) SDN BHD,"(CAWANGAN BANDAR) LOT PT 9344,JERANTUT PAHANG,",Pasar Raya / Supermarket,Pahang,Jerantut
18132.0,ECONSAVE CASH AND CARRY (TRI) SDN BHD,"NO 2, JALAN SENTRAL TRIANG 10,SENTRAL TRIANG,TRIANG PAHANG,",Pasar Raya / Supermarket,Pahang,Bera
18133.0,BS FRESH MART,"NO 25,27,29,31,33,JLN WAWASAN 1, TMN WAWASAN,86800 MERSING, JOHOR.",Pasar Raya / Supermarket,Johor,Mersing
18134.0,99 SPEEDMART,"JALAN INDAH 9,TAMAN SAYONG INDAH,81440 BANDAR TENGGARA",Pasar Mini,Johor,Kota Tinggi
18135.0,ECONSAVE CASH & CARRY KUCHING,"LOT 20023 (PHASE 2),BLOCK 11 MUARA TEBAS LAND DISTRICT,JALAN STUTONG BARU,",Hypermarket,Sarawak,Kuching
18136.0,CS MINI MARKET MJC,"CS MINI MARKET SDN. BHD.CG 103-107, JALAN BATU KAWA,BATU KAWAH NEW TOWNSHIP,",Pasar Mini,Sarawak,Kuching
18137.0,CS MINI MARKET TABUAN TRANQUILITY,"CS MINI MARKET SDN. BHD.GROUND FLOOR,LOT 16824-16828, BLOCK 11, MTLD TABUAN TRANQUILITY COMM. CENTRE, JALAN CANNA,",Pasar Mini,Sarawak,Kuching
18138.0,CS MINI MARKET SENTOSA PARADE,"CS MINI MARKET SDN. BHD.LOT 1667-1674 (SL24-31),SENTOSA PARADE,7TH MILE, JALAN PENRISSEN,",Pasar Mini,Sarawak,Kuching
18140.0,RESTORAN SOFIEA,"2998, JALAN HASHIM AWANG,TAMAN GELUGOR INDAH,13300 TASEK GELUGOR,PULAU PINANG,",Restoran Melayu,Pulau Pinang,Seberang Perai Utara
18141.0,PASAR MINI LAI LEK,"NO 1,2,3 JALAN KRISTAL 5,TAMAN KRISTAL 2,86400 PARIT RAJA, JOHOR.",Pasar Mini,Johor,Batu Pahat
18143.0,PASAR BORONG KLANG,"JALAN PASAR BARU 2,KAWASAN 17,41050 KLANG, SELANGOR",Borong,Selangor,Klang
18144.0,NSK TRADE CITY (PANDAN) SDN BHD,"LOT 138, BATU 71/2,JLN KOTA TINGGI, PANDAN,81100 JOHOR BAHRU, JOHOR.",Pasar Raya / Supermarket,Johor,Johor Bahru
18147.0,PASAR BORONG KUALA LUMPUR,"31, JALAN 6/3A, 
PUSAT BANDAR UTARA SELAYANG,
BATU CAVES,
KUALA LUMPUR,,",Borong,W.P. Kuala Lumpur,Batu
18148.0,PASAR BORONG KANGAR,"JALAN KAMPUNG BAKAU,01000 KANGAR PERLIS,",Borong,Perlis,Kangar
18149.0,PASAR BORONG KAMUNTING,"34600 KAMUNTING TAIPING PERAK,34600 KAMUNTING TAIPING PERAK,",Borong,Perak,"Larut, Matang & Selama"
18151.0,PASAR BORONG PANDAN KANGKAR TEBRAU,"PASAR BORONG PANDAN KANGKAR TEBRAU, 81100, JOHOR BAHRU, JOHOR,",Borong,Johor,Johor Bahru
18152.0,PASAR BORONG SEGAMAT,"NO 30, JALAN BISTARI 4/9, TAMAN YAYASAN BULOH KASAP, SEGAMAT,",Borong,Johor,Segamat
18154.0,PASAR BORONG KOTA TINGGI,"BATU 24, JALAN JOHOR, KAWASAN PERINDUSTRIAN KOTA TINGGI, 81900 KOTA TINGGI,",Borong,Johor,Kota Tinggi
18155.0,HM CURRY HOUSE,"NO 48, JALAN ZAPIN INDAH 2BANDAR INDERAPURA 27000 JERANTUT PAHANG,",Restoran India Muslim,Pahang,Jerantut
18157.0,VIETZ STATION,"LOT 32, TAMAN INDAH BARU,73000 TAMPIN, NEGERI SEMBILAN,",Restoran Cina,Negeri Sembilan,Tampin
18158.0,KEDAI RUNCIT IKMAL,"BAZAR PEJABAT DAERAH,KAMPUNG BARI BESAR 21010 SETIU,TERENGGANU",Kedai Runcit,Terengganu,Setiu
18159.0,TRELEAF MART BINJAI RENDAH,"KAMPUNG BINJAI RENDAH,MARANG,TERENGGANU",Pasar Mini,Terengganu,Marang
18160.0,PASARAYA XIRI GONG DATOK,"PASARAYA XIRI SDN. BHD. (712975-P), CAWANGAN GONG DATOK,LOT 7049, JALAN MENGABANG TELIPOT,KAMPUNG GONG DATOK, KUALA TERENGGANU",Pasar Raya / Supermarket,Terengganu,Kuala Nerus
18161.0,LULU HYPERMARKET ( TMN SHAMELIN ),"LG FLOOR, 1 SHAMELIN MALL,100 JALAN 4/91,TAMAN SHAMELIN PERKASA,",Hypermarket,W.P. Kuala Lumpur,Cheras
18162.0,SAVEMORE SUPERMARKET PLT,"LOT 8-14, BUKIT GARDEN,KG. BUKIT KALAM, JALAN MOHD SALLEH, 87000,",Pasar Raya / Supermarket,W.P. Labuan,Kawasan Luar Bandar
18163.0,PASARAYA AJ BEST ( CHOW KIT ),"LOT 483, JALAN TUANKU ABDUL RAHMAN,CHOW KIT,",Pasar Raya / Supermarket,W.P. Kuala Lumpur,Titiwangsa
18164.0,SEGI FRESH KUALA KANGSAR,"NO. 11-16, MEDAN MUTIARA,JALAN TAIPING,33000 KUALA KANGSAR",Pasar Raya / Supermarket,Perak,Kuala Kangsar
18165.0,BATARAS HYPERMARKET GRAND MERDEKA,"NO 7, LOT 2 GRAND MERDEKA HOME,JALAN TUARAN,89200 KOTA KINABALU, SABAH.",Hypermarket,Sabah,Kota Kinabalu
18166.0,88 FRESH MART INANAM,"NO.46-0, LOT 2,GROUND FLOOR, BLOCK F, INANAM NEW TOWNSHIP, PHASE 2,JALAN TUARAN KOTA KINABALU",Kedai Runcit,Sabah,Kota Kinabalu
18167.0,FRIEND MINI MART,"GROUND FLOOR, LOT NO.1,INANAM POINT, BLOCK L, INANAM COMMERCIAL CENTRE,88450 KOTA KINABALU, SABAH.",Kedai Runcit,Sabah,Kota Kinabalu
18170.0,PASAR INANAM,"MILE 6, JALAN TUARAN,JALAN TUARAN, INANAM,",Pasar Basah ,Sabah,Kota Kinabalu
18171.0,TRELEAF AJIL,"LOT 4140, 4141 & 4142 BANGUNAN KEDAI,KG. BATU 18, AJIL,HULU TERENGGANU, TERENGGANU",Pasar Mini,Terengganu,Hulu Terengganu
18172.0,PASARAYA EKONOMI SOON KEE SDN.BHD,"109-111-119, ,TAMAN BUKIT PANCHOR,LORONG BUKIT PANCHOR 2,NIBONG TEBAL",Pasar Mini,Pulau Pinang,Seberang Perai Selatan
18173.0,7 ELEVEN SEAFEST SQUARE,"SEAFEST SQUARE, JALAN KASTAM 91308 SEMPORNA,",Kedai Serbaneka,Sabah,Semporna
18174.0,NOR AINI BT. SALLEH,"NO. 1, BAZAR MDS SRI LANGKAPSETIU, TERENGGANU,",Medan Selera,Terengganu,Setiu
18175.0,GERAI SELERA PANTAI TIMOR,"NO. 4, TAMAN SELERA SUNGAI LEREKSETIU, TERENGGANU,",Medan Selera,Terengganu,Setiu
18176.0,RESTORAN AL MUBIN MAJU,"LOT 1548 JALAN SULTAN MOHAMAD (002463139-H),KUALA TERENGGANU,TERENGGANU",Restoran India Muslim,Terengganu,Kuala Terengganu
18177.0,MIDIEY MOHD ENTERPRISE,"NO,3,TAMAN MDD JALAN MASJID, DABONG,",Kedai Runcit,Kelantan,Dabong
18178.0,NASI KANDAR AHMAD,"NO.1 JLN. KASAWARI 1, TAMAN KASAWARI, 14100 SIMPANG AMPAT, SEBERANG PERAI SELATAN, PULAU PINANG.,Bukit Tambun,",Restoran India Muslim,Pulau Pinang,Seberang Perai Selatan
18180.0,WARUNG SARI MINANG,"LOT 51,JALAN SULTAN IBRAHIM,KOTA BHARU",Restoran Melayu,Kelantan,Kota Bharu
18181.0,RESTORAN RAFIZAH,"BLOK F1 & F2, KEDAI SEDCO, 89657 TAMBUNAN, SABAH.,",Restoran Melayu,Sabah,Tambunan
18182.0,RESTORAN BAKTI,"LOT-14 SURIA SHOPPING CENTRE, KENINGAU,",Restoran Melayu,Sabah,Keningau
18184.0,SUPER SEVEN CHERAS JAYA,"LOT.10, KAWASAN INDUSTRI JAYA,  JALAN CJ 3,KAWASAN PERINDUSTRIAN CHERAS JAYA, BATU 9,43200 CHERAS, SELANGOR",Pasar Raya / Supermarket,Selangor,Hulu Langat
18185.0,ECONSAVE JALAN REKO,"PT 64442, PT 63029, PT63030-PT63051,JALAN REKO,43000 KAJANG, SELANGOR.",Pasar Raya / Supermarket,Selangor,Hulu Langat
18186.0,99 SPEEDMART GREENTOWN,"GROUND FLOOR, NO: 16 & 18,PERSIARAN GREENTOWN 10,GREENTOWN BUSINESS CENTRE, IPOH, PERAK",Pasar Mini,Perak,Kinta
18189.0,PASARAYA BS TEMERLOH SDN BHD (CAWANGAN MENTAKAB),"NO 1, JALAN SRI LAYANG 1/2,TAMAN SRI LAYANG,MENTAKAB, PAHANG",Pasar Raya / Supermarket,Pahang,Temerloh
18190.0,KOMPLEKS PASAR BORONG KEMUNTING,"JALAN PASAR BARU 2,KOMPLEKS PASAR BORONG KEMUNTING25000 KUIANTAN PAHANG,",Borong,Pahang,Kuantan
18192.0,MYDIN MART PADANG JAWA,"JALAN PADANG JAWA,SEKSYEN 16,41300 SHAH ALAM, SELANGOR",Pasar Raya / Supermarket,Selangor,Klang
18193.0,TESCO EXTRA ARA DAMANSARA,"2, JALAN PJU 1A/3,ARA DAMANSARA,47301 PETALING JAYA, SELANGOR.",Hypermarket,Selangor,Petaling Jaya
18195.0,RESTORAN SELERA MAIRA,"110, JALAN BESAR, KAMPUNG ALOR SENGGUT,34300 BAGAN SERAI, PERAK,",Restoran Melayu,Perak,Kerian
18196.0,SK FROZEN AT ENTERPRISE,"NO.6 & 8 , LORONG TELOK PERMAI 1,TAMAN TELOK PERMAI,13050, BUTTERWORTH, PULAU PINANG,TAMAN TELOK PERMAI,",Pasar Mini,Pulau Pinang,Seberang Perai Utara
18197.0,LEPAPA HYPERMARKET,"NO.113, LOT 1456,SERIAN DURIAN PIAZZA, JALAN DATUK MICHAEL BEN,94700 SERIAN, SARAWAK",Hypermarket,Sarawak,Serian
18198.0,MYDIN WHOLESALE HYPERMARKET GONG BADAK,"LOT PT35511,KG. BANGGOL JALAN GONG PAK DAMAT,GONG BADAK, KUALA NERUS",Hypermarket,Terengganu,Kuala Nerus
18199.0,HALIMATUS,"BELAGA BAZAAR,BELAGA,",Kedai Runcit,Sarawak,Belaga
18200.0,PELADANG E-MART,"LOT 41&42 TINGKAT BAWAH,PEKAN BARU JALAN SEMELIANG,KUALA NERANG.KEDAH,",Pasar Mini,Kedah,Padang Terap
18201.0,ECONSAVE TAMPIN,"PT121-127 & 328,TAMAN SRI INTAN, BATU 1 JALAN TAMPIN SEREMBAN,73000 TAMPIN, NEGERI SEMBILAN",Pasar Raya / Supermarket,Negeri Sembilan,Tampin
18202.0,KIFARAH ENTERPRISE,"NO 1, JALAN PUTRA INDAH 9/1A,SEKSYEN 9, PUTRA HEIGHTS,47650 SUBANG JAYA, SELANGOR",Pasar Mini,Selangor,Petaling
18203.0,WAN LEE HENG CASH & CARRY ( KEPONG ),"A1, LOT 11095, JALAN BESAR KEPONG,TAMAN KEPONG,",Pasar Raya / Supermarket,W.P. Kuala Lumpur,Kepong
18204.0,LOTUS'S WANGSA WALK,"WANGSA WALK MALL,NO.9, JALAN WANGSA PERDANA 1,SEKSYEN 5, WANGSA MAJU",Pasar Raya / Supermarket,W.P. Kuala Lumpur,Setiawangsa
18205.0,NORINAH CAFE & RESTAURANT,"JALAN BLETEH,96800 KAPIT, SARAWAK,",Restoran Melayu,Sarawak,Kapit
18206.0,NASI KANDAR LINE CLEAR,"HARITAGE LINE CLEAR NASI KANDARNEXT TO 177 JALAN PENANG10000 GEORGETOWN ,PULAU PINANG,",Restoran India Muslim,Pulau Pinang,Timur Laut
18207.0,KEDAI MAKAN DAN MINUMAN YONG HUA,"NO.97A, JALAN PERTAMAJALAN KELANG LAMATAMAN LEE YAN LIAN58200 KUALA LUMPUR,",Restoran Cina,W.P. Kuala Lumpur,Seputeh
18208.0,KEDAI RUNCIT HASSAN MAJU,"NO 17, JALAN SENA 3/13A,SEKSYEN 3,40000 SELANGOR",Kedai Runcit,Selangor,Petaling
18209.0,DOREMART SDN. BHD. SRI AMAN,"BLOCK C,LOT 1660 BLOCK 2, SIMANGGANG TOWN DISTRICT,SRI AMAN, SARAWAK",Pasar Raya / Supermarket,Sarawak,Sri Aman
18210.0,MR. BIM CAFE,"LOT 1367, G/FLOOR,JALAN BUANGSIOL,98700, LIMBANG, SARAWAK.,",Restoran Cina,Sarawak,Limbang
18212.0,JAYA GROCER ( VERVE MONT KIARA ),"G07-G09, LEVEL G,VERVEÂ® SHOPS MONT' KIARA,JALAN KIARA 5,",Pasar Raya / Supermarket,W.P. Kuala Lumpur,Segambut
18213.0,VILLAGE GROCER ( EKO CHERAS MALL ),"M-LG-41, EKO CHERAS MALL,NO.693, BATU 5,JALAN CHERAS",Pasar Raya / Supermarket,W.P. Kuala Lumpur,Cheras
18214.0,GERAI KAK MAH,"NO. 2, GERAI MAKAN KOMPLEKS AYAM,KAMPUNG TAMAN TASIK,26500 MARAN, PAHANG,",Medan Selera,Pahang,Maran
18222.0,PEEL ROAD HAKKA YTF RESTAURANT,"2-1-5, ARAS 1, BLOK 2, QUEEN'S AVENUE,JALAN BAYAM, OFF JALAN SHELLY,",Restoran Cina,W.P. Kuala Lumpur,Cheras
18224.0,FOOD COURT ( TESCO EXTRA CHERAS ),"GROUND FLOOR, TESCO EXTRA CHERAS,NO.2, JALAN MIDAH 2,TAMAN MIDAH",Foodcourt,W.P. Kuala Lumpur,Cheras
18225.0,RESTAURANT 1168,"NO. 238, TAMAN ISTIWA,WAKAF TAPAI, MARANG,TERENGGANU",Restoran Cina,Terengganu,Marang
18227.0,RESTORAN HARRAZ,"LOT PT 35437 HEIGHT, DATARAN AUSTIN,JALAN GONG BADAK, KUALA NERUS,TERENGGANU",Restoran Melayu,Terengganu,Kuala Nerus
18228.0,TIAN XIA COFFEE SHOP,"NO.G7113 JALAN RAJA UDA, TAMAN CERI123000 BUTTERWORTHPULAU PINANG,",Restoran Cina,Pulau Pinang,Seberang Perai Utara
18230.0,UNCLE NG RESTAURANT,"LOT 4285,JALAN SULTAN ZAINAL ABIDIN,KUALA TERENGGANU, TERENGGANU.",Restoran Cina,Terengganu,Kuala Terengganu
18231.0,CPN RESTAURANT,"LOT 8522 & 8523, JALAN BESAR,KUALA BERANG, HULU TERENGGANU,TERENGGANU",Restoran Melayu,Terengganu,Hulu Terengganu
18232.0,THE MAYANG PLACE,"JOHTAW DEVELOPMENT SDN. BHD.CO.,NO. 1067421-HLOT 1544, JALAN PANTAI BATU BURUK,KUALA TERENGGANU, TERENGGANU.",Foodcourt,Terengganu,Kuala Terengganu
18234.0,FOOD COURT ( AEON BIG WANGSA MAJU ),"AEON BIG WANGSA MAJU6, JALAN 8/27ASEKSYEN 5, WANGSA MAJU53300 KUALA LUMPUR,",Foodcourt,W.P. Kuala Lumpur,Setiawangsa
18235.0,RIAM FOODCOURT,"TUDAN COMMERCIAL CENTRE,98000 MIRI, SARAWAK,",Foodcourt,Sarawak,Miri
18236.0,RESTORAN IKHWAN,"RMZ TAQWA ENTERPRISE,165, JALAN SULTAN ZAINAL ABIDIN,KUALA TERENGGANU",Restoran Melayu,Terengganu,Kuala Terengganu
18237.0,MEDAN SELERA PUSAT PENJAJA JLN JUJUR ( GERAI SUKARAMAI SAEDAH ),"PUSAT PENJAJA DBKLJALAN JUJUR 2,BANDAR TUN RAZAK56000 KUALA LUMPUR,",Medan Selera,W.P. Kuala Lumpur,Bandar Tun Razak
18238.0,RESTORAN KAK NIK PATIN HOUSE,"LOT 28349, JALAN MASJID,KG. PANTAI DALAM,",Restoran Melayu,W.P. Kuala Lumpur,Lembah Pantai
18240.0,RESTORANT SIN DAIMA HOKKIEN MEE,"NO 56 JALAN BANDAR 13,PUSAT BANDAR PUCHONG,47100 PUCHONG, SELANGOR",Restoran Cina,Selangor,Petaling
18242.0,PASARAYA MAJU AHAMMAD,"NO. 1,3 & 5,TAMAN PERMATA,02500 MATA AYER,PERLIS.",Pasar Raya / Supermarket,Perlis,Padang Besar
18243.0,FOODCOURT TESCO SEKSYEN 13,"TESCO SEKSYEN 13,3, JALAN AEROBIK 13/43,SEKSYEN 13, 40100 SHAH ALAM, SELANGOR",Foodcourt,Selangor,Petaling
18244.0,KIKI MINI MARKET,"B 84, LORONG IM 8/33,TAMAN MAHKOTA PUTRA,KUANTAN, PAHANG",Pasar Mini,Pahang,Kuantan
18245.0,FRESH MART BRO & SIS SDN BHD,"NO. 1-5, PLAZA KAMPUNG TEMUSU,PULAI, BALING, KEDAH DARUL AMAN,",Pasar Mini,Kedah,Baling
18246.0,99 SPEEDMART ( KEPONG BARU 1 ),"NO.17 & NO.9, GROUND FLOOR,JALAN AMBONG KIRI 2,KEPONG BARU,",Pasar Mini,W.P. Kuala Lumpur,Kepong
18247.0,RESTORAN WAN YEE,"JALAN PRIMA SETAPAK 3, OFF JALAN GENTING KLANG,TAMAN SETAPAK INDAH, DANAU KOTA,",Restoran Cina,W.P. Kuala Lumpur,Wangsa Maju
18248.0,RESTORAN RASA OMAK DEN,"GM. 33A, PLATINUM PLATINUM PV 128, JALAN GENTING KLANG,DANAU KOTA, 53300 KUALA LUMPUR,",Restoran Melayu,W.P. Kuala Lumpur,Wangsa Maju
18249.0,RESTORAN SHUN YAN,"NO.2, JALAN 1A/6TAMAN SETAPAK INDAH53100 KUALA LUMPUR,",Restoran Cina,W.P. Kuala Lumpur,Wangsa Maju
18253.0,PASARAYA FRESH GROCER,"N0. 100, 102 & 104, AMBER PLAZA,3A, JALAN JELAWAT 1,",Pasar Raya / Supermarket,W.P. Kuala Lumpur,Bandar Tun Razak
18254.0,PASAR MINI MOHD ISA,"140, KG. SUNGAI PENCHALA,JALAN DAMANSARA,",Pasar Mini,W.P. Kuala Lumpur,Segambut
18255.0,CAFETERIA IDAMAN,"GERAI MINI FATIMAHNO.7,RNR ARAH SELATAN, LEBUHRAYA UTARA SELATAN,35000, TAPAH PERAK",Foodcourt,Perak,Batang Padang
18257.0,RESTORAN DOUBLE ONE,"NO.89, JALAN 3/62A,BANDAR MANJALARA52200 KEPONG, KUALA LUMPUR,",Restoran Cina,W.P. Kuala Lumpur,Segambut
18261.0,HALIMAH BINTI MAT HASSAN,"BELAKANG TELEKOM JERTEH22000 JERTEHBESUT, TERENGGANU,",Restoran Melayu,Terengganu,Besut
18262.0,FATIRAH RESTORAN (2),"KG. NYIUR TUJUH22000 JERTEHBESUT, TERENGGANU,",Restoran Melayu,Terengganu,Besut
18263.0,RAJA MARINI RAJA OMAR,"NO. 1, KEDAI MAKAN MDSKG. CHALOK KEDAISETIU, TERENGGANU,",Restoran Melayu,Terengganu,Setiu
18264.0,NAPI KEDAI MAKAN,"LOT 1620, KG. PAK KANCILKG. PAK KANCIL22100 BANDAR PERMAISURISETIU, TERENGGANU,",Restoran Melayu,Terengganu,Setiu
18265.0,RESTORAN ABDUL MUTALIB,"NO 43, JALAN DELIMA, TAMAN KOTA JAYA, 81900 KOTA TINGGI.,",Restoran India Muslim,Johor,Kota Tinggi
18266.0,RESTORAN PARADISE COFFEE CORNER,"NO 2, JALAN NIAGA 3, 81900 KOTA TINGGI, JOHOR,",Restoran Cina,Johor,Kota Tinggi
18267.0,ROHANNA BINTI OSMAN,"NO 8, GERAI SETARA MAJLIS, JALAN NIAGA, 81900 KOTA TINGGI,",Foodcourt,Johor,Kota Tinggi
18269.0,HASLINA RESTAURANT,"LOT 15141,KG NYIOR,23100 PAKA,TERENGGANU",Restoran Melayu,Terengganu,Dungun
18270.0,ASAM PEDAS MERECIK MAMA,"USAHA TULIN ENTERPRISE, NO 242 F, KAMPUNG MAKAM TAUHID, 81900 KOTA TINGGI, JOHOR.,",Restoran Melayu,Johor,Kota Tinggi
18271.0,RESTORAN SALAMATH,"104 C,JALAN PAKA,BATU 48, 23000 DUNGUN",Restoran India Muslim,Terengganu,Dungun
18272.0,BAN YEOW SEAFOOD RESTAURANT,"BATU 49,JALAN PAKA,23000 DUNGUN",Restoran Cina,Terengganu,Dungun
18273.0,RESTORAN SERI ILHAM,"PT 33456, JLN. MEMPISANG ( JLN. PENAGA),KG.BINTANG,32000 SITIAWAN,PERAK.,",Restoran Melayu,Perak,Manjung
18275.0,RESTORAN TONG TIN CHEONG,"NO.1, JALAN KG. KOH,TAMAN MEDAN DESA AMAN,KG.KOH,32000 SITIAWAN,PERAK.",Restoran Cina,Perak,Manjung
18277.0,FOOD COURT HYPERMARKET AEON SERI MANJUNG,"PUSAT PERNIAGAAN MANJUNG POINT 3, SERI MANJUNG,32040 KAMPONG, PERAK,",Foodcourt,Perak,Manjung
18278.0,FOODCOURT ECONSAVE SERI ISKANDAR,"WADI AKWA ENTERPRISEKD FC-01 ECONSAVE CASH & CARRY SDN. BHD.,PERSIARAN SERI ISKANDAR PRIMA 2,32610 SERI ISKANDAR,PERAK.",Foodcourt,Perak,Manjung
18281.0,RESTORAN AL-BAYAN (DMALL SERI ISKANDAR),"DMALL SERI ISKANDAR,32600 BOTA, PERAK,",Restoran India Muslim,Perak,Manjung
18282.0,TASTE OF ASIA ( BERJAYA TIMES SQUARE ),"LOT NO. LG-02, LOWER GROUND, LG 23, BERJAYA TIMES SQUARE,NO.1, JALAN IMBI,",Foodcourt,W.P. Kuala Lumpur,Bukit Bintang
18283.0,MEDAN SELERA PUSAT PENJAJA KG. PANDAN,"JALAN WIRAWATI,KAMPUNG PANDAN,",Medan Selera,W.P. Kuala Lumpur,Titiwangsa
18284.0,FOOD COURT INTERMARK MALL,"LOT NO. LC-10, INTERMARK MALL,THE INTERMARK,348, JALAN TUN RAZAK",Foodcourt,W.P. Kuala Lumpur,Titiwangsa
18285.0,MEDAN SELERA PRESINT 11,"JALAN P11,PRESINT 11,62300 PUTRAJAYA",Medan Selera,W.P. Putrajaya,Wp Putrajaya
18286.0,FOODCOURT IOI CITY MALL,"L2-32 & 37,IOI CITY MALL,LEBUH IRC, IOI RESORT CITY,62502 PUTRAJAYA",Foodcourt,W.P. Putrajaya,Wp Putrajaya
18287.0,AL NAZ MAJU PRESINT 11,"JALAN JATI BUKIT P11/25,PRESINT 11,62300 PUTRAJAYA",Restoran India Muslim,W.P. Putrajaya,Wp Putrajaya
18288.0,MEDAN SELERA PRESINT 9,"JALAN P9E,PRESINT 9,62250 PUTRAJAYA",Medan Selera,W.P. Putrajaya,Wp Putrajaya
18289.0,RESTORAN NASI KANDAR FN BISTRO PRESINT 9,"NO. 3,JALAN P93/1, PRESINT 9,62250 PUTRAJAYA",Restoran India Muslim,W.P. Putrajaya,Wp Putrajaya
18290.0,RESTORAN ZFF ORE KAMPUNG,"NO. 14,JALAN P8G, PRESINT 8,62000 PUTRAJAYA.",Restoran Melayu,W.P. Putrajaya,Wp Putrajaya
18291.0,D'PATIN MZ CAFE PRESINT 18,"JALAN P18,PRESINT 18,62150 PUTRAJAYA",Restoran Melayu,W.P. Putrajaya,Wp Putrajaya
18293.0,MEDAN SELERA SEK 7,"JALAN PLUMBUM 7/98,SEKSYEN 7,40000 SHAH ALAM, SELANGOR",Medan Selera,Selangor,Petaling
18294.0,FOOD COURT TESCO SETIA ALAM,"2, JALAN SETIA PRIMA U13/3,SETIA ALAM,40170 SHAH ALAM, SELANGOR",Foodcourt,Selangor,Klang
18295.0,RESTORAN HATINIE,"18 &, 20, JALAN SELENDANG 10/10,SEKSYEN 10,40100 SHAH ALAM, SELANGOR",Restoran Melayu,Selangor,Petaling
18296.0,MEDAN SELERA MYDIN USJ,"675;676, PERSIARAN SUBANG PERMAI,TAMAN PERINDUSTRIAN USJ 1,47500 SUBANG JAYA, SELANGOR",Medan Selera,Selangor,Petaling
18297.0,RESTORAN KHALIFAH SEK 3,"SEKSYEN 3,40000 SHAH ALAM, SELANGOR,",Restoran India Muslim,Selangor,Petaling
18298.0,RESTOREN SYED SEK 3,"23, JALAN SENA 3/13A,SEKSYEN 3,40000 SHAH ALAM, SELANGOR",Restoran India Muslim,Selangor,Petaling
18299.0,FAHRAN CAFE,"NO. 2 JALAN PP4, BANDAR UNIVERSITI,32610 SERI ISKANDAR, PERAK,",Restoran Melayu,Perak,Manjung
18300.0,COOPMART KOPERASI LADANG RAKYAT TERENGGANU BERHAD,"PASAR B, PUSAT BANDAR CHENEH,BANDAR CHENEH BARU,24000 KEMAMAN",Kedai Runcit,Terengganu,Kemaman
18301.0,RABIAH CURRY HOUSE,"LOT M9,TINGKAT BAWAH,KEDAI CYBER SQUARE, PENAMPANG,",Restoran India Muslim,Sabah,Penampang
18302.0,MEDAN SELERA BAMBOO KID,"729,JALAN TAIB, PONTIAN, JOHOR,",Medan Selera,Johor,Pontian
18303.0,RESTORAN SHARAFAT,"SH 82-B,JALAN SAWAH,PEKAN NENAS",Restoran India Muslim,Johor,Pontian
18304.0,RESTORAN WARISAN TIGA SERANGKAI,"SH 82-B,JALAN SAWAH,PEKAN NENAS",Restoran Melayu,Johor,Pontian
18305.0,KZ FANI CAFÃ‰,"NO 6 & 7, JALAN JETI, BANDAR TEPIAN SUNGAI, 86800, MERSING, JOHOR,",Restoran Melayu,Johor,Mersing
18308.0,MIRACLE KITCHEN,"F&B 5, MERSING HARBOUR, 866800, MERSING, JOHOR,",Medan Selera,Johor,Mersing
18309.0,MAMA CAFÃ‰,"QALIZ BEST ENTERPRISE,                                                      NO  1,TKT BWH, JALAN KUNING,TAMAN BANDAR JAYA,85300 LABIS,JOHOR,",Restoran Melayu,Johor,Segamat
18310.0,KAFE IKHWAN,"NO 28, JALAN UTAMA 3/6,                                         KWSN KOMERSIL SRI UTAMA,85000 SEGAMAT JOHOR,",Restoran Melayu,Johor,Segamat
18311.0,HJ OMAR RESTAURANT,"NO 7,TAMAN TAN LENG ANN,SEGAMAT",Restoran India Muslim,Johor,Segamat
18312.0,RESTAURANT CIU ZAU,"NO 7, JLN UTAMA 2/13,BANDAR UTAMA,",Restoran Cina,Johor,Segamat
18313.0,MEDAN SELERA JLN MUAR,"GERAI NO 1,3,12,18 &19,MEDAN SELERA,JALAN MUAR",Medan Selera,Johor,Segamat
18314.0,FOODCOURT U SENTRAL,"KEDAI SELERA MANIS ENTERPRISE & FISMK CATERING,                                                                                 U SENTRAL SEGAMAT,85000 SEGAMAT JOHOR,U CENTRAL SEGAMAT,",Foodcourt,Johor,Segamat
18316.0,ECONSAVE CASH AND CARRY ( SCOTT GARDEN ),"THE SCOTT GARDEN,289, JALAN KLANG LAMA,",Pasar Raya / Supermarket,W.P. Kuala Lumpur,Seputeh
18317.0,MEDAN SELERA SERI  MANJUNG,"JALAN SM1C/2, FASA 1C-2 BANDAR SRI MANJUNG,32200 SERI MANJUNG, PERAK,",Medan Selera,Perak,Manjung
18319.0,ECONSAVE CASH & CARRY SDN. BHD. (BATANG KALI),"NO 1, LOT PT 6903,JALAN MAHAGONI 8, PEKAN BATANG KALI,44300 BATANG KALI, SELANGOR.",Hypermarket,Selangor,Hulu Selangor
18320.0,RESTORAN AYZA'S,"NO 1, JALAN JELOK 6,43000 KAJANG, SELANGOR,",Restoran India Muslim,Selangor,Hulu Langat
18321.0,FOODCOURT TESCO SAUJANA IMPIAN,"TESCO STORES (MALAYSIA) SDN BHD, LOT 37820 & 11196,MUKIM KAJANG,43000 SAUJANA IMPIAN",Foodcourt,Selangor,Hulu Langat
18322.0,MEDAN SELERA PASAR BANGI,"JALAN 1/1,SEKSYEN 1,43650 BANDAR BARU BANGI, SELANGOR",Medan Selera,Selangor,Hulu Langat
18325.0,FAMILY W GROCER (TANJUNG MANIS) SDN BHD,"LOT 533, 535-538 NO 1216-1220,JALAN SEKUMANG TANJUNG SEBUBAL,",Pasar Mini,Sarawak,Tanjung Manis
18326.0,FAMILY W MART (KANOWIT),"JALAN WAYANG,KANOWIT,",Pasar Mini,Sarawak,Kanowit
18327.0,SERVAY JAYA SUPERMARKET SDN BHD,"KUDAT,",Pasar Raya / Supermarket,Sabah,Kudat
18328.0,QRS FRESH MART KKB,"LOT 385 DAN LOT 386,JALAN PAHANG,44000 KUALA KUBU BARU, SELANGOR",Pasar Raya / Supermarket,Selangor,Hulu Selangor
18332.0,RESTORAN AZHAR 25 JAM,"104, JLN BESAR, TMN KRISTAL, 86400 PARIT RAJA, JOHOR,",Restoran India Muslim,Johor,Batu Pahat
18333.0,KAK SABARIAH KELI PECEL,"KEDAI A24, KOMPLEKS NIAGA PARIT RAJA, 86400 PARIT RAJA, BATU PAHAT, BATU PAHAT, JOHOR.,",Medan Selera,Johor,Batu Pahat
18334.0,GERAI MDYP,"TMN SEMBRONG BARAT, 83700 YONG PENG, JOHOR,",Medan Selera,Johor,Batu Pahat
18335.0,RESTORAN ZAINAB,"KM 1, JLN LABIS, 83700 YONG PENG, JOHOR,",Restoran Melayu,Johor,Batu Pahat
18336.0,KEDAI MAKAN KAK LAH MUDA,"HADAPAN PEJABAT KADA TENDONG,PASIR MAS,",Restoran Melayu,Kelantan,Pasir Mas
18337.0,MYDIN TAMAN ANGGERIK,"LOT 21452, JLN ANGGERIK PERDANA 1,TAMAN ANGGERIK PERDANA,43500 SEMENYIH, SELANGOR",Pasar Raya / Supermarket,Selangor,Hulu Langat
18340.0,BATARAS HYPERMARKET SEMPORNA,"UNNAMED ROAD,TAMAN BANDAR SEMPORNA,91308 SEMPORNA, SABAH",Hypermarket,Sabah,Semporna
18341.0,WARNA KLASIK ENTERPRISE,"NO. 4, BANGUNAN LKWJ,RANTAU PERINTIS,BANDAR JENGKA, PAHANG",Pasar Mini,Pahang,Maran
18342.0,RESTORAN DOU QIAN,"22, JALAN BAHAGIA 7, TAMAN BAHAGIA, 28400TEMERLOH PAHANG,",Restoran Cina,Pahang,Temerloh
18343.0,U ALL MART (PASIR MAS) SDN BHD,"LOT 660 (1265),JLN SETOR JKR,",Pasar Raya / Supermarket,Kelantan,Pasir Mas
18344.0,GAFU SUPERMARKET (MUKAH),"NO. 1-6, PHASE 4,MUKAH NEWTOWNSHIP EXTENTION,96400 MUKAH, SARAWAK",Pasar Raya / Supermarket,Sarawak,Mukah
18345.0,EVERWIN SUPERMARKET (MUKAH),"SUBLOT NO. 18,COMPROMISED IN LOT NO. 2019 & 2020 BOTH IN BLOCK NO.68,MUKAH LAND DISTRICT",Pasar Raya / Supermarket,Sarawak,Mukah
18346.0,NAM LEONG DEPARMENT STORE (MUKAH),"NO. 508-1-1 TO 508-1-5, 508-2-1 TO 508-2-4, 508-3-1 TP 508-3-3,NEW TOWNSHIP, GREEN ROAD,MUKAH, SARAWAK",Pasar Raya / Supermarket,Sarawak,Mukah
18347.0,BEST FRESH MART,"NO. 69,JALAN KILANG PADI,45500 TANJONG KARANG, SELANGOR",Pasar Raya / Supermarket,Selangor,Kuala Selangor
18348.0,TF VALUE MART BALIK PULAU,"3, JALAN SUNGAI AIR PUTIH,BANDAR AIR PUTIH,11000 BALIK PULAU, PULAU PINANG",Pasar Raya / Supermarket,Pulau Pinang,Barat Daya
18349.0,ECONSAVE CASH & CARRY (ALMA) SDN BHD,"KAMPUNG ALMA,14000 BUKIT MERTAJAM,PULAU PINANG",Pasar Raya / Supermarket,Pulau Pinang,Seberang Perai Tengah
18350.0,PASARAYA SEGI FRESH SEMENYIH,"PASARAYA SEGI FRESH SEMENYIH,43500 SEMENYIH, SELANGOR,",Pasar Raya / Supermarket,Selangor,Hulu Langat
18351.0,BATARAS SUPERSTORE PAPAR,"BATARAS SUPERSTORE PAPAR,CL025019970,1/2 MILE,JALAN PENGALAT,",Pasar Raya / Supermarket,Sabah,Papar
18352.0,NSK TRADE CITY ( KEPONG ),"G20, GROUND FLOOR, BREM MALL,JALAN BESAR KEPONG,",Pasar Raya / Supermarket,W.P. Kuala Lumpur,Kepong
18353.0,SUPER SEVEN TRADE CENTRE (KLTS),"62-G TO 68-G, KL TRADERS SQUARE,NO.99, JALAN GOMBAK,",Pasar Raya / Supermarket,W.P. Kuala Lumpur,Wangsa Maju
18354.0,EXPRESS MART 722,"GROUND FLOOR, WISMA TKT,2/4,JALAN DANG WANGI,",Pasar Mini,W.P. Kuala Lumpur,Bukit Bintang
18355.0,LYBOY CORNER,"LYBOY CORNERLOT 881,RUMAH KEDAI,JALAN SEKOLAH DERMA,01000 KANGAR,PERLIS",Medan Selera,Perlis,Kangar
18356.0,SHAMIZA BINTI MOHD NOR,"KM 3,JALAN GUAR NANGKA,02500 MATA AYER,PERLIS.",Restoran Melayu,Perlis,Padang Besar
18357.0,99 SPEEDMART TAMAN CANTIK,"JALAN SUNGAI JELOK,TAMAN CANTIK,43000 KAJANG, SELANGOR.",Pasar Mini,Selangor,Hulu Langat
18358.0,PASAR SEGAR IRADAH BRIPO,"NO.19,JALAN INDAH 1,TAMAN INDAH, TAMAN SUNGAI JELOK,43000 KAJANG, SELANGOR",Kedai Runcit,Selangor,Hulu Langat
18359.0,SUPER SEVEN FRESHMART (TAMAN INDAH),"NO 15, JALAN INDAH SUNGAI JELOK,TAMAN INDAH SUNGAI JELOK,43000 KAJANG, SELANGOR.",Pasar Mini,Selangor,Hulu Langat
18360.0,KEDAI RUNCIT JELOK JAYA (TAMAN INDAH),"NO. 4,JALAN INDAH, TAMAN INDAH, SUNGAI JELOK,43000 KAJANG, SELANGOR.",Kedai Runcit,Selangor,Hulu Langat
18364.0,FOOD COURT AEON,"FOOD COURT AEON LOT 8576 & 8577,JALAN KAMUNTING, 34000 TAIPING,PERAK,",Foodcourt,Perak,"Larut, Matang & Selama"
18365.0,FOOD COURT TESCO,"FOOD COURT TESCOLOT 38, JALAN ISTANA LARUT,34000 TAIPING, PERAK,",Foodcourt,Perak,"Larut, Matang & Selama"
18366.0,FOOD COURT ECONSAVE,"FOOD COURT ECONSAVE KG 01, 02, 03 LOT 5830 JALAN PER SATU,KAWASAN PERUSAHAAN KAMUNTING,34600 KAMUNTING,PERAK.",Foodcourt,Perak,"Larut, Matang & Selama"
18367.0,RESTAURANT 168,"LORONG 3, PHASE 2, BANDAR SRI PERDANA,91100 LAHAD DATU,",Restoran Cina,Sabah,Lahad Datu
18368.0,FATT SHUN RESTAURANT,"MDLD 7022, LOT 114, GROUND FLOOR, PERDANA SHOP, JALAN PERDANA 3, 91100 LAHAD DATU,",Restoran Cina,Sabah,Lahad Datu
18369.0,RESTAURANT THE RED ROSE,"MDLD 3270, 3271, LOT 5 & 6, FAJAR CENTRELAHAD DATU,",Restoran India Muslim,Sabah,Lahad Datu
18370.0,RESTORAN RAHMAT PERDANA,"MDLD 7057, LOT 309, PHASE 3, JALAN SILAM91100 LAHAD DATU,",Restoran India Muslim,Sabah,Lahad Datu
18371.0,RESTORAN SEAFOOD SERI RASA,"MDLD 7180, LOT 214, GROUND FLOOR, LORONG 5, 91100 LAHAD DATU,",Restoran Melayu,Sabah,Lahad Datu
18372.0,RESTORAN KAK TINI PERDANA,"MDLD 8685, LOT 85, BANDAR SRI PERDANALAHAD DATU,",Restoran Melayu,Sabah,Lahad Datu
18373.0,KRUA THAI TOMYAM SEAFOOD,"NO.20, KOMPLEKS PERNIAGAAN UTAMA, 08800GUAR CEMPEDAK, KEDAH,",Restoran Melayu,Kedah,Yan
18374.0,KITA GIGIH ENTERPRISE ( RESTORAN KITA),"NO. 32GF, KOMPLEKS PERNIAGAAN GUAR UTAMA, JALAN GUAR UTAMA 5, 08800 GUAR CEMPEDAKKEDAH,",Restoran Melayu,Kedah,Yan
18375.0,FOOD COURT CMART,"NO 1, JALAN JATI, TINGKAT 2, KOMPLEKS PERNIAGAAN AMANJAYA08000 SG PETANI, KEDAH,",Foodcourt,Kedah,Kuala Muda
18376.0,RESTORAN YASMEEN (ARAU) SENDIRIAN BERHAD,"NO. 10, JALAN JATI, KOMPLEKS PERNIAGAAN AMANJAYA,08000 SG. PETANI, KEDAH,",Restoran India Muslim,Kedah,Kuala Muda
18377.0,KEDAI KOPI SATU DUA TIGA,"NO 12, PLOT 120, ARKED POKOK ASAM 2, LANGLAWI MALL07000 LANGKAWI, KEDAH,",Restoran Cina,Kedah,Langkawi
18378.0,ARKED POKOK ASAM SATU RESTORAN,"PERSIARAN BUNGA RAYA, LANGKAWI MALL07000 LANGKAWI, KEDAH,",Restoran Cina,Kedah,Langkawi
18379.0,E-ONE DIAMOND CORNER,"MEDAN SELERA TAMAN KERIS,MUKIM PADANG MATSIRAT07000 LANGKAWI,KEDAH,",Medan Selera,Kedah,Langkawi
18380.0,KEDAI MAKAN KAK TIMAH,"NO. 164, PUSAT DAGANGAN KELANA MAS,07000 LANGKAWI,KEDAH,",Restoran Melayu,Kedah,Langkawi
18383.0,FOODCOURT LANGKAWI FAIR,"LANGKAWI FAIR SHOPPING MALL,JALAN PERSIARAN PUTRA,07000 LANGKAWI, KEDAH,",Foodcourt,Kedah,Langkawi
18385.0,RESTOREN TOK KERAMAT,"KG TOK KERAMAT, JALAN TOK KERAMAT, TANJUNG PAUH,06000 JITRA, KEDAH,TANJUNG PAUH,",Restoran Melayu,Kedah,Kubang Pasu
18386.0,EVA CAFE,"148 A, JLN PJ6,PEKAN JITRA 2,",Restoran Melayu,Kedah,Kubang Pasu
18390.0,RESTORAN YASMEEN (NR),"NO. 6-B & 7-A BANDAR DARULAMAN JAYA, 06000 JITRA KEDAH,BANDAR DARULAMAN,",Restoran India Muslim,Kedah,Kubang Pasu
18391.0,RESTORAN NASI KANDAR FEERAZ,"NO. 58, BANDAR DARULAMAN, 06000 JITRA KEDAH,BANDAR DARULAMAN,",Restoran India Muslim,Kedah,Kubang Pasu
18392.0,CHE TA D'CORNER MEDAN SELERA MAHSURI,"NO.8 MEDAN SELERA MAHSURI, TAMAN MAHSURI, 06000 JITRA KEDAH,BANDAR DARULAMAN,",Medan Selera,Kedah,Kubang Pasu
18393.0,KEDAI KOLAM CAFE,"SIMPANG PONDOK HJ. SALLEH, BANGGOL KIAT, 08200 SIK KEDAH,",Restoran Melayu,Kedah,Sik
18394.0,D'ANJUNG SERI,"ANJUNG SERI IKAN BAKAR, DEPAN PEJABAT AGAMA SIK, 08200 SIK KEDAH,",Restoran Melayu,Kedah,Sik
18395.0,KEDAI KOPI DAN MAKANAN MAT ISA ARIFFIN,"C5, BANGUNAN MDB,JALAN SYED SHEIKH  BALING KEDAH,",Restoran Melayu,Kedah,Baling
18396.0,SAUDARA HANIFAH RESTORAN,"NO.72, JALAN MAHMUD,BALING,KEDAH DARUL AMAN.,",Restoran India Muslim,Kedah,Baling
18397.0,MINI STADIUM KELADI,"TAMAN NENAS, 09000 KULIM KEDAH,",Medan Selera,Kedah,Kulim
18398.0,WARUNG BUNGA KERTAS,"NO.28, BATU 3 1/2 KG PAYA TOK BETUK, SUNGAI ULAR, 09000 KULIM KEDAH,",Restoran Melayu,Kedah,Kulim
18399.0,FOODCOURT GIANT,"FOODCOURT GIANT, TINGKAT 2 KULIM CENTRE, 09000 KULIM KEDAH,",Foodcourt,Kedah,Kulim
18400.0,PASARAYA POKOK MANGGA,"6A-8A, JALAN SP 1/1, TAMAN SERI PANDAN,JALAN POKOK MANGGA,75200 MELAKA",Kedai Runcit,Melaka,Melaka Tengah
18401.0,PERTUBUHAN PELADANG KAWASAN MATA AYER,"BATU 1/4,SIMPANG GIAL,02500 MATA AYER, PERLIS",Kedai Runcit,Perlis,Padang Besar
18402.0,BORONG WANN,"NO.1,KOMPLEKS PERNIAGAAN LUBUK SIREH,02100 KAKI BUKIT, PERLIS",Kedai Runcit,Perlis,Padang Besar
18403.0,KEDAI RUNCIT AROKIAM AND BROTHERS,"NO.3, 7TH FLOOR,CONDOMINIUM MENARA,CITY ONE, JALAN MUNSHI ABDULLAH,",Kedai Runcit,W.P. Kuala Lumpur,Bukit Bintang
18404.0,SHAFF CAFE,"S/C 87/88 NEW TOWNSHIP, 96400 MUKAH, SARAWAK,",Restoran Melayu,Sarawak,Mukah
18405.0,MY ISLAMIC CAFE,"LOT 561, BLOCK 123, OYA - DALAT LAND DISTRICT, 96300 DALAT,",Restoran Melayu,Sarawak,Dalat
18406.0,GERAI MASAKAN MELANAU,"NO.1, JALAN PASAR, 96400 MUKAHSARAWAK.,",Medan Selera,Sarawak,Mukah
18407.0,MEDAN RIA 14-15,"NO.14 - NO. 15, BOULEVARD SETIA RAJA 2, 96400 MUKAH,SARAWAK,",Foodcourt,Sarawak,Mukah
18409.0,PASAR MINI MOHD. SALLEH,"NO. 2, JALAN SERI EMAS 5,TAMAN SERI TELOK EMAS,75480 MELAKA",Pasar Mini,Melaka,Melaka Tengah
18410.0,PASARAYA SEJATI (MERLIMAU SDN. BHD),"11,12,13, JALAN DEBUNGA 1,TAMAN DEBUNGA,77300, MERLIMAU MELAKA",Pasar Mini,Melaka,Jasin
18412.0,GERAI SRI KARANGAN,"LOT. 2, MEDAN SELERA PEKAN TENOM,",Medan Selera,Sabah,Tenom
18413.0,BATARAS HYPERMARKET KENINGAU,"LOT 65, BLOK C, FASA 1A,KAMPUNG TUARID TAUD,89000 KENINGAU, SABAH.",Hypermarket,Sabah,Keningau
18414.0,MEDAN SELERA STADIUM IPOH,"KOMPLEKS SUKAN IPOH,31400 IPOH PERAK,",Medan Selera,Perak,Kinta
18415.0,FOOD COURT ECONSAVE AMPANG,"NO 2, JLN PERNIAGAAN AMPANG 4,PUSAT PERNIAGAAN AMPANG,31350 IPOH, PERAK",Foodcourt,Perak,Kinta
18419.0,FYE HOONG,"JALAN 7,31900 KAMPAR, PERAK,",Restoran Cina,Perak,Kampar
18421.0,KHIOING KEE RESTAURANT,"NO 108-109, PUSAT PERNIAGAAN BALDWIN, JALAN 3,35000 TAPAH, PERAK,",Restoran Cina,Perak,Batang Padang
18422.0,SELERA D'ANJE,"NO 1 & 2, KOMPLEKS MEDAN SELERA BIDOR,35500 BIDOR, PERAK,",Medan Selera,Perak,Batang Padang
18423.0,RESTORAN NASI AYAM PAK MAN ANA,"NO 87A, JLN PERDANA 5,PUSAT PERNIAGAAN SLIM PERDANA,35800 SLIM RIVER, PERAK",Restoran Melayu,Perak,Muallim
18425.0,RESTORAN HIJAS,"NO 5, JLN CAHAYA, TAMAN ANGGERIK DESA,35900 TANJONG MALIM, PERAK,",Restoran India Muslim,Perak,Muallim
18426.0,MJ CURRY HOUSE (M) SDN BHD,"NO 36, JLN BUNGA RAYA,35900 TANJONG MALIM, PERAK,",Restoran India Muslim,Perak,Muallim
18428.0,GERAI CHE' SITI,"NO 3 & 4, GERAI PLB, JLN AHMAD BOESTAMAM,35800 SLIM RIVER, PERAK,",Medan Selera,Perak,Muallim
18429.0,MEDAN SELERA TASEK (IPOH),"JLN TASEK, TAMAN MUSIM BUNGA,31400 IPOH, PERAK,",Medan Selera,Perak,Kinta
18430.0,FOOD COURT LOTUS'S BERCHAM (IPOH),"NO 2, LALUAN TASEK TIMUR 6,TAMAN TASEK INDRA, OFF JLN KG.BERCHAM,31400 IPOH, PERAK",Foodcourt,Perak,Kinta
18431.0,RESTORAN FOOK SENG (TAPAH),"NO 25, JALAN MAHSURI, TAMAN PERWIRA,35800 SLIM RIVER, PERAK,",Restoran Cina,Perak,Muallim
18432.0,YAN'S NASI CAMPUR & CATERING,"NO 24, KOMPLEKS MEDAN SELERA,35900 TANJONG MALIM, PERAK,",Medan Selera,Perak,Muallim
18433.0,SERAMBI SANTAI (MANJUNG),"NO 6, PLAZA D' MARA, JALAN LUMUT,32000 SITIAWAN, PERAK,",Restoran Melayu,Perak,Manjung
18434.0,RESTORAN ZHI QING,"NO 16, TAMAN SEJATI, JALAN LUMUT,32000 SITIAWAN, PERAK,",Restoran Cina,Perak,Manjung
18435.0,RESTORAN MADINAH,"JLN SM 1C/3, SERI MANJUNG,32200 LUMUT, PERAK,",Restoran India Muslim,Perak,Manjung
18436.0,DJ NASI KANDAR LUMUT,"PT 4159, JLN SULTAN IDRIS SHAH,32200 LUMUT, PERAK,",Restoran India Muslim,Perak,Manjung
18437.0,MEDAN SELERA PAKAR,"PASAR KOMUNITI DAN KARAVAN (PAKAR) MANJUNG,SEKSYEN 3/6, PM3, JLN ISKANDAR SHAH,32040 SERI MANJUNG, PERAK",Medan Selera,Perak,Manjung
18440.0,RESTORAN YEE LOK PARIT,"NO 36, JALAN BESAR,32800 PARIT, PERAK,",Restoran Cina,Perak,Perak Tengah
18441.0,RESTORAN NASI VANGGEY,"NO 1, JALAN PP8 BANDAR UNIVERSITI,32610 SERI ISKANDAR, PERAK,",Restoran India Muslim,Perak,Perak Tengah
18442.0,RESTORAN AL-BAYAN BILLION SERI ISKANDAR,"D'MALL NO. LOT GF-15, LEBUH SIBC,32610 BANDAR SERI ISKANDAR, PERAK,",Restoran India Muslim,Perak,Perak Tengah
18445.0,MEE KARI IPOH,"NO 99, JALAN DATO' ONN JAAFAR,30300 IPOH, PERAK,",Restoran Melayu,Perak,Kinta
18446.0,NZ CURRY HOUSE,"NZ RETAIL, (WANGSA LINK) SDN BHDNO.12-G, JALAN WANGSA DELIMA 11,D`WANGSA, MAJU, 53300 KUALA LUMPUR,",Restoran India Muslim,W.P. Kuala Lumpur,Setiawangsa
18447.0,99 SPEEDMART TAMAN KERAMAT PERMAI,"NO.2 (G), JALAN AU 1A/4C,TAMAN KERAMAT PERMAI,",Pasar Mini,W.P. Kuala Lumpur,Setiawangsa
18448.0,UGOMART (M) SDN BHD,"NO. 16, JALAN AU 1A/4C,TAMAN KERAMAT,",Pasar Mini,W.P. Kuala Lumpur,Setiawangsa
18449.0,SHEPON ENTERPRISE,"KG LOJING,POS BROKE, GUA MUSANG,",Kedai Runcit,Kelantan,Lojing
18451.0,RESTORAN TOM YAM MARINA BISTRO,"SIMPANG EMPAT, TAMAN ADABI, JALAN BANGGOL, JALAN TAMAN ADABI,TANAH MERAH,KELANTAN,",Restoran Melayu,Kelantan,Tanah Merah
18454.0,RESTORAN HONG INN,"NO 11 & 13, JALAN KAMPUNG BARU, TAMAN SRI TENGAH,86000 KLUANG, JOHOR,",Restoran Cina,Johor,Kluang
18455.0,ISLAMIAYA RESTORAN,"NO 2, JALAN ABU BAKAR,86600 PALOH, JOHOR,",Restoran India Muslim,Johor,Kluang
18456.0,MELATI CAFE & TRADING,"NO 44, JALAN TEMENGGONG, 86600 PALOHJOHOR,",Restoran Melayu,Johor,Kluang
18457.0,BATARAS HYPERMARKET KOLOMBONG INANAM,"MILE 5,JALAN KOLOMBONG, INANAM,88450 KOTA KINABALU, SABAH.",Hypermarket,Sabah,Kota Kinabalu
18460.0,DAESCO HYPERMARKET,"LOT 1294, 1ST FLOOR, STAR MEGA MALL,JALAN TUNKU ABDUL RAHMAN,96000 SIBU, SARAWAK.",Hypermarket,Sarawak,Sibu
18462.0,BATARAS HYPERMARKET SANDAKAN,"IJM COMMERCIAL COMPLEX UTAMA PLACE 3,BANDAR UTAMA BATU 6 JALAN UTARA,90000 SANDAKAN, SABAH.",Hypermarket,Sabah,Sandakan
18464.0,MYDIN SEJATI HYPERMARKET,"LOT 3A, SEJATI COMMERCIAL,JALAN MERPATI, BATU 7,JALAN LAPANGAN TERBANG,",Hypermarket,Sabah,Sandakan
18465.0,GENTINGMAS MALL SDN. BHD,"JALAN PRYER,PUSAT BANDAR SANDAKAN,90000 SANDAKAN, SABAH.",Hypermarket,Sabah,Sandakan
18466.0,CHAU SUI TECK (MAWAR) SDN. BHD,"LOT A-1 HINGGA LOT A-7 BLOK A TINGKAT BAWAH DAN TINGKAT 1 MAWAR CENTRE, TAMAN MAWAR JALAN SIBUGA, SANDAKAN SABAH.,",Pasar Raya / Supermarket,Sabah,Sandakan
18467.0,MU SUPERSTORE SDN BHD,"TL 075209620 & TL 075209639 BATU 8,JALAN LABUK,SANDAKAN,SABAH.",Pasar Raya / Supermarket,Sabah,Sandakan
18468.0,RESTORAN SERI SAHABAT (PAYA RUMPUT),"NO. G-15, JALAN CHENG PERDANA 1/1A,TAMAN DESA CHENG PERDANA,75260 MELAKA",Restoran India Muslim,Melaka,Melaka Tengah
18469.0,OREN DI SAWIT ENTERPRISE ( JR 0021798-T),"BATU 14,JALAN MERLIMAU JASIN,77300 MERLIMAU, MELAKA",Restoran Melayu,Melaka,Jasin
18470.0,JAYA GROCER D`PULZE CYBERJAYA,"LG, LINGKARAN CYBER POINT TIMUR,CYBER 12,63000 CYBERJAYA, SELANGOR",Pasar Raya / Supermarket,Selangor,Sepang
18471.0,ECONSAVE KIPMALL,"G21 & M19, KIPMALL,KOTA WARISAN,43900 SEPANG, SELANGOR",Pasar Raya / Supermarket,Selangor,Sepang
18472.0,99 SPEEDMART TAMAN SEROJA,"NO. 12 & 14(GF), JALAN SEROJA 7,TAMAN SEROJA, BANDAR BARU SALAK TINGGI,43900 SEPANG SELANGOR.",Pasar Mini,Selangor,Sepang
18473.0,PASAR SEGAR SAFIRA,"NO 21 GF JALAN 11C/5, MEDAN 88,BANDAR BARU SALAK TINGGI,43900 SEPANG, SELANGOR",Pasar Mini,Selangor,Sepang
18474.0,LOTUSS STORE TELUK INTAN,"PT 5017, RAPID MALL SERI INTAN,JALAN CHANGKAT JONG,36000 TELUK INTAN, PERAK",Hypermarket,Perak,Hilir Perak
18475.0,ECONSAVE CASH & CARRY ( BS) SDN BHD,"LOT 9855, JALAN MAHARAJA,TMN BAGAN SERAI,34300, BAGAN SERAI, PERAK.",Pasar Raya / Supermarket,Perak,Kerian
18476.0,PASAR SEJAHTERA TANJUNG PIANDANG,"TANJUNG PIANDANG,34250, PERAK,",Pasar Basah ,Perak,Kerian
18477.0,PASARAYA BS (PJ) SDN. BHD (CAWANGAN KEMAMAN),"LOT 10963,JALAN KAWASAN PERINDUSTRIAN JAKAR 2,MUKIM CHUKAI, KEMAMAN",Pasar Raya / Supermarket,Terengganu,Kemaman
18478.0,PASARAYA TF VALUE MART SDN BHD,"4-14 JALAN PERNIAGAAN PAYAMAS,PUSAT PERNIAGAAN PAYAMAS,",Pasar Raya / Supermarket,Johor,Tangkak
18479.0,KEDAI NASI KERTAS KOK LANAS,"LOT 123,DEPAN PETRONAS KOK LANAS,",Restoran Melayu,Kelantan,Kota Bharu
18480.0,SEGI CASH & CARRY SDN BHD (GOMBAK),"NO. 9-G & 10-G, JALAN BATU CAVES,TAMAN BATU CAVES,68100 BATU CAVES, SELANGOR",Pasar Raya / Supermarket,Selangor,Gombak
18481.0,SERVAY HYPERMARKET (SABAH) SDN BHD (INANAM),"LOT 11-20, GOLDEN HILL COMMERCIAL DESK,MILE 7-5, JALAN TUARAN, INANAM,88450 KOTA KINABALU, SABAH.",Hypermarket,Sabah,Kota Kinabalu
18485.0,RESTORAN NAN HONG,"NO.5, JALAN USAHA 4,SEKSYEN 15,40000 SHAH ALAM, SELANGOR",Restoran Cina,Selangor,Petaling
18486.0,PASARAYA BORONG S.N.S ALI,"7,9,11 JALAN SINGA E 20/E,SEKSYEN 20,40300 SHAH ALAM, SELANGOR.",Pasar Mini,Selangor,Petaling
18487.0,99 SPEED MART SDN BHD ( PETALING),"TAMAN DENAI PUCHONG, NO 11 & 13 (G),JLN DENAI PUCHONG, TAMAN DENAI PUCHONG,47100 PUCHONG, SELANGOR",Pasar Mini,Selangor,Petaling
18488.0,LESTARI MINI MARKET,"LOT 1636, JALAN MAT RAJI,KG PADANG JAWA,41300 KLANG, SELANGOR",Pasar Mini,Selangor,Klang
18489.0,PASAR MINI AM,"NO 1 JLN MURAI 6/1F,SEKSYEN 6,40000 SHAH ALAM, SELANGOR",Pasar Mini,Selangor,Petaling
18490.0,RESTORAN TANGKAK MADENA CURRY HOUSE,"NO 36,TAMAN MAHKOTA 2,JALAN SIALANG",Restoran India Muslim,Johor,Tangkak
18491.0,KEDAI RUNCIT HOE LEE,"TP-1,JALAN PAYAMAS,",Kedai Runcit,Johor,Tangkak
18492.0,TARGET SUPERMARKET (BATU PAHAT) SDN BHD,"LG 26 & LG 26A, SUMMIT PARADE BATU PAHAT,88, JALAN BAKAU CONDONG,83000 BATU PAHAT, JOHOR.",Pasar Raya / Supermarket,Johor,Batu Pahat
18494.0,MEI JING SEAFOOD RESTAURANT,"NO 247, JALAN BESAR,34300 BAGAN SERAI, PERAK,",Restoran Cina,Perak,Kerian
18495.0,RESTORAN D`EVERGREEN,"NO 60, LORONG B, PERUMAHAN LANGKAP 11,36700 LANGKAP, PERAK,",Restoran Melayu,Perak,Hilir Perak
18496.0,PREEYA MINI MARKET,"NO 56-A,PERSIARAN CAMELIA 3, TANAH RATA,CAMERON HIGHLAND PAHANG",Pasar Mini,Pahang,Cameron Highlands
18497.0,PASARAYA JIMAT BRINCANG,"BRINCANG,CAMERON HIGLAND PAHANG,",Pasar Mini,Pahang,Cameron Highlands
18498.0,KDI FRESH MART ENTERPRISE,"C2-G-12,TAMAN ROYAL LILY, TANAH RATA,CAMERON HIGHLAND PAHANG",Pasar Mini,Pahang,Cameron Highlands
18499.0,NASI KANDAR PADANG KOTA (PARIT BUNTAR) PERAK,"MYDIN PARIT BUNTAR HYPERMARKET, KERIAN SENTRAL MALL,LOT 23252, JALAN SEKOLAH,34200 PARIT BUNTAR, PERAK",Restoran India Muslim,Perak,Parit Buntar
18500.0,RESTORAN LIMRA ( GERIK ),"11061, JALAN SUDA BAHAGIA,33300 GERIK, PERAK,",Restoran India Muslim,Perak,Gerik
18501.0,EMART TABUAN JAYA,"NO.1,TABUAN TRANQUILITY COMMERCIAL CENTRE JALAN CANNA,93350 KUCHING, SARAWAK",Pasar Raya / Supermarket,Sarawak,Kuching
18502.0,EVERWIN CENTRE SDN. BHD. (11TH MILE),"EVERWIN CENTRE SDN.BHD. (11TH MILE),NO.6, LOT 118, BLOCK 82,K.C.L.D.JALAN KUCHING/SERIANBATU 11",Pasar Raya / Supermarket,Sarawak,Kota Padawan
18503.0,LEPAPA SUPERMARKET MATANG,"LEPAPA SUPERMARKET SDN.BHD.GROUND & FIRST FLOOR,SUBLOT 1, 2 & 3, LOT 4635 SECTION 65, K.T.L.D,KUCHING, SARAWAK",Pasar Raya / Supermarket,Sarawak,Kuching
18505.0,PAK GROCER,"NO 412, 414 & 416, JALAN 5/132,TAMAN GASING INDAH,",Pasar Mini,W.P. Kuala Lumpur,Lembah Pantai
18507.0,MUAR SOUP HOUSE ( DARUL MAHSYUR),"26, JALAN SISI, PEKAN MUAR, 84000 MUAR,JOHOR,JALAN SISI,PEKAN MUAR",Restoran India Muslim,Johor,Muar
18508.0,RISEN SUN RESTAURANT,"LOT NO.4&5, JALAN TESSA, 98850 LAWAS, SARAWAK,",Restoran Cina,Sarawak,Lawas
18509.0,88 LAWAS RESTAURANT,"LOT 261, JALAN MASJID BARU, 98850 LAWAS, SARAWAK.,",Restoran Cina,Sarawak,Lawas
18510.0,"RESTAURANT HAJI TABIB, SINARAN TIGA SERI MURNI, LAWAS","GROUND FLOOR, LOT 4346 JALAN BANTING SHOP HOUSE, 98850 LAWAS, SARAWAK,",Restoran Melayu,Sarawak,Lawas
18511.0,D BEDAH CORNER,"MC-01, MEDAN CORNER, 26700 MUADZAM SHAH, PAHANG,",Restoran Melayu,Pahang,Rompin
18513.0,KOPITIAM H SCHA,"NO.1, JALAN MAKMUR 1, PRESINT NIAGA BANDAR SATELIT 26700 MUADZAM SHAH, PAHANG,",Restoran India Muslim,Pahang,Rompin
18515.0,MY MUM CAFÃ‰,"NO 78 TKT BAWAH, JALAN ZAPIN INDAH UTAMA, BANDAR INDERAPURA ,27000 JERANTUT PAHANG,",Restoran Melayu,Pahang,Jerantut
18517.0,BAK KUT THE COTTAGE DELIGHT,"NO 4 JALAN PASAR,39100 BANDAR BARIU BARU BRINCHANG , CAMERON HIGHLAND,BANDAR BARIU BARU BRINCHANG,",Restoran Cina,Pahang,Cameron Highlands
18520.0,AHMAD FAIZOL BIN ABDUL RASHID,"E F 93, KG KETAPANG HILIR PEKAN, PAHANG,",Restoran Melayu,Pahang,Pekan
18521.0,SELERA AMBANG QASEH,"NO B6 ANJUNG SELERA, BANDAR PUSAT JENGKA 26400 BANDAR TUN ABDUL RAZAK JENGKA PAHANG,",Medan Selera,Pahang,Maran
18522.0,LOT 702,"NO. 1, LORONG ALAMANDA 1, TAMAN ALAMANDA, 27000 JERANTUT, PAHANG,",Restoran India Muslim,Pahang,Jerantut
18523.0,RESTORAN HAZZIAN HAMZAH,"NO. 3 JALAN SRI DAGANGAN PERAMU, PEKAN,",Restoran Melayu,Pahang,Pekan
18524.0,RESTORAN FAROUK MAJU,"NO. 1 WISMA FAROUK PEKAN, JALAN ENGKU MUDA MANSOR,",Restoran India Muslim,Pahang,Pekan
18527.0,WARUNG KELUARGA KAK MAH,"BERHAMPIRAN MASJID LAMA, 26600 PEKAN PAHANG,",Restoran Melayu,Pahang,Pekan
18528.0,RESTORAN FAI LOK,"RESTORAN FAI LOK (0019065-H)NO B-8, JALAN TAMAN RIMBA,TAMAN GOPENG, 28400 MENTAKAB.PAHANG,",Restoran Cina,Pahang,Temerloh
18529.0,MUTIARA BIRU BISTRO,"NO. 14 PUSAT PERTUMBUHAN DESA JALAN ENDAU- ROMPIN TANJUNG GEMOK, 26820 TANJUNG GEMOK, PAHANG,",Restoran Melayu,Pahang,Rompin
18530.0,RESTORAN RAHMAT,"RESTORAN RAHMAT (CA0112929-X)NO. 67, JALAN ZABIDIN, 28400 MENTAKAB,PAHANG,",Restoran Melayu,Pahang,Temerloh
18531.0,RESTORAN AR ROBAH,"RESTORAN AR ROBAH (NS0103832-U)NO. 46, JALAN ORKID,28400 MENTAKAB,PAHANG,",Restoran India Muslim,Pahang,Temerloh
18532.0,RESTORAN  ANJUNG SERI BERA,"NO. 24 JALAN KERAYONG 4, 28200 BANDAR BERA, PAHANG,",Restoran Melayu,Pahang,Bera
18534.0,RESTORAN ASZ,"NO. 49, JALAN ZAPIN INDAH 2,BANDAR INDERAPURA,27000 JERANTUT, PAHANG,",Restoran India Muslim,Pahang,Jerantut
18535.0,RESTORAN GULAI KAMPUNG,"NO.10, LORONG BBKL 2-1 BANDAR BARU SEBERANG JELAI, 27200 KUALA LIPIS,",Restoran Melayu,Pahang,Lipis
18536.0,RESTORAN MADEENA BISTRO,"NO. 10, JALAN CHENERAS INDAH, TAMAN CHENERAS, 27200 KUALAI LIPIS, PAHANG,",Restoran India Muslim,Pahang,Lipis
18537.0,RESTORAN AH FATT CHAY,"NO. 7, TINGKAT BAWAH, LOT PERNIAGAAN SUNGAI JAN, 27000 JERANTUT, PAHANG,",Restoran Cina,Pahang,Jerantut
18538.0,KEDAI MAKAN LOONG KEE,"8-B JALAN KUALA TEMBELING, SUNGAI JAN, 27000 JERANTUT, PAHANG,",Restoran Cina,Pahang,Jerantut
18539.0,PASAR TAMAN KAYA ( TAIPING),"TAMAN KAYA, 34000 TAIPING PERAK,TAMAN KAYA, 34000 TAIPING PERAK,",Pasar Basah ,Perak,"Larut, Matang & Selama"
18540.0,99 SPEED MART SDN BHD ( TAMAN PEKAN BARU ),"LOT 4297, JALAN MERBUK,TAMAN PEKAN BARU,34200, PARIT BUNTAR",Pasar Mini,Perak,Kerian
18541.0,PANTAI TIMOR MART SDN BHD ( KOTA BHARU),"LOT 2945-2953,JALAN PINTU GENG, TINGKAT BAWAH,KOTA BHARU",Pasar Raya / Supermarket,Kelantan,Kota Bharu
18542.0,SALAMKU RETAIL SDN BHD (BACHOK),"LOT 1280, MUKIM TEMU RANGGAS,JAJAHAN BACHOK,",Pasar Raya / Supermarket,Kelantan,Bachok
18544.0,RESTORAN SOON LEE,"NO.13, JALAN DURIAN, TAMAN SINARAN,33300 GERIK, PERAK,",Restoran Cina,Perak,Gerik
18545.0,KEDAI MAKAN YAN,"NO 7, TAMAN SRI INDERAWASIH,36400 HUTAN MELINTANG, PERAK,",Restoran Cina,Perak,Bagan Datuk
18546.0,RESTORAN KHALIFFA,"NO 14E, JALAN FERI, SIMPANG EMPAT,36400 HUTAN MELINTANG, PERAK,",Restoran India Muslim,Perak,Bagan Datuk
18547.0,RESTORAN BERKAT,"NO 12, JALAN BIDOR,35000 TAPAH,PERAK,",Restoran India Muslim,Perak,Tapah
18548.0,RESTORAN SELERA KEPALA BUKIT,"BATU 9, JALAN TRONG,34850 CHANGKAT JERING,PERAK,",Restoran Melayu,Perak,"Larut, Matang & Selama"
18550.0,HOME-U (M) SDN BHD (BACHOK),"LOT 3250, KG PADANG MELINTANG,MUKIM PAK PURA, BERIS KUBOR BESAR,BACHOK",Pasar Mini,Kelantan,Bachok
18551.0,CITARASA FARTISHA,"RESTORAN & KATERING, NO 19,BANDAR U, 32610 SERI ISKANDAR, PERAK,",Restoran Melayu,Perak,Perak Tengah
18552.0,PANTAI TIMUR MART K.BADAK,"MINI MART @ KG BADAK,BACHOK LOT 2791, KG BELUKAR BADAK,MUKIM MELAWI,DAERAH BACHOK,",Pasar Mini,Kelantan,Bachok
18553.0,PANTAI TIMOR MART SDN BHD (TAMAN UDA MURNI),"MINI MART @ TAMAN UDA MURNI,PT542 & PT671, TINGKAT BAWAH,TAMAN UDA MURNI, JALAN PENGKALAN CHEPA,",Pasar Mini,Kelantan,Kota Bharu
18555.0,PANTAI TIMUR MART SDN BHD (PANJI),"MINI MART @ JALAN PANJI,LOT 2003, SEKSYEN 51, DEPAN JPJ, PAUH PANJI,JALAN HOSPITAL",Pasar Mini,Kelantan,Kota Bharu
18556.0,PASARAYA PKT,"PASARAYA PKT WHOLESALE WAREHOUSE SDN BHDPT406-PT413, JALAN TASEK, 17500 TANAH MERAH,KELANTAN,PT406-PT413 Jalan Tasek,",Pasar Raya / Supermarket,Kelantan,Tanah Merah
18557.0,RA DESA MART,"HADAPAN SEKOLAH MENENGAH KEBANGSAAN IPOH, KG GUAL IPOH,TANAH MERAH,KELANTAN,",Kedai Runcit,Kelantan,Tanah Merah
18558.0,PASARAYA U-SHOP,"UMMAH STORE (M) SDN BHD,S58/ 1477-A, JALAN DATO` LUNDANG,",Pasar Mini,Kelantan,Kota Bharu
18559.0,ECONMART BUKIT BUNGA,"BANGUNAN DYHAR HOTEL LOT 3149 HADAPAN MASJID BUKIT BUNGA,TANAH MERAH,KELANTAN,",Kedai Runcit,Kelantan,Tanah Merah
18560.0,GERAI MAKANAN DAN MINUMAN (HAMDIZA BINTI MUHAMMAD),"NO.5, GERAI BERKUNCI 32 UNIT, MAJLIS DAERAH SRI AMAN,",Medan Selera,Sarawak,Sri Aman
18561.0,MINI STOP TRADING CO.,"BANGUNAN TAMU, MAJLIS DAERAH SUBIS,SIMPANG BEKENU,98150 BEKENU, SARAWAK",Pasar Mini,Sarawak,Bekenu
18562.0,CHOP SIN SIANG ANN,"NO. 12, BEKENU BAZAAR,98157 BEKENU, SARAWAK,",Kedai Runcit,Sarawak,Bekenu
18563.0,CHOP MUI HENG ( BEKENU),"LOT 14, BEKENU BAZAAR,98157 BEKENU, SARAWAK,",Kedai Runcit,Sarawak,Bekenu
18565.0,DAHLIANA CAFE,"NO.7, JALAN PADI RIA 13,BANDAR BARU UDA,81200, JOHOR,",Restoran Melayu,Johor,Johor Bahru
18566.0,RESTORAN EHSAN JAYA,"NO.1, JALAN NIAGA UTAMA, 81900 KOTA TINGGIJOHOR,",Restoran India Muslim,Johor,Kota Tinggi
18567.0,RESTORAN WARUNG KAMPUNGKU,"LOT G46, GROUND FLOOR TESCO EXTRA DESA TEBRAU,",Restoran Melayu,Johor,Johor Bahru
18568.0,MOHAMMAD KHAIRUL HASIF BIN AMRAN,"1674,KAMPUNG BARU SEBERANG CABANG,24300 KEMAMAN, TERENGGANU.",Kedai Runcit,Terengganu,Kemaman
18569.0,NKDP ENTERPRISE,"PT 1571,TAMAN NURI,PADANG SELISING,",Restoran Melayu,Kelantan,Machang
18570.0,WARUNG RAJA SELERO DUSUN DAMAR,"LOT 2295,KG. DUSUN DAMAR,",Restoran Melayu,Kelantan,Kuala Krai
18571.0,WARUNG SELERA KAMPUNG,"GUCHIL DUA TEPI CALTEX,KUALA KRAI KELANTAN,",Restoran Melayu,Kelantan,Kuala Krai
18572.0,KEDAI UMI POKOK CHEREE,"KG SUNGAI BATU,DALAM DABONG,",Restoran Melayu,Kelantan,Dabong
18573.0,KAK AAH ENTERPRISE,"KAMPUNG SUNGAI BATU,JELAWANG, DABONG,",Restoran Melayu,Kelantan,Dabong
18574.0,ADAM CAFE,"KG. BERANGAN,JELAWANG, DABONG,",Restoran Melayu,Kelantan,Dabong
18575.0,KEDAI RUNCIT BISMI,"NO 3,JALAN BAKTI 1, TAMAN MUTIARA RINI,81300 SKUDAI, JOHOR DARUL TAKZIM.",Kedai Runcit,Johor,Johor Bahru
18576.0,SEGI FRESH PUTRAJAYA PRESINT 15,"SEGI CASH & CARRY SDN. BHD,NO. 8 & 10, NADI COMMERCIAL LOT 15,JALAN PULAU PINANG, PRESINT 15, PUTRAJAYA",Pasar Raya / Supermarket,W.P. Putrajaya,Wp Putrajaya
18578.0,PASARAYA PANTAI SELAMAT (PERAMU) SDN BHD,"LOT 414,KAWASAN PERINDUSTRIAN PERAMU,",Pasar Raya / Supermarket,Pahang,Pekan
18579.0,PASAR MINI REZEKI,"B-0-3, JALAN 12/144A,TAMAN BUKIT CHERAS,",Pasar Mini,W.P. Kuala Lumpur,Bandar Tun Razak
18582.0,FOOD COURT AEON CHERAS SELATAN,"AEON CHERAS SELATAN STORE, ARAS MEZZANINI,LEBUH TUN HUSSIEN ONN,43200 BALAKONG",Foodcourt,Selangor,Hulu Langat
18584.0,FOOD COURT TESCO SEMENYIH,"LOT FC 2, TESCO SEMENYIH, TINGKAT 1,NO 1, JALAN TPS 1/1,TAMAN PELANGI SEMENYIH, 43500 SEMENYIH, SELANGOR",Foodcourt,Selangor,Hulu Langat
18585.0,MEDAN SELERA SG KANTAN,"LOT 457, JALAN SUNGAI KANTAN,43000 KAJANG, SELANGOR,",Medan Selera,Selangor,Hulu Langat
18586.0,HAPPY HAPPY CAFE,"15G, JALAN S 10/2,OFF JALAN BUKIT,43000 KAJANG, SELANGOR",Restoran Cina,Selangor,Hulu Langat
18587.0,RESTORAN IBRAHIM MAJU,"NO.2, GROUND FLOOR, JALAN REKO SENTRAL 8,TAMAN REKO SENTRAL,43000 KAJANG, SELANGOR",Restoran India Muslim,Selangor,Hulu Langat
18588.0,RESTORAN REST 1,"NO.72A, JALAN GROVE 1/2,TAMAN TTDI GROVE,43000 KAJANG, SELANGOR",Restoran India Muslim,Selangor,Hulu Langat
18589.0,RESTORAN SAJIAN SEDAP,"NO.2-1, JALAN BPP 5/7,BANDAR PUTRA PERMAI,43300 SERI KEMBANGAN, SELANGOR",Restoran Melayu,Selangor,Hulu Langat
18590.0,RESTORAN SINGGAHSANA,"NO 30G, JALAN TPS 1/7,TAMAN PELANGI SEMENYIH,43500 KAJANG, SELANGOR",Restoran Melayu,Selangor,Hulu Langat
18591.0,RESTORAN XIN SOON LAI,"NO. 1, JALAN INDAH,TAMAN INDAH SUNGAI JELOK,43000 KAJANG, SELANGOR",Restoran Cina,Selangor,Hulu Langat
18592.0,GERAI CIK NORLIA,"P23, PASAR SEKSYEN 14,TINGKAT ATAS,46100 PETALING JAYA, SELANGOR",Medan Selera,Selangor,Petaling Jaya
18593.0,RESTORAN JAMAL MOHAMED,"NO 32, 34 JALAN SEMANGAT,SEK -14/14,46100 PETALING JAYA, SELANGOR",Restoran India Muslim,Selangor,Petaling Jaya
18594.0,JIA SIANG ENTERPRISE,"NO 10A,JALAN 14/20,46100 PETALING JAYA, SELANGOR",Restoran Cina,Selangor,Petaling Jaya
18596.0,RESTORAN SAYANG SALHAH,"NO 29, JALAN CAMAR 4/3,KOTA DAMANSARA,47810 PETALING JAYA, SELANGOR",Restoran Melayu,Selangor,Petaling Jaya
18597.0,RESTORAN SYED ABU KOTA DAMANSARA,"JALAN PEKAKA 8/3,KOTA DAMANSARA,47810 PETALING JAYA, SELANGOR",Restoran India Muslim,Selangor,Petaling Jaya
18598.0,TANJUNG VILLAGE FOOD COURT,"7, 21, JALAN PJU 5/13, KOTA DAMANSARA,PETALING JAYA,47810 SELANGOR",Foodcourt,Selangor,Petaling Jaya
18599.0,RESTORAN DU CAFE,"NO 47, JALAN PJU 5/10,DATARAN SUNWAY,47810 PETALING JAYA, SELANGOR",Restoran Cina,Selangor,Petaling Jaya
18600.0,MEDAN SELERA TESCO MUTIARA DAMANSARA,"1ST FLOOR, TESCO EXTRA, NO. 8, JALAN PJU 7/4,MUTIARA DAMANSARA,47800 PETALING JAYA, SELANGOR",Medan Selera,Selangor,Petaling Jaya
18605.0,VILLAGE GROCER (AVENUE K),"C-9, & C-10, LEVEL CONCOURCE,AVENUE K,156, JALAN AMPANG,",Pasar Raya / Supermarket,W.P. Kuala Lumpur,Bukit Bintang
18607.0,KAFE 63 ( KGK GLOBAL ENTERPRISE ),"NO.44, JALAN DATO MUDA JAAFAR,44000 KUALA KUBU BHARU,HULU SELANGOR, SELANGOR",Restoran Melayu,Selangor,Hulu Selangor
18608.0,RESTORAN PELADANG,"LOT. 49, JALAN DATO MUDA JAAFAR,44000 KUALA KUBU BHARU,HULU SELANGOR, SELANGOR",Restoran Melayu,Selangor,Hulu Selangor
18609.0,FAZLINA MAJU BISTRO SDN BHD,"NO.2, JALAN ABDUL HAMID,44000 KUALA KUBU BHARU, HULU SELANGOR, SELANGOR,",Restoran India Muslim,Selangor,Hulu Selangor
18610.0,RESTORAN SULAIMEN,"NO.22, JALAN KAMRUDDIN,4400 KUALA KUBU BHARU, SELANGOR,",Restoran India Muslim,Selangor,Hulu Selangor
18611.0,2218 KOPITIAM,"NO.6, GERAI MDHS,JALAN ABDUL HAMID,44000 KUALA KUBU BHARU, HULU SELANGOR, SELANGOR",Restoran Cina,Selangor,Hulu Selangor
18612.0,KEDAI KOPI YEW KEE,"NO.10, GERAI MDHS,JALAN MERDEKA KKB,44000 KUALA KUBU BHARU, HULU SELANGOR, SELANGOR",Restoran Cina,Selangor,Hulu Selangor
18613.0,RADZIAH ENTERPRISE,"LOT 37, JALAN RAJA MUDA JAAFAR,KUALA KUBU BHARU,44000, SELANGOR",Kedai Runcit,Selangor,Hulu Selangor
18614.0,1 MALAYSIA CAFE,"82A - 82B, JALAN MASJID,SARIKEI,SARAWAK",Restoran Melayu,Sarawak,Sarikei
18616.0,RESTORAN SBRJ,"NO 12, JALAN 4A/27A, SEKSYEN 2 DESA SETAPAK,WANGSA MAJU,",Restoran India Muslim,W.P. Kuala Lumpur,Wangsa Maju
18619.0,RESTORAN PELITA SAMUDERA JALAN AMPANG,"NO 113, JALAN AMPANG,KUALA LUMPUR,",Restoran India Muslim,W.P. Kuala Lumpur,Bukit Bintang
18620.0,RESTORAN ABM MAJU,"NO 18, JALAN 3/109C TAMAN ABADI INDAH, TAMAN DESA,KUALA LUMPUR,",Restoran India Muslim,W.P. Kuala Lumpur,Seputeh
18621.0,RESTORAN NORINA 69,"LOT 1, KEDAI MAKAN TAMAN TENAGA,JALAN SEKILAU,CHERAS",Restoran Melayu,W.P. Kuala Lumpur,Bandar Tun Razak
18622.0,RESTORAN AZZAHRA,"NO 98, AMBER BUSINESS PLAZA 2,JALAN JELAWAT 2,BATU 3 1/2, CHERAS , KL",Restoran India Muslim,W.P. Kuala Lumpur,Bandar Tun Razak
18623.0,RESTORAN AL-AMMAL MAJU,"NO 20A, JALAN JAYA 5, TAMAN JAYA,BANDAR TUN RAZAK,KL",Restoran India Muslim,W.P. Kuala Lumpur,Bandar Tun Razak
18624.0,RESTORAN PELITA SAMUDERA BANGSAR,"2-G, JALAN TELAWI 5, BANGSAR BARU,KL,",Restoran India Muslim,W.P. Kuala Lumpur,Lembah Pantai
18625.0,RESTORAN ADIK CORNER,"21-0-50, JALAN 15/2A TAMAN WILAYAH,SELAYANG,",Restoran Melayu,W.P. Kuala Lumpur,Batu
18626.0,RESTORAN VARGINA,"43A,-0-16 JALAN 1/48A, BANDAR BARU SENTUL,KL,",Restoran India Muslim,W.P. Kuala Lumpur,Batu
18627.0,RESTORAN HAJI SHAHUL,"49 GROUND FLOOR, UDARAMA KOMPLEX,JALAN 2/64A OFF,JALAN IPOH",Restoran India Muslim,W.P. Kuala Lumpur,Batu
18628.0,RESTORAN PELITA SAMUDRA SRI HARTAMAS,"NO 24, JALAN 25/70A, DESA SRI HARTAMAS,KL,",Restoran India Muslim,W.P. Kuala Lumpur,Segambut
18629.0,KOPITIAM GOOD VIEW,"B-G-2 VISTA MUTIARA, NO 1 JALAN VISTA MUTIARA OFF,JALAN KEPONG,KL",Restoran Cina,W.P. Kuala Lumpur,Kepong
18631.0,RESTORAN AMEER EHSAN,"NO.31, JALAN 2/76C,DESA PANDAN,",Restoran India Muslim,W.P. Kuala Lumpur,Titiwangsa
18632.0,FOOD COURT UTC KERAMAT MALL,"KOMPLEKS PERNIAGAAN KERAMAT MALL,JALAN DATOK KERAMAT,",Foodcourt,W.P. Kuala Lumpur,Titiwangsa
18633.0,MEDAN SELERA JALAN CHOW KIT,"403, JALAN CHOW KIT,-,",Medan Selera,W.P. Kuala Lumpur,Titiwangsa
18634.0,RESTORAN D'CHOW KIT,"40G, JALAN CHOW KIT,-,",Restoran Melayu,W.P. Kuala Lumpur,Titiwangsa
18635.0,MEDAN SELERA COCHRANE,"NO.15, GERAI TEPI JALAN COCHRANE PERKASA,-,",Medan Selera,W.P. Kuala Lumpur,Cheras
18638.0,FOOD EMPIRE ( MYTOWN ),"LOT NO.L3-021 & L3-E 021, LEVEL 3 MYTOWN SHOPPING CENTRE,NO.6, JALAN COCHRANE, SEKSYEN 90,",Foodcourt,W.P. Kuala Lumpur,Cheras
18639.0,MEDAN SELERA MENARA PGRM,"MENARA PGRM,NO.8, JALAN PUDU ULU,",Medan Selera,W.P. Kuala Lumpur,Cheras
18640.0,RESTORAN NURIN FOOD CORNER,"2-0-1, QUEENS AVENUE, JALAN BAYAM,OFF JALAN SHELLEY,",Restoran India Muslim,W.P. Kuala Lumpur,Cheras
18641.0,RESTORAN JIA XIANG RECIPE,"NO.67G, JALAN LANDAK, OFF JALAN PUDU,-,",Restoran Cina,W.P. Kuala Lumpur,Cheras
18642.0,RESTORAN NIKHMAN BISTRO,"LOTG12, TINGKAT BAWAH TOWER 1, MENARA PGRM,NO.8, JALAN PUDU ULU,CHERAS, KUALA LUMPUR",Restoran India Muslim,W.P. Kuala Lumpur,Cheras
18643.0,KOPITIAM WENG HENG,"16, JALAN RAMPAI NIAGA 1,RAMPAI BUSINESS PARK,TAMAN SRI RAMPAI",Restoran Cina,W.P. Kuala Lumpur,Setiawangsa
18644.0,MEDAN SELERA D'REJANG,"NO25, JALAN WANGSA CERIA7B,WANGSA MELAWATI,",Medan Selera,W.P. Kuala Lumpur,Setiawangsa
18645.0,RESTORAN FAREED,"37-G, JALAN 2/2F,PUSAT BANDAR WANGSA MAJU,",Restoran India Muslim,W.P. Kuala Lumpur,Setiawangsa
18646.0,FOOD COURT GIANT HYPERMARKET,"NO.5, JALAN KILANG,OFF JALAN GENTING KELANG,TAMAN DANAU KOTA",Foodcourt,W.P. Kuala Lumpur,Setiawangsa
18647.0,RESTORAN NEW SOON LY,"NO.2, JALAN REJANG 6,SETAPAK JAYA,",Restoran Cina,W.P. Kuala Lumpur,Setiawangsa
18648.0,MEDAN SELERA TAMAN SETIAWANGSA,"MAADZ FOOD,G23, MEDAN SELERA JALAN SETIAWANGSA 13,TAMAN SETIAWANSA",Medan Selera,W.P. Kuala Lumpur,Setiawangsa
18649.0,RESTORAN HASLAM,"A-01-13, WISMA PANTAI,JALAN PANTAI BARU,BANGSAR",Restoran Melayu,W.P. Kuala Lumpur,Lembah Pantai
18650.0,HAWKER CENTRE AT MENARA TM,"1ST FLOOR, NORTH WING,MENARA TM,JALAN PANTAI BHARU",Foodcourt,W.P. Kuala Lumpur,Lembah Pantai
18651.0,RESTORAN SENTOSA JAYA,"NO.2, JALAN 1A/133,TAMAN SRI SENTOSA,",Restoran Cina,W.P. Kuala Lumpur,Lembah Pantai
18652.0,SING SIANG HUAT RESTAURANT,"259G, JALAN BATU BELAH,TAMAN BATU VIEW,",Restoran Cina,W.P. Kuala Lumpur,Batu
18653.0,RESTORAN WENG KEI,"10148, JALAN SENTUL,SENTUL PASAR,",Restoran Cina,W.P. Kuala Lumpur,Batu
18654.0,FOON LOK RESTAURANT,"23, JALAN MALINJA 2,TAMAN BUNGA RAYA,SETAPAK",Restoran Cina,W.P. Kuala Lumpur,Wangsa Maju
18655.0,WARUNG ARSHAD,"8A, JALAN TAMAN MELATI,TAMAN MELATI,GOMBAK",Restoran Melayu,W.P. Kuala Lumpur,Wangsa Maju
18657.0,SING KEE KITCHEN,"61A, TINGKAT BAWAH,JALAN DESA BAKTI,TAMAN DESA",Restoran Cina,W.P. Kuala Lumpur,Seputeh
18658.0,RESTORAN D'ANISSA,"NO.10-1, JALAN 14/22,SEKSYEN 14,46100 PETALING JAYA, SELANGOR",Restoran Melayu,Selangor,Petaling Jaya
18660.0,SYARIKAT WARIS BUKIT,"BLOK 90-02-02, FLAT SRI KOTA,BANDAR TUN RAZAK,",Kedai Runcit,W.P. Kuala Lumpur,Bandar Tun Razak
18661.0,BABA DONA SUPERMART,"NO. 1, 2, 3 & 3A, PANTAI GALLERIA,JALAN PANTAI MURNI,",Pasar Mini,W.P. Kuala Lumpur,Lembah Pantai
18662.0,PASAR MINI GO FRESH MARKET,"NO.82, JALAN KAMPUNG BATU,BATU 5, JALAN IPOH,",Pasar Mini,W.P. Kuala Lumpur,Batu
18664.0,SBA CORNER,"GERAI NO.5 & 6,DATARAN KUALA KUBU BHARU,44000 KUALA KUBU BHARU, HULU SELANGOR, SELANGOR",Medan Selera,Selangor,Hulu Selangor
18666.0,PASARAYA SHAKRI CAWANGAN JABI,"LOT 8856 & 8857, TAMAN SL WIRA PERDANA,KAMPUNG BAKAP JABI,JERTEH",Kedai Runcit,Terengganu,Besut
18667.0,WONDERFUL SUPERMARKET (BM) SDN BHD,"G10-18 & 1 10-13,DE 'RENDZVIOUS JALAN PERDA SELATAN,BUKIT MERTAJAM",Pasar Raya / Supermarket,Pulau Pinang,Seberang Perai Tengah
18668.0,NUR JULIA MART,"29, JALAN SEMERBAK 20,TAMAN BUKIT DAHLIA,PASIR GUDANG",Kedai Runcit,Johor,Johor Bahru
18669.0,C & Y LEE TRADING,"PT 4605, BANDAR BARU,JALAN STESEN GEMAS,",Kedai Runcit,Negeri Sembilan,Gemas
18670.0,ECONSAVE CASH & CARRY (KUBANG KERIAN) SDN.BHD,"LOT PT 1640 & PT 1685, SEKSYEN 54,JALAN RAJA PREMPUAN ZAINAB II, MUKIM KENALI, KUBANG KERIAN,16150 KOTA BHARU, KELANTAN.",Hypermarket,Kelantan,Kota Bharu
18671.0,KEDAI MAKAN KAK NAH,"NO 6A & 7A, R&R BATU 2 1/2,JALAN SIMPANG,34000, TAIPING PERAK",Medan Selera,Perak,"Larut, Matang & Selama"
18672.0,BOSS SEAFOOD CORNER,"NO 157, KAMPUNG JANA,KAMUNTING,PERAK",Restoran Melayu,Perak,"Larut, Matang & Selama"
18673.0,TF VALUEMART KUALA KANGSAR,"LOT 2135, PUSAT KOMERSIL WAT THONG,PERSIARAN WAI THONG 1, JLN SULTAN ISKANDAR SHAH,KUALA KANGSAR",Pasar Raya / Supermarket,Perak,Kuala Kangsar
18674.0,RESTORAN AL-SAKIN,"NO 54G, JALAN INTAN 6,BANDAR BARU TELUK INTAN,36000 TELUK INTAN",Restoran India Muslim,Perak,Hilir Perak
18675.0,RESTORAN ALI & AZAI,"NO 30 A, JALAN NAKHODA 1,JALAN SUNGAI TUA,68100 BATU CAVES, SELANGOR",Restoran Melayu,Selangor,Gombak
18678.0,RESTORAN HOY YUAN SEAFOOD,"NO.1, JLN SJ 1,TAMAN SELAYANG JAYA,68100 BATU CAVES, SELANGOR",Restoran Cina,Selangor,Gombak
18679.0,RESTORAN CHIN HOR CHIAK,"NO.2, JLN SJ 3,TAMAN SELAYANG JAYA,68100 BATU CAVES, SELANGOR",Restoran Cina,Selangor,Gombak
18682.0,MEDAN SELERA PASAR SELAYANG BARU,"GERAI DALAM PASAR,PASAR SELAYANG BARU,68100 BATU CAVES, SELANGOR",Medan Selera,Selangor,Gombak
18683.0,MEDAN SELERA GREENWOOD,"MEDAN SELERA TAMAN GREENWOOD,68100 BATU CAVES,SELANGOR",Medan Selera,Selangor,Gombak
18684.0,EMPIRE FOOD COURT MELAWATI MALL,"MELAWATI MALL, JALAN SABAH,TAMAN MELAWATI,53100, KUALA LUMPUR",Foodcourt,Selangor,Gombak
18685.0,FOOD COURT GIANT TAMAN PERMATA,"LOT 13793 & 13796,JALAN CHANGKAT PERMATA,TAMAN PERMATA, 53300 KUALA LUMPUR",Foodcourt,Selangor,Gombak
18687.0,RESTORAN AL-MASHUR,"JC52 JALAN BMU 3,BANDAR BARU MERLIMAU UTARA,77300 MERLIMAU, MELAKA",Restoran India Muslim,Melaka,Jasin
18688.0,CENDOL PULAU SEBANG,"GERAI NO.2 MPAG,JALAN KEMUS,ALOR GAJAH, MELAKA",Restoran Melayu,Melaka,Alor Gajah
18690.0,MEDAN SELERA NO.5 LING,"GERAI NO 5,STESEN KTM TAMPIN,PULAU SEBANG MELAKA",Medan Selera,Melaka,Alor Gajah
18691.0,PASAR HOSEY SDN BHD,"NO.3060, JALAN MERBAU 10,BANDAR PUTRA,",Pasar Mini,Johor,Johor Bahru
18692.0,HOMETOWN SWEET RESTAURANT,"18, PEKAN PAUH,02600, ARAU PERLIS,",Restoran Cina,Perlis,Arau
18693.0,HO CHAK KOPITIAM,"NO 26, TINGKAT BAWAH, PEKAN PAUH,02600, ARAU PERLIS,",Restoran Cina,Perlis,Arau
18695.0,PASAR EKONOMI SINARAN CERIA,"94-A, JALAN RAYA, GUAR CHEMPEDAK,08800 GURUN KEDAH,",Pasar Mini,Kedah,Yan
18696.0,JIMAT JIMAT FRESH @ FROZEN MART SDN BHD,"10-11, PERSIARAN MAHSURI, TAMAN MAHSURI,SUNGAI LIMAU DALAM, YAN,",Pasar Mini,Kedah,Yan
18697.0,MYDIN SUNGAI PETANI,"1/1, JALAN BATIK 1,TAMAN BATIK,08000 SUNGAI PETANI, KEDAH.",Hypermarket,Kedah,Kuala Muda
18698.0,RESTORAN NUR IMAN,"NO 3045,JALAN KAMPUNG BARU,78000 ALOR GAJAH, MELAKA",Restoran Melayu,Melaka,Alor Gajah
18699.0,FARIDABI NORTHERN STORE (QAIREEN),"NO 1103 & 104,RUMAH KEDAI PUSAT BANDAR DARULAMAN,06000 JITRA KEDAH",Kedai Runcit,Kedah,Kubang Pasu
18700.0,TF VALUE MART SDN BHD,"NO 23831, JALAN PERUSAHAAN 3,KAWASAN PERINDUSTRIAN KAMUNTING,34600 KAMUNTING, PERAK.",Pasar Raya / Supermarket,Perak,"Larut, Matang & Selama"
18701.0,99 SPEEDMART SDN BHD,"NO 1 (G), JALAN INTAN SETIA 1,TAMAN INTAN SETIA 2,35900 TANJUNG MALIM, PERAK.",Pasar Mini,Perak,Muallim
18702.0,99 SPEEDMART SDN BHD,"NO (2189) PK TAMAN SIMPANG 3, NO 1&2 (G), LORONG SIMPANG 31,TAMAN SIMPANG 3,36200 SELEKOH, PERAK.",Pasar Mini,Perak,Bagan Datuk
18703.0,RESTORAN SRI KENYALANG,"ARAS BAWAH LOT 148,DESA SRI TONG TALUN,91308 SEMPORNA, SABAH",Restoran Melayu,Sabah,Semporna
18704.0,NURI MART,"TANAH NO NT 1288,KAMPUNG TANJUNG KAPOR NO 5,91308 SEMPORNA, SABAH",Kedai Runcit,Sabah,Semporna
18705.0,SERVAY JAYA KUNAK S/B,"KUNAK TOWN LEASE NOS LOT 2 (247500312),LOT 3 (247500303) & LOT 4 (247500296),91200 KUNAK, SABAH",Pasar Raya / Supermarket,Sabah,Kunak
18706.0,PASAR AWAM PORT DICKSON,"PASAR AWAM PORT DICKSON,PORT DICKSON,",Borong,Negeri Sembilan,Port Dickson
18707.0,PASAR AWAM REMBAU,"PASAR AWAM REMBAU,REMBAU,",Borong,Negeri Sembilan,Rembau
18708.0,ONE AMIRUL HYPERRUNCIT,"LOT 3519, KAMPUNG MERBAU PATAH,20050 KUALA TERENGGANU,",Kedai Runcit,Terengganu,Kuala Terengganu
18709.0,KEDAI RUNCIT NASHIYA,"NO.28, JALAN PERSISIRAN PERLING,TAMAN PERLING,",Kedai Runcit,Johor,Johor Bahru
18710.0,PASAR MINI PASARAYA MAJEED,"LOT 516-D, JALAN GOMBAK,BATU 4, GOMBAK,",Pasar Mini,W.P. Kuala Lumpur,Wangsa Maju
18711.0,99 SPEEDMART (KL HAPPY GARDEN),"NO.519 (G), JALAN RIANG 12,TAMAN GEMBIRA,",Pasar Mini,W.P. Kuala Lumpur,Seputeh
18712.0,PASARAYA TMG EXPRESS (FORTUNE AVENUE),"D-G-19, GROUND FLOOR,JALAN METRO PERDANA 2,FORTUNE AVENUE,",Pasar Raya / Supermarket,W.P. Kuala Lumpur,Kepong
18713.0,MIZAUNI ENTERPRISE,"1852-E HENTIAN REHAT,KUALA KEMASEK,KEMAMAN",Medan Selera,Terengganu,Kemaman
18714.0,JOM MAKANG SABASUN,"LOT 30274 JALAN TENGKU OMAR,WAKAF TEMBESU, GONG BADAK,KUALA TERENGGANU",Restoran Melayu,Terengganu,Kuala Nerus
18715.0,MERCATO (PAVILION),"LOT 1.01, LEVEL 1, PAVILION,168, JALAN BUKIT BINTANG,",Pasar Raya / Supermarket,W.P. Kuala Lumpur,Bukit Bintang
18716.0,PASARAYA BORONG BIG,"37, PESIARAN MEWAH,BANDAR TUN RAZAK,",Pasar Raya / Supermarket,W.P. Kuala Lumpur,Bandar Tun Razak
18717.0,EMART FOODCOURT,"EMART COMMERCIAL CENTRE,JALAN TUDAN,",Foodcourt,Sarawak,Miri
18718.0,DE MAKAN BISTRO,"NO 2220, JALAN TIMAH, TAMAN BANDAR BARU,31900,KAMPAR PERAK",Restoran India Muslim,Perak,Kampar
18719.0,RESTORAN ADILY,"NO 49, JALAN DURIAN,TAMAN KAMPAR JAYA,KAMPAR, PERAK",Restoran Melayu,Perak,Kampar
19117.0,CKS HYPERMARKET TUARAN,"LOT 6,BLOK B,",Hypermarket,Sabah,Tuaran
20682.0,RESTORAN SELERA CANGGIH,"LOT 64, (TYPE A),BEAUFORT SENTRAL,",Restoran Melayu,Sabah,Beaufort
20689.0,STAR MINI MART (GELANG PATAH),"NO 2, JALAN SRI ORKID 36,TAMAN SERI ORKID,SKUDAI",Pasar Mini,Johor,Johor Bahru
20690.0,AEON MAXVALU THE PRIME (SPHERE BANGSAR SOUTH ),"LG-1A & 1B, LEVEL LOWER GROUND,THE SPHERE, NO.1, AVENUE 1, BANGSAR SOUTH,NO.8, JALAN KERINCHI,",Pasar Raya / Supermarket,W.P. Kuala Lumpur,Lembah Pantai
20691.0,FOH HING LOONG,"BATU  3, JALAN APAS,TAWAU,SABAH",Pasar Mini,Sabah,Tawau
20692.0,ZEMART BAHAU,"NO. 98, JALAN KIARA 2,PUSAT PERNIAGAAN KIARA,BAHAU",Pasar Raya / Supermarket,Negeri Sembilan,Bahau
20693.0,PXR Bukit Tunggal,"LOT 22051, JALAN SEMARAK,MUKIM KUALA NERUS,",Pasar Raya / Supermarket,Terengganu,Kuala Nerus
20694.0,STHAMIN SUPERMARKET KUNAK,"LOT 15-LOT 20, KUNAK HIGHWAY,KUNAK HIGHWAY COMMERCIAL NEW TOWNSHIP,MOSTYN, KUNAK",Pasar Raya / Supermarket,Sabah,Kunak
20695.0,BATARAS HYPERMARKET TAWAU,"TB.14999,JALAN DATUK CHONG THIEN VUN,TAWAU",Hypermarket,Sabah,Tawau
20696.0,REZEKI MINI MART,"NO 13004,JALAN RAJAWALI 1,BANDAR PUTRA,",Kedai Runcit,Johor,Johor Bahru
20697.0,C'FU TOMYAM & SEAFOOD,"MEDAN SELERA,KM1, JALAN SEMPORNA-TAWAU,",Medan Selera,Sabah,Semporna
20699.0,M.IZZA V.G.C,"KEDAI LOT 18,BANGUNGN SAPANG, TINGKAT 1,KUNAK",Restoran Melayu,Sabah,Kunak
20700.0,RESTORAN AL NAFISAH,"NO.2334, BLOCK D1 KUNAK PLAZA,W.D.T 77,KUNAK",Restoran India Muslim,Sabah,Kunak
20701.0,KEDAI RESEPI IBU,"MEDAN SELERA SRI GUNONG,KUNAK,",Medan Selera,Sabah,Kunak
20702.0,PASAR KAMPUNG TAWAS,"207-213, Lorong Tawas 13,Kampung Tawas,",Pasar Basah ,Perak,Kinta
20703.0,TF VALUE MART TAMBUN,"No.2 Jalan, Persiaran Sci 2/2,Sunway City,",Pasar Raya / Supermarket,Perak,Kinta
20704.0,ECONSAVE BOTANI VILLAGE,"A-1, Medan Botani (Pusat Komersial Botani Village,Medan Botani 1A,Bandar Seri Botani",Pasar Raya / Supermarket,Perak,Kinta
20705.0,MYDIN RTC GOPENG,"Kampung Kepayang,Gopeng,",Pasar Raya / Supermarket,Perak,Kinta
20706.0,TF VALUE MART TAMAN MELOR,"PT No. 25581, 3, Jalan Sungai Manik, 36000 Teluk Intan, Perak,Taman Melor,",Pasar Raya / Supermarket,Perak,Hilir Perak
20707.0,PASARAYA SEGI FRESH,"Segi Cash & Carry Sdn Bhd,No 47-A,48-A,19-A & 50-A, Jalan Perdana 2,Pusat Perniagaan Slim Perdana, Slim River",Pasar Raya / Supermarket,Perak,Muallim
20708.0,99 SPEEDMART SUNGKAI PERDANA,"Ground Floor, No: 17 & 18,Jln Sungkai Perdana 1,Taman Sungkai Perdana",Pasar Mini,Perak,Batang Padang
20712.0,LJ SUPERMARKET,"SOOK,SOOK,",Pasar Raya / Supermarket,Sabah,Nabawan
20713.0,BESHI MART MINI MARKET,"KENINGAU,KENINGAU,",Pasar Mini,Sabah,Keningau
20714.0,RAMAI RAMAI SDN BHD (IPEAK),"IPEAK,LAHAD DATU,",Pasar Raya / Supermarket,Sabah,Lahad Datu
20715.0,STHAMIN SUPERMARKET,"LOT S1,SECOND FLOOR, DARVEL BAY PLAZA,",Pasar Raya / Supermarket,Sabah,Lahad Datu
20716.0,MG COOPMART KUALA TERENGGANU,"LOT 2953 JALAN KUALA BERANG,KG WAKAF BERUAS,",Pasar Raya / Supermarket,Terengganu,Kuala Terengganu
20717.0,TMG KUALA NERUS,"LOT 28550 JALAN GONG BADAK,KAWASAN PERINDUSTRIAN GONG BADAK,",Pasar Raya / Supermarket,Terengganu,Kuala Nerus
20718.0,PASAR BUKIT TUNGGAL,"KG BUKIT TUNGGAL,BUKIT TUNGGAL,",Pasar Basah ,Terengganu,Kuala Nerus
20719.0,TERMINAL CAFE & CATERING,"NO.1, BLOK G,GROUND FLOOR, JALAN PERDAGANGAN INANAM BUSINESS CENTRE,INANAM",Restoran India Muslim,Sabah,Kota Kinabalu
20720.0,PITAS RESTAURANT SEAFOOD,"KG. TAKA, PITAS,P/S 23,PITAS",Restoran Melayu,Sabah,Pitas
20721.0,STHAMIN CAFE,"TB 4438 & TB 4439,LOT 29 & LOT 30,SABINDO SQUARE",Restoran Melayu,Sabah,Tawau
20722.0,PASAR SUNTEX,"JALAN CHERAS,CHERAS,",Pasar Basah ,Selangor,Hulu Langat
20723.0,GIANT SUPERSTORE PRIMA SAUJANA,"502, PUSAT BANDAR BARU KAJANG,PRIMA SAUJANA,KAJANG",Hypermarket,Selangor,Hulu Langat
20724.0,PASAR AWAM RASA (RASA MARKET),"KAMPUNG CHUANG,RASA,",Pasar Basah ,Selangor,Hulu Selangor
20725.0,BS FRESHMART PETALING JAYA,"JALAN PJS 6/6B, PJS 6,PETALING JAYA,",Pasar Raya / Supermarket,Selangor,Petaling Jaya
20726.0,LOTUS'S STORES BUKIT BERUNTUNG,"NO.1 JALAN ORKID 1,SEKSYEN BS 1,BANDAR BUKIT SENTOSA",Hypermarket,Selangor,Hulu Selangor
20727.0,SEGI CASH & CARRY BUKIT SENTOSA,"NO.7-G, 9-G, 11-G,11A-G, JALAN BUNGA KERTAS 1C,PERNIAGAAN JALAN BUNGA KERTAS,BUKIT SENTOSA",Pasar Raya / Supermarket,Selangor,Hulu Selangor
20728.0,SEGI CASH & CARRY TAMAN TANJAK,"NO.7 ,8 ,9 ,10 & 11,JALAN TANJAK, TAMAN TANJAK,KUALA KUBU BHARU",Pasar Raya / Supermarket,Selangor,Hulu Selangor
20729.0,RESTORAN ABMH 1,"26 & 27, JALAN IMPIAN SENAI UTAMA,TAMAN IMPIAN SENAI,81400, SENAI, JOHOR",Restoran India Muslim,Johor,Johor Bahru
20730.0,FRESH & PAY DESA WIRA,"K&L FARMING INDUSTRIES SDN BHD,NO 66-69, LOT 6555-6556, GROUND FLOOR BLOCK 225 KUCHING NORTH DISTRICT (SUBLOT 4-7) IXORA RESIDENCE,JALAN DESA WIRA 93250, KUCHING SARAWAK.",Pasar Mini,Sarawak,Kuching
20731.0,MYDIN MALL TUNJONG,"LOT PT 666, JALAN KUALA KRAI,BANDAR BARU TUNJONG,KOTA BHARU",Hypermarket,Kelantan,Kota Bharu
20732.0,EMART SUMMERMALL,"G1, THE SUMMERMALL,JALAN DATUK MOHAMMAD MUSA,",Pasar Raya / Supermarket,Sarawak,Kota Samarahan
20733.0,BS SUPERMART SDN BHD KOTA SENTOSA,"UNIT 4-10, BLOCK 2, GROUND FLOOR,LOT 640, JALAN CENTRAL,",Pasar Mini,Sarawak,Kuching
20734.0,NASI CAMPUR ANA,"JALAN SUNGAI PINANG,GEORGE TOWN,",Restoran Melayu,Pulau Pinang,Timur Laut
20735.0,PASARAYA TUNAS MANJA BENTONG,"NO. 18-1-32-1, GROUND FLOOR, JALAN ONE BENTONG,PUSAT KOMERSIAL ONE,BENTONG",Pasar Raya / Supermarket,Pahang,Bentong
20736.0,KUMPULAN PASARAYA PANTAI TIMUR SDN. BHD RAUB,"PT 27607, JALAN PUTRA RAUB,PUSAT PERNIAGAAN PUTRA RAUB, 27600 RAUB, PAHANG.,",Pasar Raya / Supermarket,Pahang,Raub
20737.0,BS FRESHMART RAUB,"LOT 15G, 16G, 17G, 18G, 19G, 20G, 21G, 22G, 23G - 23AG, LORONG PP1,PUSAT PERNIAGAAN KM1, JALAN LIPIS, 27600 RAUB , PAHANG DARUL MAKMUR,",Pasar Raya / Supermarket,Pahang,Raub
20738.0,BENTONG SEGAR ENTERPRISE,"NO.77, JALAN LOKE YEW,28700 BENTONG, PAHANG, DARUL MAKMUR.,",Pasar Mini,Pahang,Bentong
20739.0,PASARAYA LYC SEBERANG TEMERLOH,"LOT PT 4531, BATU 2, JALAN MARAN,28000 TEMERLOH, PAHANG DARUL MAKMUR,",Pasar Raya / Supermarket,Pahang,Temerloh
20740.0,PACIFIC MENTAKAB,"MENTAKAB STAR MALL, LORONG BENDERA BENDEHARA 1,MENTAKAB STAR CITY, 28400 MENTAKAB, PAHANG DARUL MAKMUR,",Pasar Raya / Supermarket,Pahang,Temerloh
20741.0,PASARAYA LYC TAMAN BUKIT BENDERA,"NO 17 & 19, JALAN BENDERA 10, TAMAN BUKIT BENDERA, 28400 MUKIM MENTAKAB, DAERAH TEMERLOH, PAHANG DARUL MAKMUR,28400 MUKIM MENTAKAB, DAERAH TEMERLOH,",Pasar Raya / Supermarket,Pahang,Temerloh
20742.0,MYDIN MALL,"LOT 29972, JALAN LINTASAN SEMARAK,BANDAR TUN ABDUL RAZAK, 26400 JENGKA, PAHANG DARUL MAKMUR,",Pasar Raya / Supermarket,Pahang,Maran
20743.0,PASARAYA ECONSAVE,"NO 1 JALAN BDJS 2, BLOK DAGANGAN JENGKA SEJAHTERA,26400 BANDAR TUN RAZAK JENGKA, JENGKA, PAHANG DARUL MAKMUR,",Pasar Raya / Supermarket,Pahang,Maran
20744.0,PASAR MINI PANJANG,"NO 14 - 15, TAMAN BANDAR PERMAI,26500 MARAN, PAHANG DARUL MAKMUR,",Pasar Mini,Pahang,Maran
20745.0,PERNIAGAAN AKAK,"LOT 521, BATU 9, JALAN MARAN, KG AWAH,28000 TEMERLOH, PAHANG DARUL MAKMUR,",Kedai Runcit,Pahang,Maran
20746.0,PASARAYA DARUL MAKMUR (MUADZAM SHAH),"NO. 16, JALAN MAKMUR 9,MUADZAM SHAH,",Pasar Raya / Supermarket,Pahang,Rompin
20747.0,SYARIKAT PERNIAGAAN BEE HUAT,"NO. 13,14, 15, JLN. ROMPIN JAYA UTAMA,KUALA ROMPIN,",Kedai Runcit,Pahang,Rompin
20748.0,PASARAYA FRESH CHOICE PEKAN,"PANTAI SELAMAT (PEKAN) FRESHCHOICE SDN. BHD., LOT 2233,KAWASAN PERINDUSTRIAN PERAMU,",Pasar Raya / Supermarket,Pahang,Pekan
20749.0,BS FRESHMART PEKAN (PERAMU),"PASARAYA BS PEKAN SDN. BHD. (PERAMU),NO 11-17, JALAN SERI DAGANGAN PERAMU 1,",Pasar Raya / Supermarket,Pahang,Pekan
20750.0,TUNAS MANJA SUPERMARKET (KETAPANG) SDN. BHD,"NO 6-13, LORONG KETAPANG 2,TAMAN KETAPANG,",Pasar Raya / Supermarket,Pahang,Pekan
20751.0,PASARAYA BS FRESH MART,"NO. 8, JALAN SENTRAL TRIANG 3,SENTRAL TRIANG, 28300 TRIANG, PAHANG DARUL MAKMUR,",Pasar Raya / Supermarket,Pahang,Bera
20752.0,PASARAYA MUKMIN MART,"NO. 21, 23, 25, 27 TINGKAT BAWAH, JALAN MERANTI PERDANA 1,TAMAN MERANTI PERDANA, 28200 BANDAR BERA, PAHANG DARUL MAKMUR,",Pasar Raya / Supermarket,Pahang,Bera
20754.0,Chin Kim Sang Trading,"No. 4, Atrium dalam Pasar,Pasar Besar,",Kedai Runcit,Pahang,Kuantan
20755.0,PASAR BASAH KAMPUNG PERAMU,"NO.7, GERAI PELGABAI,PASAR PERAMU BARU, 26060,",Pasar Basah ,Pahang,Kuantan
20756.0,TMG TANJUNG LUMPUR,"NO.10-18, PT 91952-PT91960,JALAN TANJUNG LUMPUR, 26060 KUANTAN, PAHANG,",Pasar Raya / Supermarket,Pahang,Kuantan
20757.0,PASARAYA ECONSAVE JERANTUT,"Econsave Cash & Carry Jerantut (BM) Sdn Bhd.,Lot 7566-7569, Sepanjang Jalan Kuantan, 27000 Jerantut, Pahang,",Pasar Raya / Supermarket,Pahang,Jerantut
20758.0,PASARAYA DARUL MAKMUR JERANTUT,"MUIP Supermarket Sdn Bhd. No. 33A, Jalan Iorong 4,Bandar Baru, 27000 Jerantut, Pahang,",Pasar Raya / Supermarket,Pahang,Jerantut
20759.0,Pasaraya LYC Sdn Bhd Batu 9 Jln Gambang,"Lot 4381, Blok A Batu 9,Jalan Gambang,Kuantan Phg,",Pasar Raya / Supermarket,Pahang,Kuantan
20760.0,HYPERMARKET LOTUS SDN BHD,"NO 1, JALAN UNIVERSITI,TAMAN UNIVERSITI,",Hypermarket,Johor,Batu Pahat
20761.0,PASARAYA NIRWANA MAJU (BATU PAHAT) SDN BHD,"LOT 3822, JALAN AMPUAN,TAMAN SOGA,",Pasar Raya / Supermarket,Johor,Batu Pahat
20762.0,MR GROCER,"NO 25, JALAN DEDARU,TAMAN NIRA,",Kedai Runcit,Johor,Batu Pahat
20763.0,HOE SOON MINI MARKET,"NO 18, JALAN RUGAYAH,KAMPUNG PEGAWAI,",Pasar Mini,Johor,Batu Pahat
20764.0,PASARAYA JOMPA GROCER,"TLH PERSONAL CARE & HEALTHCARE SDN BHD.,NO. 1,3,5,7,9 & 11 JALAN LANGSAT 2, TAMAN KOTA JAYA,",Pasar Raya / Supermarket,Johor,Kota Tinggi
20765.0,PASARAYA BEYOND,"NO 2 & 3 JALAN MAJU,BANDAR KOTA TINGGI,",Pasar Raya / Supermarket,Johor,Kota Tinggi
20766.0,VALUE MEGASTORE (KT) SDN BHD,"G-1, GROUND FLOOR, HERITAGE MALL, JALAN SERI WARISAN 2,KOTA HERIITAGE COMMERCIAL CENTRE,",Pasar Raya / Supermarket,Johor,Kota Tinggi
20767.0,PASARAYA LYC SDN BHD (KEMUNTING),"NO. B 30, TINGKAT 2,B2-32, JALAN BIZ PARK UTAMA,KUANTAN BIZ PARK, KUANTAN",Pasar Raya / Supermarket,Pahang,Kuantan
20768.0,TARGET SUPERMARKET (PONTIAN) SDN. BHD.,"JALAN EMAS 4,PUSAT PERNIAGAAN KOTA EMAS,",Pasar Raya / Supermarket,Johor,Pontian
20769.0,ECONSAVE CASH & CARRY JERAM BATU,"LOT 2665 & 2666,MUKIM JERAM BATU, PEKAN NANAS,",Pasar Raya / Supermarket,Johor,Pontian
20770.0,DF FRESH MART,"JALAN ISMAIL,MERSING KECHIL,",Pasar Raya / Supermarket,Johor,Mersing
20771.0,BS FRESHMART MERSING,"3A & 5-12, JALAN SRI MERSING 3,PUSAT PERDAGANGAN SRI MERSING,",Pasar Raya / Supermarket,Johor,Mersing
20772.0,MARI-MARI SUPERMARKET,"NO 7,8 & 9, JALAN SRI MERSING 11,PUSAT PERDAGANGAN SRI MERSING,",Pasar Raya / Supermarket,Johor,Mersing
20773.0,HWA THAI SUPERMART,"LOT NO. A02A & A03A JALAN UTAMA 3/2,TAMAN UTAMA,",Pasar Raya / Supermarket,Johor,Segamat
20774.0,BIG 10 GROCER,"NO. 9 TINGKAT BAWAH, JALAN PUTRA 1/4,BANDAR IOI,",Pasar Raya / Supermarket,Johor,Segamat
20775.0,KEDAI RUNCIT MOHAMAD SABRI OTHMAN,"LOT 7588,LORONG 2 RAJAWALI,KAMPUNG PULAU SERAI,DUNGUN",Kedai Runcit,Terengganu,Dungun
20776.0,ECONSAVE SIMPANG RENGGAM,"LOT 1209,JALAN AIR HITAM,",Pasar Raya / Supermarket,Johor,Kluang
20777.0,TARGET SUPERMARKET (SRI KLUANG) SDN. BHD.,"6 JALAN 1/15,TAMAN SRI KLUANG,",Pasar Raya / Supermarket,Johor,Kluang
20778.0,PASAR MINI SITI HAWANI,"NO. 1 & 2 JALAN MAJUPADU 5,TAMAN MAJU PADU,",Pasar Mini,Johor,Kluang
20779.0,WAHID GREENMART,"1 & 2,JALAN KIARAMAS 5,",Pasar Mini,Johor,Kluang
20780.0,KEDAI RUNCIT NASHI,"2, JALAN BERLIAN 1,TAMAN RENGAM JAYA,",Kedai Runcit,Johor,Kluang
20781.0,YSL FRESH MART,"19,JALAN KIJANG,",Pasar Mini,Johor,Kluang
20782.0,PASARAYA MEGA,"PS 143,144,145 & 146 JALAN BANDAR SATELIT SEBANG, SEKSYEN 1,BANDAR SATELIT SEBANG ALOR GAJAH,MELAKA,",Pasar Raya / Supermarket,Melaka,Alor Gajah
20783.0,PASARAYA MEGA,"PS 143,144,145 & 146 JALAN BANDAR SATELIT SEBANG, SEKSYEN 1,,BANDAR SATELIT SEBANG ALOR GAJAH,MELAKA,",Pasar Raya / Supermarket,Melaka,Alor Gajah
20784.0,NSK TRADE CITY (MELAKA) SDN BHD,"NO.19395, JALAN TTC 26,TAMAN TEKNOLOGI CHENG,MELAKA,",Pasar Raya / Supermarket,Melaka,Melaka Tengah
20785.0,REDTICK SUPERMARKET (SHAFTBURY) SDN. BHD.,"P5-01, SHAFTBURY SQUARE,PERSIARAN MULTIMEDIA, CYBER 6,63000 CYBERJAYA, SELANGOR",Pasar Raya / Supermarket,W.P. Putrajaya,Cyberjaya
20786.0,MYDIN HYPERMARKET TAMAN RINTING,"PTD 92368, JALAN RINTING,TAMAN RINTING, MASAI,",Hypermarket,Johor,Johor Bahru
20788.0,MASLEE EXPRESS KEMPAS,"LG1,1,1-01-LG 25,25,25-01, 1 JALAN CENGKERIK 6,PUSAT PERDAGANGAN KEMPAS,",Pasar Raya / Supermarket,Johor,Johor Bahru
20789.0,PASARAYA TF VALUE MART MUAR,"PUSAT PERNIAGAAN MAS JAYA,JALAN SALLEH,",Pasar Raya / Supermarket,Johor,Muar
20790.0,PASARAYA ECONSAVE BAKRI MUAR,"LOT 16815, JALAN SENTOSA 2,TAMAN JERAM SENTOSA,",Pasar Raya / Supermarket,Johor,Muar
20791.0,PASARAYA ECONSAVE BUKIT GAMBIR,"PTD 14738, PUSAT KOMERSIL GAMBIR, JALAN GAMBIR 2,BANDAR BARU BUKIT GAMBIR,",Pasar Raya / Supermarket,Johor,Tangkak
20792.0,PASARAYA TARGET BUKIT BAKRI MUAR,"7 & 9, TAMAN BAKRI INDAH,BUKIT BAKRI,",Pasar Raya / Supermarket,Johor,Muar
20793.0,NSK TRADE CITY SDN BHD,"RIVERA, MUKIM KESANG, NO 1, JALAN RIVERA,KAWASAN PERINDUSTRIAN TANJUNG AGAS,",Pasar Raya / Supermarket,Johor,Tangkak
20794.0,"PASARAYA MEGA, NAFAS MALL","NAFAS MALL, LOT 3153, JALAN KESANG,TANJUNG AGAS,",Pasar Raya / Supermarket,Johor,Tangkak
20795.0,SEGI FRESH SEKSYEN 23,"NO.11 & 13, JALAN PELABUR B 23/B,SEKSYEN 23, 40300 SHAH ALAM,",Pasar Raya / Supermarket,Selangor,Petaling
20796.0,ALI SHOPPING CENTRE SDN BHD,"NO.14 &16, JALAN LIKU B,8/B 40000 SHAH ALAM, SELANGOR,",Pasar Mini,Selangor,Petaling
20797.0,99 SPEEDMART SEKSYEN 23,"NO: 89 & 91 (G), JLN PELABUR B 23/B,SEKSYEN 23, 40300 SHAH ALAM,",Pasar Mini,Selangor,Petaling
20798.0,KEDAI RUNCIT FRESH MART,"NO YG 39, TINGKAT BAWAH, JALAN PLUMBUM Y7/Y,PUSAT KOMERSIAL SEKSYEN 7, 40000 SHAH ALAM, SELANGOR,",Kedai Runcit,Selangor,Petaling
20799.0,KEDAI RUNCIT RFW MAJU NIAGA,"NO YG 39, TINGKAT BAWAH, JALAN PLUMBUM Y7/Y,PUSAT KOMERSIAL SEKSYEN 7, 40000 SHAH ALAM, SELANGOR,",Kedai Runcit,Selangor,Petaling
20800.0,STAR GROCER SEMAMBU,"130, B-12, 12A, 16, 18, 20, 22, 22A, 26,Jalan Air Putih,Kuantan, Pahang",Pasar Raya / Supermarket,Pahang,Kuantan
20801.0,LYC IM 3,"NO. 11 Jalan IM 3/2,MAHKOTA INDUSTRIAL PARK,Kuantan, Pahang, Malaysia",Pasar Raya / Supermarket,Pahang,Kuantan
20802.0,PASARAYA PDM BUKIT SETONGKOL,"A57-A69, Tingkat Bawah,Jalan Bukit Setongkol,Kuantan, Pahang Darul Makmur",Pasar Raya / Supermarket,Pahang,Kuantan
20803.0,PASARAYA JAYA GADING BALOK,"Jalan Baluk Permai 1,Kampung Balok Baru,Balok, Pahang",Pasar Raya / Supermarket,Pahang,Kuantan
20804.0,PASARAYA LYC BT 9,"Lot 4381, Blok A, Batu 9,Jalan Gambang, Kuantan, Pahang,",Pasar Raya / Supermarket,Pahang,Kuantan
20805.0,PASAR BASAH TAMAN TAS,"NO. 65 LORONG BUKIT SETONGKOL MAJU 17,BUKIT SETONGKOL,KUANTAN, PAHANG",Pasar Basah ,Pahang,Kuantan
20806.0,PASAR BASAH BESAR JAYA GADING,"LOT 11570 JALAN ABDUL RAHMAN TALIB,KG JAYA GADING,KUANTAN, PAHANG",Pasar Basah ,Pahang,Kuantan
20807.0,PASARAYA MEGAH DENGKIL,"1-11, JALAN PUTRA 2,TAMAN DESA DENGKIL,43800 DENGKIL, SELANGOR.",Pasar Raya / Supermarket,Selangor,Sepang
20808.0,TMG MART 16,"NO. A37, JALAN IM 16/3, BANDAR INDERA MAHKOTA,KUANTAN, PAHANG,",Pasar Raya / Supermarket,Pahang,Kuantan
20809.0,PASARAYA LYC JLN STADIUM,"B94, B96 & 98,GROUND FLOOR. JALAN LIM HOE LEK,KUANTAN, PAHANG",Pasar Raya / Supermarket,Pahang,Kuantan
20810.0,PASAR AWAM SRI BANDAR,"TAMAN BAGAN BARU,BUTTERWORTH,",Pasar Basah ,Pulau Pinang,Seberang Perai Utara
20811.0,PASAR AWAM SRI UDA,"18-20 JALAN BUNGA RAYA MERAH 2,RAJA UDA INDUSTRIAL ESTATE,",Pasar Basah ,Pulau Pinang,Seberang Perai Utara
20812.0,PASAR AWAM TAMAN BAGAN,"TAMAN BAGAN,BUTTERWORTH,",Pasar Basah ,Pulau Pinang,Seberang Perai Utara
20813.0,JIMAT-JIMAT FRESH & FROZEN MART (BESERI),"LOT4474A, BATU 7 1/2, JALAN KAKI BUKIT,BESERI,",Pasar Raya / Supermarket,Perlis,Padang Besar
20814.0,BORONG DIN AS CASH & CARRY (JEJAWI),"NO 28,30,32 JALAN JEJAWI SEMATANG,JEJAWI,",Pasar Raya / Supermarket,Perlis,Arau
20815.0,PASARAYA JMART (SERIAB),"NO 9, 13 & 15, TINGKAT BAWAH, JALAN KANGAR JAYA 1,KANGAR JAYA, JALAN TUANKU SYED PUTRA,",Pasar Mini,Perlis,Kangar
20816.0,PASARAYA ECO JIMAT (BUKIT KETERI),"NO 381, 383, 385 & 387, 389 JALAN BUKIT KETERI,TAMAN EMAS, BESERI,",Pasar Mini,Perlis,Padang Besar
20817.0,BORONG DIN AS CASH & CARRY (JLN PDG BEHOR),"1290053,NO 4, 6, 8, 10, 12, 14 & 16 JALAN PULAI INDAH SATU,TAMAN PULAI INDAH",Pasar Raya / Supermarket,Perlis,Kangar
20818.0,ISHAH BINTONG (REPOH),"NO 2, JALAN TIGA,TAMAN REPOH CERIA,",Pasar Mini,Perlis,Kangar
20819.0,KEDAI RUNCIT HJ. IBRAHIM,"NO  208,PTG. TOK MAHAT,",Kedai Runcit,Perak,Kerian
20820.0,79 FRESH MART SDN BHD,"LOT 2526,TAMAN ROD,",Kedai Runcit,Perak,Hilir Perak
20821.0,G.L.R STORE,"NO 27,HALAMAN PASAR,",Kedai Runcit,Perak,"Larut, Matang & Selama"
20822.0,SYYL ECONOMY MARKET,"NO 376,JALAN KAMPUNG PERAK LAMA,BATU KURAU",Kedai Runcit,Perak,"Larut, Matang & Selama"
20823.0,PASARAYA YOU SAVE (LGK) SDN. BHD.,"LOT 403, GM2858, TAMAN INDAH,KUAH,LANGKAWI",Pasar Mini,Kedah,Langkawi
20824.0,FRESH MART (JLN TOH SYAHBAND) SDN BHD,"NO 5,8-9, JALAN TOH SYAHBANDAR,BANDAR BARU D'GERIK,",Pasar Raya / Supermarket,Perak,Hulu Perak
20825.0,AGRO BAZAR RAKYAT,"PASAR SEGAR AYOB, DEPAN SEKOLAH KEB ALOR PASIR,TANAH MERAH,",Pasar Basah ,Kelantan,Tanah Merah
20826.0,PASAR OTHMAN BIN OMAR,"LOT PT 4408, KAMPUNG GUAL IPOH,TANAH MERAH,",Pasar Basah ,Kelantan,Tanah Merah
20827.0,PASAR BESAR CHIKU 3,"FELDA CHIKU 3,GUA MUSANG,",Pasar Basah ,Kelantan,Gua Musang
20828.0,MY FARM OUTLET CHENDERING,"KAWASAN PERINDUSTRIAN CHENDERING,KUALA TERENGGANU,",Pasar Basah ,Terengganu,Kuala Terengganu
20830.0,PASARAYA Q MART BUKIT BAYAS,"GUDANG LOT 69, JALAN PASIR PANJANG,KAMPUNG BUKIT BAYAS,KUALA TERENGGANU",Pasar Raya / Supermarket,Terengganu,Kuala Terengganu
20831.0,TMG CHENDERING,"PT3245,3246 & 3247 GROUND FLOOR,CHENDERING HEIGHT,KUALA TERENGGANU",Pasar Raya / Supermarket,Terengganu,Kuala Terengganu
20832.0,PASARAYA RIA MART KG. LAUT,"LAMBANG KASTURI SDN. BHD.,PT3599-PT3608 JALAN ALAM MUTIARA 2/1,TOK MOLOR, KUALA TERENGGANU",Pasar Raya / Supermarket,Terengganu,Kuala Terengganu
20833.0,PACIFIC HYPERMARKET,"G888 & 1888 KTCC MALL,MUARA SELATAN,KUALA TERENGGANU",Hypermarket,Terengganu,Kuala Terengganu
20834.0,YOON HIN JAYA ENTERPRISE BATAS BARU,"3917 JALAN BATAS BARU,KUALA TERENGGANU,",Pasar Raya / Supermarket,Terengganu,Kuala Terengganu
20835.0,YEEMART RETAIL PLT,"25,26 PERSIARAN PERWIRA,PUSAT BANDAR PARIT BUNTAR,",Pasar Mini,Perak,Kerian
20836.0,TF VALUE MART ALOR SETAR,"NO 1,JALAN TUN RAZAK,KOMPLEKS AL-BUKHARY",Pasar Raya / Supermarket,Kedah,Kota Setar
20837.0,MATT MART KG. RAJA,"467, SIMPANG EMPAT, JALAN TEMBILA,KG RAJA,BESUT",Pasar Raya / Supermarket,Terengganu,Besut
20838.0,MUSLIM MESRA MART (HQ),"843-A & B, KAMPUNG MERBAU PATAH,KUALA TERENGGANU,",Kedai Runcit,Terengganu,Kuala Terengganu
20839.0,AGRO BAZAAR RAZALI GELUGOR,"716-C,HADAPAN BALAIRAYA GELUGOR KEDAI,KUALA TERENGGANU",Kedai Runcit,Terengganu,Kuala Terengganu
20840.0,XR MART GONG BADAK,"XIRI (K.BERANG) SDN. BHD. CAWANGAN GONG BADAK,LOT 18115-18117 TAMAN SEJATI,JALAN TEMBUSU, KUALA TERENGGANU",Kedai Runcit,Terengganu,Kuala Nerus
20841.0,RA TUNGGAL MART,"5218-B JALAN BUKIT TUNGGAL,KUALA TERENGGANU,",Kedai Runcit,Terengganu,Kuala Nerus
20842.0,YOON HIN JAYA ENTERPRISE 2 BATU 6,"11697 JALAN KELANTAN,KAMPUNG PENGKALAN ARANG,KUALA TERENGGANU",Kedai Runcit,Terengganu,Kuala Nerus
20843.0,PERMATA TRADING MANIR,"JALAN TUALANG,SEBELAH BENGKEL ADIK BERADIK,KUALA TERENGGANU",Kedai Runcit,Terengganu,Kuala Terengganu
20844.0,TRELEAF MART HULU TAKIR,"LOT 5592 & 5593,KAMPUNG SEBERANG TAKIR,KUALA NERUS",Pasar Mini,Terengganu,Kuala Nerus
20845.0,PERNIAGAAN MOHD IZZATULLAH MINI MARKET,"LOT 15607,KAMPUNG TELUK KETAPANG,KUALA NERUS",Pasar Mini,Terengganu,Kuala Nerus
20846.0,KEDAI IKAN SEGAR AWOK KITA,"669K KEDAI JALAN TAMAN PURNAMA,LOT PERPINDAHAN KG. TOK ADIS,KUALA IBAI, KUALA TERENGGANU",Kedai Runcit,Terengganu,Kuala Terengganu
20847.0,GEMILANG SPEED MART PANJI ALAM,"1759-D, JALAN PANJI ALAM,KAMPUNG NIBONG,KUALA TERENGGANU",Kedai Runcit,Terengganu,Kuala Terengganu
20848.0,TRELEAF MART PERMINT JAYA CHENDERING,"PT 2025, 2026, 2027K,KAWASAN PERINDUSTRIAN CHENDERING,KUALA TERENGGANU",Pasar Mini,Terengganu,Kuala Terengganu
20849.0,TRELEAF MART KG. LAUT,"LOT 8341 KAMPUNG LAUT,MUKIM PENGADANG BULUH,KUALA TERENGGANU",Pasar Mini,Terengganu,Kuala Terengganu
20850.0,TRELEAF MART BANDAR,"56 JALAN PETANI,KUALA TERENGGANU,",Pasar Mini,Terengganu,Kuala Terengganu
20851.0,DAILY MEETING MART,"LBKL 127 & LBKL 145,BATU 4 3/4, JALAN GOMBAK,",Kedai Runcit,W.P. Kuala Lumpur,Wangsa Maju
20852.0,NEW DONGGONGON FRESH MART'S,"LOT 2 & 3, TINGKAT BAWAH,BLOCK 1, KEDAI PEKAN DONGGONGON,PENAMPANG",Pasar Mini,Sabah,Penampang
20853.0,PASAR TELUK KETAPANG,"JALAN KETAPANG PASAR,KAMPUNG TELUK KETAPANG,KUALA NERUS",Pasar Basah ,Terengganu,Kuala Nerus
20854.0,THE STORE PLAZA PAYA BUNGA,"PAYA BUNGA PLAZA,JALAN TOK LAM,KUALA TERENGGANU",Pasar Raya / Supermarket,Terengganu,Kuala Terengganu
20855.0,GOH JOO HAK TRADING SDN BHD,"LOT 458, KAMPUNG SEMUNIN CINA,LUNDU,",Pasar Mini,Sarawak,Lundu
20856.0,KIM HOCK SUPERMARKET MUKAH,"SUBLOT 1 TO 10, BLOCK F,LOT 613, BLOCK 76,MUKAH LAN DISTRICT",Pasar Raya / Supermarket,Sarawak,Mukah
20857.0,PANTAI TIMUR JELAWAT,"JELAWAT BACHOK,BACHOK,",Pasar Raya / Supermarket,Kelantan,Bachok
20858.0,D MIEZA SOLUTION,"RPT KESEDAR, KAMPUNG JELAWANG,DABONG,",Kedai Runcit,Kelantan,Dabong
20859.0,TY PASARAYA,"NO 4, 10,PERSIARAN CHANDAN INDAH 1,TAMAN CHANDAN PUTERI",Pasar Mini,Perak,Kuala Kangsar
20860.0,ECONSAVE TAMAN TERATAI,"PTD 43282, JALAN ENAU 14,TAMAN TERATAI,",Pasar Raya / Supermarket,Johor,Johor Bahru
20861.0,STAR GROCER SDN BHD,"NO 2, JALAN 20/16 PARAMOUNT GARDEN,46300 PETALING JAYA,",Pasar Raya / Supermarket,Selangor,Petaling Jaya
20862.0,PASARAYA DTT,"42-GF JALAN 19/1,MASRECA 19, PERSIARAN RIMBA PERMAI,63000, CYBERJAYA, SELANGOR.",Pasar Mini,W.P. Putrajaya,Cyberjaya
20863.0,PASAR MINI GOOD DAY,"A-G-10, CYBER SQUARE,JALAN TEKNOKRAT 6,63000, CYBERJAYA, SELANGOR.",Pasar Mini,W.P. Putrajaya,Cyberjaya
20864.0,EVERWIN CENTRE SDN BHD SEMARIANG,"1811, JALAN TEMENGGONG HAJI GOBIL,,PETRA JAYA,",Pasar Raya / Supermarket,Sarawak,Kuching
20865.0,FARLEY KUCHING,"LOT 4547, BLOK 233, KNLD, JALAN PENRISSEN, 6TH MILE,KUCHING,",Pasar Raya / Supermarket,Sarawak,Kuching
20866.0,H&L XTRA (ECO MALL PETRAJAYA),"LOT NO 5688 & 10166SECTION NO 65 DISTRICT OF KUCHING TOWN LAND,JALAN SEMARIANG BATU,",Pasar Raya / Supermarket,Sarawak,Kuching
20867.0,NEW WORLD GROCER (MOYAN SQUARE),"SUBLOT G1 & L1-1 OF PLOT 29 OF LOT 9523, BLOCK 10,MATANG LAND DISTRICT, JALAN TONDONG BATU KAWAH,,",Pasar Raya / Supermarket,Sarawak,Kuching
20868.0,G MART GROCER,"1727-E, JALAN LORONG HJ. SU,KUALA TERENGGANU,",Kedai Runcit,Terengganu,Kuala Terengganu
20869.0,SOON HIN PELAM ECONOMICALMARKET,"10, TINGKAT TELUK KUMBAR 2,BAYAN LEPAS,",Kedai Runcit,Pulau Pinang,Barat Daya
20870.0,BS FRESHMART,"PT 12112-PT12120 BULATAN GUA MUSANG-KUALA LIPIS,,BANDAR BARU GUA MUSANG,",Pasar Raya / Supermarket,Kelantan,Gua Musang
20871.0,KITAI MART SDN BHD,"LOT 1273,SUBLOT 17-22,BLOCK 13,MENUAN LAND DISTRICT,LOT 1273,SUBLOT 17-22,BLOCK 13,MENUAN LAND DISTRICT,",Pasar Mini,Sarawak,Kapit
20872.0,PASAR SERBANEKA KELUARGA KAPIT SDN BHD,"LOT 641-644(NO.15,17,19&21)KAPIT TOWN DISTRICT,LORONG SELIRIK 2B,LOT 641-644(NO.15,17,19&21)KAPIT TOWN DISTRICT,LORONG SELIRIK 2B,",Pasar Mini,Sarawak,Kapit
20873.0,TECH HUA CHAM,"NO.18,JALAN TEO TUA KHONG,BELAGA,NO.18,JALAN TEO TUA KHONG,BELAGA,",Kedai Runcit,Sarawak,Belaga
20874.0,CCK FRESH MART SDN BHD,"GROUND & 2ND FLOOR,LOT 248,SONG TOWN,GROUND & 2ND FLOOR,LOT 248,SONG TOWN,",Pasar Basah ,Sarawak,Song
20875.0,JOHAN FRESH FROZEN,"3156-F JALAN BATU TUMBUH,KAMPUNG ALOR LINTANG,",Kedai Runcit,Terengganu,Besut
20876.0,ECONSAVE TANJUNG,"ECONSAVE CASH & CARRY (EC) SDN. BHD.,PASARAYA ARAS 1 HINGGA ARAS 3,KOMPLEKS TAMAN SELERA TANJUNG, JALAN SULTAN ZAINAL ABIDIN",Pasar Raya / Supermarket,Terengganu,Kuala Terengganu
20877.0,VILLAGE GROCER ( DESA PARK ARKADIA ),"TFP RETAIL SDN.BHD @ DESA PARK ARKADIA,,BLOCK A-B1-1 PLAZA ARKADIA,,NO 3 JALAN INTISARI PERDANA,",Pasar Raya / Supermarket,W.P. Kuala Lumpur,Segambut
20882.0,TARGET GRAND SUPERMARKET (PERDANA) KLUANG PARKLAND,"JALAN LINGKARAN TENGAH, TAMAN KLUANG PERDANA,86000 KLUANG, JOHOR,",Pasar Raya / Supermarket,Johor,Kluang
20883.0,PASARAYA JAYA GROCER SEKSYEN 14,"LOT LG-17, 18, 18A & 19 JAYA SHOPPING CENTER,,JALAN SEMANGAT, 46100 PETALING JAYA,",Pasar Raya / Supermarket,Selangor,Petaling Jaya
20884.0,NUTRIBEST FRESHMART SDN BHD,"GROUND FLOOR, WISMA WAN SHOPPING COMPLEX,,TABUAN JAYA COMMERCIAL CENTRE,",Pasar Mini,Sarawak,Kuching
20886.0,PASAR AWAM TAMAN KOTA JAYA,"JALAN DELIMA,TAMAN KOTA JAYA,KOTA TINGGI",Pasar Basah ,Johor,Kota Tinggi
20887.0,BF FRESH SUPPLY SDN BHD,"A5,LORONG PADANG MAJU 1,PERUMAHAN PADANG MAJU",Pasar Mini,Pahang,Kuantan
20888.0,BS FRESHMART MUADZAM SHAH,"217,218,219 & 220,JALAN MEDAN MEWAH,",Pasar Raya / Supermarket,Pahang,Rompin
20889.0,PASARAYA WAN MIE,"KEDAI NO 7, JALAN MASJID LAMA,PASIR MAS,",Pasar Mini,Kelantan,Pasir Mas
20890.0,PASARAYA AL- MADEENA,"NO 3,4,5 GERAI SWASTA,,JALAN BALAI BARU, BUKIT KETERI,,BESERI, PERLIS",Pasar Raya / Supermarket,Perlis,Padang Besar
20891.0,PASARAYA INTAN,"NO 12,14,16,18 JALAN KAYAMAN SATU,,TAMAN TOK KAYAMAN,BUKIT KETERI, PERLIS",Pasar Mini,Perlis,Padang Besar
20892.0,AZHAR & FAMILY FRESHMART,"NO. 24, TINGKAT BAWAH,,JALAN MEDAN BESERI,,KANGAR, PERLIS",Pasar Mini,Perlis,Padang Besar
20893.0,PASARAYA MINI ECONSAVE,"TAMAN INDAH,SG JELOK KAJANG,",Pasar Mini,Selangor,Hulu Langat
20895.0,XR MART BANDAR,"XIRI (K.BERANG) SDN. BHD.,104-106 JALAN PETANI,",Pasar Raya / Supermarket,Terengganu,Kuala Terengganu
20896.0,AGROBAZAAR CHENDERING,"LOT 2965,KAWASAN PERINDUSTRIAN CHENDERING,",Kedai Runcit,Terengganu,Kuala Terengganu
20898.0,PANTAI TIMOR MART LEMBAH SIREH,"PT226 & PT233 SEKSYEN 19, TINGKAT BAWAH, BELAKANG SUK,,JALAN SULTANAH ZAINAB,",Pasar Mini,Kelantan,Kota Bharu
20899.0,PASARAYA MADEENA FROZEN & FRESH MART,"NO.67, JALAN 3/76,,DESA PANDAN,",Pasar Mini,W.P. Kuala Lumpur,Titiwangsa
20900.0,LU MIAO,"NO.9, JALAN WAWASAN JAYA,TAMAN WAWASAN 1, TANJUNG GEMUK,KUALA ROMPIN",Pasar Mini,Pahang,Rompin
20901.0,S.NISAH BIVI,"PT 5740,JLN T.S 2/1 E,,TMN SEMARAK 2,NILAI, N.S.",Pasar Mini,Negeri Sembilan,Seremban
20902.0,JAYA 33 SUPERMARKET,"PG-01, JAYA 33, NO 3 JALAN SEMANGAT, SECTION 13,SECTION 13, 46200 PETALING JAYA,",Pasar Raya / Supermarket,Selangor,Petaling Jaya
20903.0,PASARAYA HM (HOCK MEI TRADING SDN BHD),"NO 1, BLOCK B,C &D, JALAN PJS 3/2,PETALING JAYA SELATAN, 46000 PETALING JAYA,",Pasar Raya / Supermarket,Selangor,Petaling Jaya
20904.0,BATARAS HYPERMARKET KUNDASANG,"JALAN KUNDASANG KAULUAN,RANAU, SABAH,",Hypermarket,Sabah,Ranau
20905.0,BATARAS HYPERMARKET TAMPARULI,"TAMPARULI,SABAH,",Hypermarket,Sabah,Tamparuli
20906.0,PASAR MINI SAMA MAJU TRADING (BONGAWAN),"UNIT 3,4 & 5,BLOK E, BONGAWAN PLAZA,",Pasar Mini,Sabah,Kimanis
20907.0,LM FRESH STORAGE ENDAU,"NO 13, 14, 15, 16 LORONG MARKISA 1,,TAMAN MARKISA,",Pasar Raya / Supermarket,Johor,Mersing
20908.0,KEDAI RUNCIT HAFA,"NO 7 JALAN SAGU 33,TAMAN DAYA,",Kedai Runcit,Johor,Johor Bahru
20909.0,WARDA MART,"NO 32-42 JALAN PADI EMAS 4/1,BANDAR BARU UDA,",Pasar Raya / Supermarket,Johor,Johor Bahru
20910.0,TF VALUE MART PARAGON MARKET PLACE,"PARAGON BRANCH,G.01, PASAR RAYA BESAR PARAGON,NO 135, JALAN TAMPOI",Pasar Raya / Supermarket,Johor,Johor Bahru
20911.0,FRESH HUB (BANDAR PUTRA KULAI),"3099 JALAN MERBAU 1,BANDAR PUTRA,",Pasar Mini,Johor,Johor Bahru
20912.0,TARGET SUPERMARKET MASAI,"LS1, U SENTRAL MASAI, PTD 163160,JALAN SERANGKAI 1,TAMAN BUKIT DAHLIA",Pasar Raya / Supermarket,Johor,Johor Bahru
20913.0,KEDAI RUNCIT SINAR SHUHADA,"NO 19 JALAN SEJAMBAK 14,TAMAN BUKIT DAHLIA,81700 PASIR GUDANG",Kedai Runcit,Johor,Johor Bahru
20914.0,HERO MARKET ANGSANA MALL,"1-12 ARAS 1,ANGSANA JOHOR BAHRU MALL,JALAN SKUDAI, PUSAT BANDAR TAMPOI",Pasar Raya / Supermarket,Johor,Johor Bahru
20915.0,KHJ FRESH MARKET,"44-01 JLN PADI RIA 13,BANDAR BARU UDA,81200 JOHOR BAHRU",Pasar Mini,Johor,Johor Bahru
20916.0,PASAR MINI FIRST GRID,"10 JALAN PALAS 5,TAMAN TERATAI,81300 SKUDAI",Pasar Mini,Johor,Johor Bahru
20917.0,THE STORE (TAMAN TUN AMINAH),"PLAZA TASEK, NO 2,JALAN PENDEKAR 16,TAMAN UNGKU TUN AMINAH",Pasar Raya / Supermarket,Johor,Johor Bahru
20918.0,HERO MARKET DESA TEBRAU,"G-02 LOT 3,JALAN HARMONIUM 24/1,TAMAN DESA TEBRAU",Pasar Raya / Supermarket,Johor,Johor Bahru
20919.0,99 SPEEDMART (DESA TEBRAU),"NO 9 & 11 (G) JALAN HARMONIUM 35/1,TAMAN DESA TEBRAU,81100 JOHOR BAHRU",Pasar Mini,Johor,Johor Bahru
20920.0,YEOW SHENG MINI MART,"NO 23A, 23B-23C, JALAN TENANG,85300 SEGAMAT,",Pasar Mini,Johor,Segamat
20921.0,PASAR MINI EKONOMI,"NO 5 TAMAN INDAH,BUKIT SIPUT,85020 SEGAMAT",Pasar Mini,Johor,Segamat
20922.0,AEON MALL KUCHING CENTRAL,"Lot F20 & F21, First Floor,,Jln Tun Datuk Patinggi Haji Ahmad Zaidi Adruce, Min Chu Garden, 93200 Kuching, Sarawak,",Hypermarket,Sarawak,Kuching
20923.0,TF VALUE MART SDN BHD SEGAMAT,"LOT 1528, PTB 1234,JALAN GENUANG,85000 SEGAMAT",Pasar Raya / Supermarket,Johor,Segamat
20924.0,KS MART SEGAMAT,"LG_01 LOWER GROUND FLOOR,SEGAMAT SENTRAL SHOPPING CENTRE,JALAN KOLAM AIR",Pasar Raya / Supermarket,Johor,Segamat
20925.0,99 SPEEDMART SEGAMAT,"NO 4 & 5 (GROUND FLOOR) JALAN PUTRA 1/5,BANDAR PUTRA,85000 SEGAMAT",Pasar Mini,Johor,Segamat
20926.0,MASLEE EXPRESS PEKAN NENAS,"G-901 JALAN SAWAH,TAMAN BUNGA TERATAI,81500 PEKAN NENAS",Pasar Raya / Supermarket,Johor,Pontian
20928.0,PERNIAGAAN UTAMA JAYA PEKAN,"NO 13 JALAN UTAMA 2,TAMAN UTAMA,81500 PEKAN NENAS",Kedai Runcit,Johor,Pontian
20929.0,99 SPEEDMART JEMALUANG,"NO 6156 & 6157 (GROUND FLOOR),JALAN MERSING,86810 JEMALUANG",Pasar Mini,Johor,Mersing
20930.0,ABT FRESH & FROZEN FOOD SUPPLY MERSING,"NO 93 & 95 JALAN ENDAU,86800 MERSING,",Pasar Mini,Johor,Mersing
20931.0,99 SPEEDMART BANDAR BARU ENDAU,"NO 4117 (GROUND FLOOR) JALAN PERISAI 1,JALAN DATO MOHD ALI,BANDAR BARU, 86900 ENDAU",Pasar Mini,Johor,Mersing
20932.0,PASARAYA KINI SDN BHD,"NO 5 JALAN NIAGA,KOTA SENTRAL,81900 KOTA TINGGI",Pasar Raya / Supermarket,Johor,Kota Tinggi
20933.0,FRESH HUB TRADING SDN BHD,"NO 135-1 - 135-5 JALAN ANGGERIK 2/1,TAMAN ANGGERIK,81440 BANDAR TENGGARA",Pasar Raya / Supermarket,Johor,Kota Tinggi
20934.0,PASAR MINI AL-MASHUR,"NO 2 PTD 39739 JALAN SEJAHTERA 2,TAMAN SEJAHTERA,81900 KOTA TINGGI",Pasar Mini,Johor,Kota Tinggi
20935.0,SRI UIDHYA MINI MARKET (TAMAN KOTA JAYA),"NO 55 & 57 JALAN PEDADA,TAMAN KOTA JAYA,81900 KOTA TINGGI",Pasar Mini,Johor,Kota Tinggi
20936.0,SRI UIDHYA MINI MARKET (TAMAN SRI LALANG),"NO 39 JALAN AHMAD UJAN,TAMAN SRI LALANG,",Pasar Mini,Johor,Kota Tinggi
20937.0,MOHAMADIA MINI MARKET,"NO 27 JALAN PEDADA,TAMAN KOTA JAYA,81900 KOTA TINGGI",Kedai Runcit,Johor,Kota Tinggi
20938.0,KEDAI RUNCIT TIJARAH JAYA,"NO 152A JALAN LANGSAT,TAMAN KOTA JAYA,81900 KOTA TINGGI",Kedai Runcit,Johor,Kota Tinggi
20939.0,KEDAI RUNCIT ABDUL AZIZ BERJAYA ENTERPRISE,"NO 43 JALAN KG BARU,TAMAN SERI TENGAH,86000 KLUANG",Kedai Runcit,Johor,Kluang
20940.0,KS SUPERMARKET (KLUANG) SDN BHD,"NO 38,39,40,41,42 & 43 JALAN INTAN 2/1,TAMAN INTAN,86000 KLUANG",Pasar Raya / Supermarket,Johor,Kluang
20941.0,PASAR MINI DEE MART,"NO 1 & 2 TINGKAT BAWAH,JALAN SATRIA 1/2,TAMAN TITIWANGSA",Pasar Mini,Johor,Kluang
20942.0,PASARAYA MEGAMART JALAN JUNID,"NO 1, 3, 3-1, 5 JALAN WARISAN 1,TAMAN WARISAN, JALAN JUNID,84000 MUAR",Pasar Raya / Supermarket,Johor,Muar
20943.0,PASARAYA L & L BEST MART PAGOH,"NO 9, 11 & 13 JALAN JAYA 1/5 A,TAMAN PAGOH JAYA,84500 PAGOH",Pasar Raya / Supermarket,Johor,Muar
20944.0,PASARAYA MEGAMART BUKIT PASIR,"NO 2, 2-1, 6, 8 JALAN PERDAGANGAN,PUSAT PERDAGANGAN BUKIT PASIR,84300 BUKIT PASIR",Pasar Raya / Supermarket,Johor,Muar
20945.0,CKS RETAIL SDN BHD SG. ABONG,"PUSAT PERNIAGAAN, NO 3-7, 3-8, 3-9, 3-10, 3-11 JLN PERNIAGAAN 2,OFF JALAN SUNGAI ABONG,KAMPUNG TENGAH",Pasar Mini,Johor,Muar
20946.0,PASAR MINI FRENMART JALAN JUNID,"NO 1 & 3 JALAN CEMPAKA SARI 1/2,TAMAN SRI CEMPAKA,JALAN JUNID",Pasar Mini,Johor,Muar
20947.0,PASAR MINI BIG 10,"NO 19 TINGKAT BAWAH,JALAN GAMBIR 4/2,BANDAR BARU, 84800 BUKIT GAMBIR",Pasar Mini,Johor,Tangkak
20948.0,PASARAYA DARUSSALAM XL PRESINT 4,"KOMPLEKS TEMPAT LETAK KERETA BERTINGKAT,PRESINT 4,",Pasar Mini,W.P. Putrajaya,Wp Putrajaya
20949.0,PASAR RAYA KIFARAH FRESH MART,"01-26 GF JALAN 19/1,,MASRECA BIZ 19,,CYBER 10,",Pasar Mini,W.P. Putrajaya,Cyberjaya
20950.0,PASAR RAYA HUMAINI MAJU AYER 8,"NO. 23, (GROUND FLOOR) LOT 8C3,,JALAN P8G/1,,PRESINT 8",Kedai Runcit,W.P. Putrajaya,Wp Putrajaya
20951.0,MADEENA FRESH & FROZEN,"NO. 1 & 3 KAMPUNG KERINCHI, BANGSAR JALAN PANTAI MURNI 2, PANTAI DALAM,,BANGSAR JALAN PANTAI MURNI 2, PANTAI DALAM,,",Pasar Mini,W.P. Kuala Lumpur,Lembah Pantai
20952.0,HARIZA TRADING,"NO 12 JALAN 3/109C,TAMAN ABADI INDAH, TAMAN DESA,",Pasar Mini,W.P. Kuala Lumpur,Seputeh
20953.0,PASAR BASAH KEMAYAN,"213,KAMPUNG BARU KEMAYAN,KEMAYAN",Pasar Basah,Pahang,Bera
20954.0,KEDAI RUNCIT VMA TRADING,"NO 156,TAMAN JAYA,KEMAYAN",Kedai Runcit,Pahang,Bera
20955.0,KEDAI RUNCIT CHOP HIAP GUAN,"NO 8,DURIAN TAWAR,MENKARAK",Kedai Runcit,Pahang,Bera
20956.0,KOPERASI PEKEBUN KECIL BERA,"NO 2,JALAN SRI KERAYONG 2,BANDAR BERA",Pasar Raya / Supermarket,Pahang,Bera
20957.0,SEGI FRESH KLEBANG,"NO 65-G, 67-G, 69-G, 71-G & 73G,LENGKOK KLEBANG PUTRA,PUASAT PERDAGANGAN PUTRA",Pasar Raya / Supermarket,Perak,Kinta
20958.0,SEGI CASH & CARRY SDN BHD,"NO 68-G, 69-G, 70-G, 71-G & 72-G,PERSIARAN MELOR 2, TAMAN MELOR 3,JALAN SUNGAI MANIK",Pasar Raya / Supermarket,Perak,Hilir Perak
20959.0,99 SPEEDMART JLN DATO SAGOR,"NO 2 (G),,JALAN DATO SAGOR,OFF JALAN TAIPING",Pasar Mini,Perak,Kuala Kangsar
20960.0,TY PASARAYA MEDAN SURIA,"NO 8,9,10,11,PERSIARAN MEDAN SURIA,OFF JALAN TAIPING",Pasar Mini,Perak,Kuala Kangsar
20961.0,SOON LEE MINI MARKET,"PT2013,JALAN MAHSURI,SLIM RIVER",Pasar Mini,Perak,Muallim
20962.0,SHAH KHAN TRADING,"NO 4&5,TAMAN BAKTI,SUNGKAI",Pasar Mini,Perak,Batang Padang
20963.0,PASAR MINI DA AI,"NO 1536 & 1537,RUMAH KEDAI JALAN BETONG,PENGKALAN HULU",Pasar Mini,Perak,Hulu Perak
20964.0,99 SPEEDMART LENGGONG,"17 & 19 (GROUND FLOOR),JALAN L/8 UTAMA,PUSAT PERNIAGAAN LENGGONG",Pasar Mini,Perak,Hulu Perak
20965.0,CERIA MART 88,"NO 14,JALAN BETONG,PENGKALAN HULU",Pasar Mini,Perak,Hulu Perak
20966.0,SIANG LEONG HENG MINI MARKET,"NO 25,JLN TMN KOTA JAYA LUAR,,TMN PURA JAYA, SIMPANG",Kedai Runcit,Perak,"Larut, Matang & Selama"
20967.0,KEDAI RUNCIT AAIRA,"LOT 382,SUNGAI MATI, MATANG,",Kedai Runcit,Perak,"Larut, Matang & Selama"
20968.0,AFLAH NIZAM,"NO 721,LORONG 25,TAMAN BERKAT, SIMPANG",Pasar Mini,Perak,"Larut, Matang & Selama"
20969.0,SIN SHENG HUAT MINI MATKET,"NO 47 & 51,LPRONG 1,TAMAN LAGENDA SIMPANG",Pasar Mini,Perak,"Larut, Matang & Selama"
20970.0,HENG TEIK CHAN,"1G, JALAN PUTRA,PUSAT PENJAJA PUTRA,",Kedai Runcit,Perak,Hilir Perak
20971.0,AADHI ENTERPRISE,"NO 5, TAMAN INTAN JAYA,JALAN MANGGIS,",Kedai Runcit,Perak,Hilir Perak
20972.0,99 SPEEDMART BANDAR BARU,"NO 132 & 134 (G),JALAN INTAN 5,BANDAR BARU TELUK INTAN",Pasar Mini,Perak,Hilir Perak
20973.0,PASARAYA I-KEEP,"KOPERASI ORANG MELAYU KERAJAAN (SKOMK) PERAK BERHAD,LOT 2, 4 & 6, BANGUNAN SKOMK,JALAN MAHKOTA",Kedai Runcit,Perak,Hilir Perak
20974.0,KEDAI SERBANEKA PERKASA,"NO 33, JALAN PERKASA 1, TAMAN PERKASA,JALAN PDANG TEMBAK,",Pasar Mini,Perak,Hilir Perak
20975.0,TI FRESH MARKET,"NO 22, 23, 24, 25 BAWAH,LORONG 1, PEKAN BARU,",Kedai Runcit,Perak,Hilir Perak
20976.0,99 SPEEDMART BANDAR UNIVERSITI,"GF NO 182, JALAN PP9,BANDAR UNIVERSITI LAKEVILLE,SERI ISKANDAR",Pasar Mini,Perak,Perak Tengah
20977.0,PASARAYA NURKHALIDA,"NO 2380, TAMAN SAMUDERA,SERI MANJUNG,",Pasar Mini,Perak,Manjung
20978.0,HJ GROUP SDN BHD,"NO 10, TINGKAT BAWAH,KEDAI PEJABAT,JALAN SENAWI, SITIAWAN",Kedai Runcit,Perak,Manjung
20979.0,PASARAYA L&L,"NO 64 & 65,MEDAN SRI SENTOSA,AYER TAWAR",Pasar Mini,Perak,Manjung
20980.0,PUVI SEVENTY THREE MINI SHOP,"NO 2260, JALAN LUMUT,TAMAN SAMUDERA,MANJUNG",Pasar Mini,Perak,Manjung
20981.0,GREAT FAMILY MART,"NO. 513,PERSIARAN SM2B/23, FASA 2B,SERI MANJUNG",Kedai Runcit,Perak,Manjung
20982.0,EXPRESS MART,"L-11, JALAN SM 1C/12,,BANDAR BARU SERI MANJUNG,SERI MANJUNG",Kedai Runcit,Perak,Manjung
20983.0,SEASONS FROZEN FOOD SUPPLY,"27, JALAN BANDAR BAHARU 1,BANDAR BARU, BATU GAJAH,",Kedai Runcit,Perak,Kinta
20984.0,SAVE MINI MARKET TAMAN JATI,"JALAN BESAR,TAMAN JATI JELAPANG,",Kedai Runcit,Perak,Kinta
20985.0,SAVE MINI MARKET TAMAN CEMPAKA,"45 & 47, REGAT SRI CEMPAKA,TAMAN CEMPAKA,",Kedai Runcit,Perak,Kinta
20986.0,SAVE MINI MARKET KLEBANG,"JALAN KLEBANG RIA 2,TAMAN KLEBANG RIA,",Kedai Runcit,Perak,Kinta
20987.0,SAVE MINI MARKET SIMPANG PULAI,"38, PERSIARAN PULAI JAYA 9,BANDAR PULAI JAYA,",Kedai Runcit,Perak,Kinta
20988.0,SAVE MINI MARKET IPOH JAYA,"53, SELASAR ROKAM 11,TAMAN IPOH JAYA,",Kedai Runcit,Perak,Kinta
20989.0,99 SPEEDMART TAMBUN,"NO 31 & 32,PERSIARAN SCI 2/1, TAMAN REKREASI TAMBUN,BANDAR SUNWAY CITY",Pasar Mini,Perak,Kinta
20990.0,99 SPEEDMART RTC GOPENG,"NO 47 & 49 (GROUND FLOOR), JALAN MEWAH 1,PUSAT PERNIAGAAN GOPENG,",Pasar Mini,Perak,Kinta
20991.0,99 SPEEDMART BERCHAM,"NO 222 & 224,JALAN BERCHAM,TAMAN RIA",Pasar Mini,Perak,Kinta
20992.0,PASAR RAYA BERKAT YUSRI BESUT,"LOT 467, SIMPANG EMPAT,JALAN TEMBILA,KAMPONG RAJA",Pasar Raya / Supermarket,Terengganu,Besut
20993.0,TUNAS MANJA SUPERMARKET (BANDAR MUADZAM SHAH) SDN BHD,"NO 228-233,TAMAN MEDAN MEWAH,MUADZAM SHAH",Pasar Raya / Supermarket,Pahang,Rompin
20994.0,99 SPEED MART ( TAMAN JADI),"NO 2 & 4, JALAN JADI 4,TAMAN JADI,JALAN ENDAU-ROMPIN",Pasar Mini,Pahang,Rompin
20995.0,99 SPEED MART (JALAN WAWASAN B.BARU),"NO. 25 & 26 (GF),JALAN WAWASAN B.BARU,KUALA ROMPIN",Pasar Mini,Pahang,Rompin
20996.0,99 SPEED MART (TAMAN WAWASAN 2),"NO. 10 (GF),JALAN WAWASAN MAJU 2,TAMAN WAWASAN 2",Pasar Mini,Pahang,Rompin
20997.0,99 SPEED MART (TAMAN PUTERI INDAH UTAMA),"NO. 07 & 08(GF),TAMAN PUTERI INDAH UTAMA,KUALA ROMPIN",Pasar Mini,Pahang,Rompin
20998.0,PASARAYA BEE HUAT SDN BHD,"NO. 13,14, JALAN IDAMAN JAYA 1,TAMAN IDAMAN JAYA,KUALA ROMPIN",Kedai Runcit,Pahang,Rompin
20999.0,99 SPEED MART (KAMPUNG SEPAKAT),"NO. 3 & 5 (GF),JALAN SRI SEPAKAT UTAMA,KAMPUNG SEPAKAT",Pasar Mini,Pahang,Rompin
21000.0,TUNAS MANJA SDN BHD (PETRON),"NO. 20-38,TINGKAT BAWAH,LORONG SU 1/1,JALAN TEMERLOH-JERANTUT,",Pasar Raya / Supermarket,Pahang,Jerantut
21001.0,TUNAS MANJA SDN BHD (CAWANGAN JERANTUT BANDAR BARU),"LOT 11,GROUND FLOOR,BANDAR BARU",Pasar Raya / Supermarket,Pahang,Jerantut
21002.0,PASARAYA BS (PJ) SDN BHD,"NO 37,38,39,40,41,42,43,43A,45 &46,TINGKAT BAWAH,JALAN PPBR 3/4,JALAN BUKIT RESIDEN",Pasar Raya / Supermarket,Pahang,Lipis
21003.0,99 SPEED MART (BDR BARU JERANTUT),"NO. TT 16 & TT 15 (G),JALAN DULANG 1,BDR BARU JERANTUT",Pasar Mini,Pahang,Jerantut
21004.0,99 SPEED MART (BDR INDERAPURA),"NO. 109 (G),JALAN ZAPIN INDAH 3,BDR INDERAPURA",Pasar Mini,Pahang,Jerantut
21005.0,99 SPEEDMART SDN BHD (TAMAN AWAH INDAH),"NO. 14 & 15 (G), LRG AWAH INDAH 1, TAMAN AWAH INDAH,,KG AWAH, TEMERLOH,",Pasar Mini,Pahang,Temerloh
21006.0,PASAR MINI SUNGAI JAN,"NO 932,,SUNGAI JAN,",Pasar Mini,Pahang,Jerantut
21007.0,99 SPEED MART ( TMN PINE),"NO 2 (G),JALAN PINE 2,TAMAN PINE",Pasar Mini,Pahang,Jerantut
21008.0,KS TRIPLE MART,"NO. 22-24, 26-28, JALAN BAHAGIA MAKMUR 8/1,,TAMAN BAHAGIA MAKMUR,",Pasar Mini,Pahang,Temerloh
21009.0,KS WALK IN MART (TAMAN TEMERLOH JAYA),"NO. 110,112,114 & 116, JALAN BESAR,TAMAN TEMERLOH JAYA,",Pasar Mini,Pahang,Temerloh
21010.0,KS XIN MART,"NO. 8-9,,JALAN BAHAGIA 7,",Pasar Mini,Pahang,Temerloh
21011.0,KUMA MINI MART,"7,7A,7B,9,9A,9B, JALAN BDS2,,BUKIT DESA SEMANTAN,,",Pasar Mini,Pahang,Temerloh
21012.0,KEDAI RUNCIT GAROK MAJU ENT,"NO 4, KEDAI P.L.B,JERANTUT FERI,",Kedai Runcit,Pahang,Jerantut
21014.0,VINOTHAN MINI MARKET,"NO. S 1/11,LORONG CEMPAKA 1,TAMAN CEMPAKA",Kedai Runcit,Pahang,Jerantut
21015.0,MUTHU MINI MART,"NO. 2 & 3, BANGUNAN LKNP,,SIMPANG SONGSANG,,",Pasar Mini,Pahang,Temerloh
21016.0,KEDAI RUNCIT PATHMAVATHY,"NO 3,TAMAN JAYA,",Kedai Runcit,Pahang,Jerantut
21017.0,MP MINIMART,"S-1,TINGKAT BAWAH,KEDAI TAMAN KOPERASI",Kedai Runcit,Pahang,Jerantut
21018.0,NIK MART ENT.,"NO. 40, LORONG JED 1,,BANDAR TUN RAZAK JENGKA,",Pasar Mini,Pahang,Temerloh
21019.0,KEDAI LIAN HENG,"NO 5,JALAN BESAR,PADANG TENGKU",Kedai Runcit,Pahang,Lipis
21020.0,PASAR MINI RIA SDN,"NO 3,4,5,6,7,8,9,TAMAN K.S.M.,",Pasar Mini,Pahang,Lipis
21021.0,PASAR MINI NORSYAZLIN,"MR. 13, BATU 3, PAYA PULAI,,JALAN MARAN,",Pasar Mini,Pahang,Temerloh
21022.0,ZAIDA MINI MART,"390B,,KEDAI JLN MARAN BT 3,,",Pasar Mini,Pahang,Temerloh
21023.0,99 SPEEDMART SDN BHD (MENTAKAB),"NO. 3 (G),,JALAN HAJI KASSIM,,",Pasar Mini,Pahang,Temerloh
21024.0,KEDAI RUNCIT RAMA ROZIT ENT,"KEDDAI NO 15,TAMAN FERI INDAH,",Kedai Runcit,Pahang,Jerantut
21025.0,FT MINI MARKET,"NO 17 (BAWAH),BGN LKNP,JLN BESAR,BENTA",Pasar Mini,Pahang,Lipis
21026.0,TMG EXPRESS 3000 SDN BHD (CAW BENTONG DESA DAMAI),"LOT. 17-19,JALAN BENTONG-RAUB,MUKIM BENTONG",Pasar Raya / Supermarket,Pahang,Bentong
21027.0,99 SPEEDMART SDN BHD (MEDAN DESA PERTIWI),"NO. P6 & P7 (G),MEDAN DESA PERTIWI,JLN TRAS",Pasar Mini,Pahang,Bentong
21028.0,99 SPEEDMART SDN BHD (BENTONG PRIMA),"NO. P69 (G),JLN PRIMA 2,PUSAT KOMERSIAL BENTONG PRIMA",Pasar Mini,Pahang,Bentong
21029.0,BASNOR FRESH RAUB,"NO 28,TAMAN AMALINA LESTARI,",Pasar Mini,Pahang,Raub
21030.0,99 SPEEDMART SDN BHD (TAMAN AMALINA LESTARI),"NO 2 & 3(GROUND FLOOR),JALAN LESTARI 1,TAMAN AMALINA LESTARI",Pasar Mini,Pahang,Raub
21031.0,VISKA CASH & CARRY,"NO 12,21,PASAR BESAR RAUB,",Kedai Runcit,Pahang,Raub
21032.0,99 SPEEDMART SDN BHD (TAMAN GEMILANG),"NO. P14 A GF,TAMAN GEMILANG,",Pasar Mini,Pahang,Bentong
21033.0,99 SPEEDMART SDN BHD (MAJU INDAH),"GF NO 1 & 2,LORONG MAJU INDAH 1,",Pasar Mini,Pahang,Raub
21034.0,FAMILY GROCER,"NO 8 & 9,JALAN TOH SHAHBANDAR MUDA 5,",Pasar Raya / Supermarket,Perak,Hulu Perak
21035.0,TF VALUE MART (PONTIAN BRANCH),"NO 15-19, PUSAT PERNIAGAAN JUTA,,LORONG ABADI,,JALAN TEO KANG SUI",Pasar Raya / Supermarket,Johor,Pontian
21036.0,PASARAYA ANGKASA,"NO 246 JALAN KLUANG,,TAMAN BUKIT PASIR,",Pasar Raya / Supermarket,Johor,Batu Pahat
21037.0,PASARAYA DIAN PANG CASH & CARRY,"LOT 22040, JP 18,,JALAN PASAR,86400 PARIT RAJA, BATU PAHAT",Pasar Raya / Supermarket,Johor,Batu Pahat
21038.0,ARDA FRESH MART SDN BHD,"40 A, LORONG BERTAM INDAH12,,TAMAN BERTAM INDAH,",Pasar Mini,Pulau Pinang,Seberang Perai Utara
21039.0,DAILY WHOLESALE & RETAIL SDN BHD,"NO 1706-1707 JALAN PADANG BENGGALI,,TELOK AIR TAWAR,",Pasar Mini,Pulau Pinang,Seberang Perai Utara
21040.0,CHOP HUP LEE,"9,11 JALAN RUSA,TAMAN SELAMAT,",Pasar Mini,Pulau Pinang,Seberang Perai Tengah
21041.0,99 SPEED MART SDN BHD (KETAPANG PEKAN),"NO 6 & 7,LRG KETAPANG MUALIM 1,TAMAN KETAPANG MUALIM",Pasar Mini,Pahang,Pekan
21042.0,PASAR MINI MENGKASAR,"NO 250,KAMPUNG MNEGKASAR,",Pasar Mini,Pahang,Pekan
21043.0,ZIETAS FROZEN & MINI MARKET,"NO 1A,TINGKAT BAWAH GERAI MAJLIS DAERAH PEKAN,",Pasar Mini,Pahang,Pekan
21044.0,BNE WARISAN NIAGA,"NO-15817,LORONG 1,TAMAN MENTIGA JAYA,",Kedai Runcit,Pahang,Pekan
21045.0,KEDAI RUNCIT A RAFLEE,"NO 4,5,6,KEDAI PKNP,TAMAN PERAMU JAYA 3,TAMAN PERAMU JAYA",Kedai Runcit,Pahang,Pekan
21046.0,KEDAI RUNCIT SUZILA CHE ABDUL RAHMAN,"NO 6,GERAI PERAMU JAYA,",Kedai Runcit,Pahang,Kuantan
21047.0,YONG SHENG STORE,"NO 4,LORONG LENGKOK KANAN 2,TANAH PUTIH BARU,",Kedai Runcit,Pahang,Kuantan
21048.0,KEDAI RUNCIT SAIDI MUSTAFA,"NO 8,GERAI SAYUR-SAYURAN,PASAR PERAMU BARU",Kedai Runcit,Pahang,Kuantan
21049.0,HAWVA ENTERPRISE (PERMATANG BADAK),"K9 & K11,JALAN PERMATANG BADAK BARU 2,",Pasar Mini,Pahang,Kuantan
21050.0,AZYMART ENTERPRISE,"NO A-43,LORONG IM 15/19,BANDAR INDERA MAHKOTA",Pasar Mini,Pahang,Kuantan
21051.0,HAJI HERMAN MARKET SDN BHD (JALAN MAT KILAU),"NO A15 & A17,JALAN MAT KILAU 1,",Pasar Mini,Pahang,Kuantan
21052.0,TUNAS PUTERI MART (PJ EDARAN),"NO A15,LORONG IM 15/19,BANDAR INDERA MAHKOTA",Pasar Mini,Pahang,Kuantan
21053.0,SIDEK MINI MART,"NO A-11,LORONG IM 14/1,TAMAN MAHKOTA IDAMAN",Pasar Mini,Pahang,Kuantan
21054.0,PASAR MINI KOH YIN,"34,TANAH PUTIH BARU,BT 3,JALAN GAMBANG",Pasar Mini,Pahang,Kuantan
21055.0,99 SPEED MART SDN BHD (TAMAN SHAHZAN IM),"NO B20 & B 22(G),LRG SHAHZAN IM3,TMN SHAHZAN INDERA MAHKOTA",Pasar Mini,Pahang,Kuantan
21056.0,IKHWAN MART,"B600-602 GROUND FLOOR,,TAMAN BANDAR EMAS,JALAN BESERAH",Pasar Mini,Pahang,Kuantan
21057.0,HAJI HERMAN MARKE SDN BHD (CENDERAWASIH),"B-36,LORONG 9,PERKAMPUNGAN CENDERAWASIH",Pasar Mini,Pahang,Kuantan
21058.0,EVERBRIGHT STARS TRADING TAMAN TAS,"NO 24,JALAN TAS 3,TAMAN TAS",Pasar Mini,Pahang,Kuantan
21065.0,YAK GUAN SDN BHD,"PEKAN LUNDU,,94500 LUNDU, SARAWAK,",Pasar Mini,Sarawak,Lundu
21066.0,CHOP SIN SENG,"NO.18,SIMUNJAN,",Kedai Runcit,Sarawak,Simunjan
21067.0,CCK FRESHMART SIMUNJAN BRANCH,"LOT 8, SIMUNJAN BAZAAR,SIMUNJAN,",Kedai Runcit,Sarawak,Simunjan
21068.0,SIN KIAN SENG,"NO.10, PASAR BARU SIMUNJAN,SIMUNJAN,",Kedai Runcit,Sarawak,Simunjan
21070.0,GFRESH MART S/B,"LOT 921 BINATANG TOWN DISTRICT,LOT 274 BINATANG TOWN DISTRICT,",Pasar Raya / Supermarket,Sarawak,Meradong
21071.0,PASARAYA MEMI ZOO ZOO,"G-19 RESEDENSI MAJESTIC MAXIM,,45, JALAN 9, TAMAN LEN SENG,",Pasar Raya / Supermarket,W.P. Kuala Lumpur,Bandar Tun Razak
21072.0,AEON BIG (M) SDN BHD,"NO 2929,JALAN KELISA EMAS 1,",Hypermarket,Pulau Pinang,Seberang Perai Tengah
21073.0,PASARAYA ECONO,"NO 1365, 1365A & 1365B,MUKIM 20,KUBANG SEMANG",Pasar Raya / Supermarket,Pulau Pinang,Seberang Perai Tengah
21075.0,PASARAYA LU MIAO ENDAU SDN BHD (TGK 1),"SH21-27,TAMAN TANJUNG GEMOK 1,kampung tanjung gemok",Pasar Raya / Supermarket,Pahang,Rompin
21076.0,TF VALUE MART (GUA MUSANG) SDN. BHD,"PT 3737 JALAN CENGAL,BANDAR UTAMA,GUA MUSANG",Pasar Raya / Supermarket,Kelantan,Gua Musang
21077.0,BILLION SHOPPING CENTRE,"No 7009 jln telaga air,Seksyen 2 Butterworth,Pulau pinang",Pasar Raya / Supermarket,Pulau Pinang,Seberang Perai Utara
21078.0,HERO MARKET ( SUNGAI MAS PLAZA ),"GA 01, SUNGAI MAS PLAZA,,BATU 5, JALAN IPOH.,",Pasar Raya / Supermarket,W.P. Kuala Lumpur,Batu
21079.0,TF VALUE MART ( TAMAN CONNOUGHT ),"LOT 11811, JALAN CHERAS.,TAMAN CONNOUGHT,",Pasar Raya / Supermarket,W.P. Kuala Lumpur,Bandar Tun Razak
21080.0,VILLAGE GROCER ( EKO CHERAS ),"M-LG-41, EKO CHERAS MALL,,NO 693, BATU 5, JALAN CHERAS,,",Pasar Raya / Supermarket,W.P. Kuala Lumpur,Cheras
21081.0,VILLAGE GROCER ( SRI HARTAMAS ),"LOT G-26, GF HARTAMAS SHOPPING CENTRE,,NO 60, JALAN SRI HARTAMAS 1, SRI HARTAMAS,,",Pasar Raya / Supermarket,W.P. Kuala Lumpur,Segambut
21082.0,TMG MART ( SRI RAMPAI ),"NO 2, JALAN SRI RAMPAI 3,,SRI RAMPAI BUSINESS PARK,,",Pasar Raya / Supermarket,W.P. Kuala Lumpur,Setiawangsa
21083.0,SELECTIONS GROCERIES ( G- VILLAGE ),"NO.01.03 GROUND FLOOR, G VILLAGE,,NO. 35, JALAN DESA PANDAN, DESA PANDAN,,",Pasar Raya / Supermarket,W.P. Kuala Lumpur,Titiwangsa
21084.0,SEGI CASH & CARRY ( SETAPAK VILLAGE ),"NO 2079-E, F 7 G, SETAPAK VILLAGE,NO 1617, JALAN GENTING KELANG,,",Pasar Raya / Supermarket,W.P. Kuala Lumpur,Wangsa Maju
21085.0,TMG MART ( KEPONG PRIMA ),"NO 6, 8 & 10, GROUND, FIRST & SECOND FLOOR,JALAN PRIMA 11, KEPONG BARU,",Pasar Raya / Supermarket,W.P. Kuala Lumpur,Kepong
21086.0,BEN'S INDEPENDENT GROCER ( B.I.G ),"G-01, GROUND FLOOR, PEARL SHOPPING GALLERY,NO 2A, JALAN SEPADU, OFF JALAN KLANG LAMA,",Pasar Raya / Supermarket,W.P. Kuala Lumpur,Seputeh
21087.0,JAYA GROCER LALAPORT ( BBCC MALL ),"BBCM MALL, LG1- 15D, LG FLOOR,NO 2, JALAN HANG TUAH,",Pasar Raya / Supermarket,W.P. Kuala Lumpur,Bukit Bintang
21088.0,KEDAI RUNCIT A & Y,"NO. 2 JALAN TANJUNG,FELDA TENGGAROH 2,",Pasar Mini,Johor,Mersing
21089.0,KEDAI RUNCIT ABDUL AZIZ NITAR 2,"GERAI 4B JALAN GERAI,FELDA NITAR 2,",Pasar Mini,Johor,Mersing
21090.0,KEDAI RUNCIT CEEKEY,"NO. 1 JB23,,KEDAI RUNCIT JALAN BESAR,FELDA TENGGAROH 5",Kedai Runcit,Johor,Mersing
21091.0,KEDAI RUNCIT DELIMA MAJU,"6 & 8 JALAN KEMAJUAN,TAMAN DESA RAHMAT,JOHOR BAHRU",Kedai Runcit,Johor,Johor Bahru
21092.0,PASAR MINI M & N,"NO. 32-A, LOT 5022,JALAN KENANGAN,KAMPUNG MELAYU MAJIDI",Kedai Runcit,Johor,Johor Bahru
21093.0,LOTUS MUTIARA RINI,"NO 1 JALAN PERSIARAN JASA 1,TAMAN MUTIARA RINI,81300 SKUDAI",Hypermarket,Johor,Johor Bahru
21094.0,PERNIAGAAN SAUDARA JAYA ENTERPRISE,"NO 14 JALAN SUSUR LARKIN PERDANA 2,LARKIN PERDANA,JOHOR BAHRU",Kedai Runcit,Johor,Johor Bahru
21095.0,FARIDAH IDAMAN RESOURCES,"PT 5454, TINGKAT BAWAH BANGUNAN KOPKEJAT,KG KULIM GEMANG, TANAH MERAH,",Kedai Runcit,Kelantan,Jeli
21096.0,HAFFEZ AISHAH ENTERPRISE,"PT 227, JALAN JEDOK BATU 7,LEBUHRAYA TANAH MERAH-JELI, TANAH MERAH,",Kedai Runcit,Kelantan,Tanah Merah
21097.0,"SK FRESH SUPERMARKET (TANAH MERAH, PENDANG)","06700 PENDANG KEDAH,PENDANG,",Pasar Raya / Supermarket,Kedah,Pendang
21098.0,KULIM POINT,"JALAN BUKIT AWI,,TAMAN BUDIMAN,,KULIM KEDAH",Pasar Mini,Kedah,Kulim
21099.0,PERNIAGAAN BAN YOU SDN BHD,"493,494,495 JLN KOTA KENARI 3,,JLN KOTA KENARI 3, TAMAN KOTA KENARI,,KULIM",Pasar Mini,Kedah,Kulim
21100.0,SEGI FRESH SERDANG KEDAH,"NO. 10-G ,11-G & 12-G,,KOMPLEKS UMNO, SERDANG,,SERDANG, KEDAH",Pasar Mini,Kedah,Kulim
21101.0,TF VALUE-MART KULIM,"NO.342A, TINGKAT ATAS,,TAMAN SERAYA INDAH,,KULIM, KEDAH",Pasar Raya / Supermarket,Kedah,Kulim
21102.0,PASAR AWAM LEMBAH IMPIANA,"JALAN LEMBAH IMPIANA 1,,TAMAN LEMBAH IMPIANA,,KULIM. KEDAH",Pasar Basah,Kedah,Kulim
21103.0,FARIDABI NORTHERN STORES,"JALAN POLIMAS , TAMAN SISWA 8,,BANDAR DARULAMAN,,JITRA, KEDAH",Pasar Raya / Supermarket,Kedah,Kubang Pasu
21104.0,PASARAYA KAWAN KITA SDN. BHD.,"NO. 118-124, PERSIARAN KKCC 3,,KUALA KETIL COMMERCIAL CENTRE,KUALA KETIL, KEDAH.",Pasar Mini,Kedah,Baling
21105.0,SK FRESH SUPERMARKET (SIK) SDN. BHD.,"LOT PT 9334, PT 9336, PT 9338-PT 9340, PT 9657, PT 3712,,PEKAN SIK, BANDAR SIK,SIK, KEDAH.",Pasar Mini,Kedah,Sik
21106.0,SAFINAH MAJU ENTERPRISE,"NO. 433,,JALAN TUNKU IBRAHIM,SIK, KEDAH.",Pasar Mini,Kedah,Sik
21107.0,ECONO JAYA SIK,"NO. 1,2,3 TINGKAT BAWAH,,JALAN BUNGA RAYA KOMPLEKS PERNIAGAAN BUNGA RAYA,SIK, KEDAH.",Pasar Mini,Kedah,Sik
21108.0,TF VALUE – MART SUNGAI LALANG,"NO 49, JALAN DATARAN SETIA 3,,DATARAN SETIA SUNGAI LALANG,BEDONG KEDAH DARUL AMAN",Pasar Raya / Supermarket,Kedah,Kuala Muda
21109.0,PASARAYA BILLION SHOPING CENTRE (SUNGAI PETANI),"3RD FLOOR, KOMPLEKS CAYMAN 2,,A3-1/46,2, PEKAN BARU, JALAN MAWAR,,SUNGAI PETANI. KEDAH",Pasar Raya / Supermarket,Kedah,Kuala Muda
21110.0,BAN ENG HUAT,"312-B,SIMPANG PASIR JENIANG,GURUN KEDAH DARUL AMAN",Pasar Mini,Kedah,Kuala Muda
21111.0,PERNIAGAAN PAK TORI SDN. BHD,"NO 10 & 11, PERSIARAN MAHSURI,,TAMAN MAHSURI, SUNGAI LIMAU DALAM,,YAN, KEDAH",Pasar Mini,Kedah,Yan
21112.0,MCM UTARA TRADING,"NO 97A, JALAN ALOR STAR,,PEKAN GUAR,,GUAR CHEMPEDAK, KEDAH DARUL AMAN",Pasar Mini,Kedah,Yan
21113.0,99 SPEEDMART TAMAN SRI PANTAI,"NO 3 & 4 GROUND FLOOR,JALAN TAMAN SRI PANTAI,",Pasar Mini,Johor,Mersing
21114.0,TMG MART ENDAU,"NO 1-4 GROUND FLOOR,JALAN MUTIARA 5,TAMAN MUTIARA",Pasar Raya / Supermarket,Johor,Mersing
21115.0,99 SPEEDMART TAMAN HAJI ARIFFIN,"NO 158 & 159 GROUND FLOOR,JALAN PERSIARAN HAJI ARIFFIN 3,TAMAN HAJI ARIFFIN",Pasar Mini,Johor,Mersing
21116.0,"BEN'S INDEPENDENT GROCER ( B.I.G ), THE LINC","LINC, 1-9, PUSAT MEMBELI BELAH,,NO 360, JALAN TUN RAZAK,KUALA LUMPUR",Pasar Raya / Supermarket,W.P. Kuala Lumpur,Titiwangsa
21117.0,MEMI ZOOO ZOOO ( KLTS ),"NO.27-G, PLAZA KLTS, BLOK B,NO 99, JALAN GOMBAJ SETAPAK,,KUALA LUMPUR",Pasar Mini,W.P. Kuala Lumpur,Wangsa Maju
21118.0,KEDAI RUNCIT BERKAT KASIH,"LOT 200, KG GAUNG,PANGKAL MELERET,",Kedai Runcit,Kelantan,Machang
21119.0,KEDAI RUNCIT KITO,"LOT 178 & 179 JALAN TEMANGAN KG PANGKAL CHUIT,MACHANG,",Pasar Mini,Kelantan,Machang
21120.0,SEGI FRESH GERIK,"SEGI CASH & CARRY SDN BHD,NO 35G, 36G, 37G, 38G, JALAN RAFLESIA 1,TAMAN REFLESIA",Pasar Raya / Supermarket,Perak,Hulu Perak
21121.0,SERVAY HYPERMARKET (SABAH) SDN BHD,"LOT 85-94, BLOK L, BEAUFORT JAYA PHASE 2,,COMMERCIAL DEVELOPMENT,,BEAUFORT, SABAH",Hypermarket,Sabah,Beaufort
21122.0,V SEGAR MART,"V SEGAR MART (BATU GAJAH) SDN BHD,LOT 70009, TAMAN YUK KWAN,JALAN GOPENG",Pasar Mini,Perak,Kinta
21124.0,MYDIN SENAWANG HYPERMARKET,"NO 110, JALAN BPS 7,BANDAR PRIMA SENAWANG,SEREMBAN",Hypermarket,Negeri Sembilan,Seremban
21167.0,ROSWEL MART,"25G & 26G, LINGKARAN CYBER POINT BARAT, NEO CYBER,CYBERJAYA,SELANGOR",Pasar Mini,W.P. Putrajaya,Cyberjaya
21168.0,AKHDAR MINI MART,"NO 18,TINGKAT BAWAH BLOK B,BANGUNAN LKNP TANAH PUTIH,25150 KUANTAN,PAHANG",Pasar Mini,Pahang,Kuantan
21169.0,KOMPLEKS PASAR DESA MAYANG,"TAMAN GEDUNG HEIGHT,BAYAN LEPAS,",Pasar Basah,Pulau Pinang,Barat Daya
21170.0,JAYAMAS SUPERSTORE SDN. BHD.,"80D,JALAN PERAK,",Kedai Runcit,Pulau Pinang,Timur Laut
21171.0,PASARAYA FISH MART FARLIM,"29 MEDAN ANGSANA 4,BANDAR BARU AYER ITAM,",Pasar Raya / Supermarket,Pulau Pinang,Timur Laut
21172.0,BJ MART (WAF GEMILANG ENTERPRISE),"7150 KAMPUNG BELUKAR JAMBU,KUALA TERENGGANU,",Kedai Runcit,Terengganu,Kuala Terengganu
21173.0,MAMA MIRAH RESOURCES,"LOT 80548 KAMPUNG SAUJANA,PERMAISURI,",Kedai Runcit,Terengganu,Setiu
21174.0,NSK GROCER AMCORP MALL,"LG-22, LOWER GROUND FLOOR, AMCORP MALL,,NO 18, PERSIARAN BARAT, 46050 PETALING JAYA,",Pasar Raya / Supermarket,Selangor,Petaling Jaya
21175.0,PASARAYA MUSLIMAH 2,"KAMPUNG TOK RANDOK,AJIL,",Kedai Runcit,Terengganu,Hulu Terengganu
21176.0,MEGAMART SEGAMAT (CAWANGAN IOI),"NO 16-20 JALAN PUTRA 1/5,BANDAR IOI,",Pasar Raya / Supermarket,Johor,Segamat
21177.0,AKMA CARLY ENTERPRISE,"NO 30,JALAN TAS 4,TAMAN TAS",Kedai Runcit,Pahang,Kuantan
21178.0,SHAMAILA ENTERPRISE,"NO B 16 BWH,PANDAN PERDANA 1/2,TAMAN NUSANTARA",Kedai Runcit,Pahang,Kuantan
21179.0,99 SPEEDMART SEMANTAN TEMERLOH,"NO 16 & 18,JLN SUDIRMAN 4,BDR SRI SEMANTAN",Pasar Mini,Pahang,Temerloh
21180.0,MP MINIMART (BANDAR LAMA),"NO 31,JALAN BESAR,",Kedai Runcit,Pahang,Jerantut
21181.0,ECO FRESH COLD STORAGE SDN BHD,"MDLD 8995-8999, LOT 4-8,,I-PEAK BUSINESS CENTRE,LAHAD DATU",Pasar Raya / Supermarket,Sabah,Lahad Datu
21182.0,KEDAI RUNCIT AL FALAH,"NO 39 JALAN SIERRA PERDANA 2/1,TAMAN SIERRA PERDANA,81750 MASAI",Kedai Runcit,Johor,Johor Bahru
21183.0,H&L XTRA (KOTA PADAWAN MALL),"LOT 1731 BLOCK 71 KCLD 10 MILE KUCHING - SERIAN ROAD,KOTA PADAWAN,",Pasar Raya / Supermarket,Sarawak,Kota Padawan
21184.0,LEPAPA MARKET JAMBUSAN,"JALAN JAMBUSAN, BLOK 12,,SENGGI ROAD,",Pasar Raya / Supermarket,Sarawak,Bau
21186.0,LAMIR JAYA TRADING,"B40,PUSAT KOMERSIAL,JALAN SEMAMBU",Kedai Runcit,Pahang,Kuantan
21187.0,KEDAI SERBANEKA AZIANA ALIAS,"NO 10-CG,LORONG BANDAR PUTRA 7/1,PASDEC BUSINESS CENTRE",Kedai Runcit,Pahang,Kuantan
21188.0,SRIKOTA MINI MARKET,"TAMAN SRI MAHKOTA JAYA,BATU 11,JLN GAMBANG,,",Pasar Mini,Pahang,Kuantan
21189.0,ALIEF MAJU ENT (M) SDN BHD (KUALA BETIS),"RPS KUALA BETIS, 18300 GUA MUSANG, KELANTAN,RPS KUALA BETIS, 18300 GUA MUSANG, KELANTAN,",Kedai Runcit,Kelantan,Gua Musang
21190.0,JUMBO GROCER MATANG,"SUBLOT NOS, 35-40 MATANG PARADE, JALAN MATANG,SECTION 65, KTLD, KUCHING,",Pasar Raya / Supermarket,Sarawak,Kuching
21191.0,DOREMART KOTA SENTOSA,"13, LORONG LIU SHAN BANG,KOTA SENTOSA, KUCHING,",Pasar Mini,Sarawak,Kuching
21192.0,JAYCO GROCER MATANG,"7321, LORONG KOMERSIAL SWAN 1A,PETRA JAYA, KUCHING,",Pasar Mini,Sarawak,Kuching
21193.0,TOPMART SUPERSTORE SDN BHD,"LOT 6883-6889, SUBLOTS 31-37BLOCK 25 & 26,,MUARA TUANG LAND DISTRICT, PHASE 5, TAMAN UNICENTRAL,,JALAN KUCHING-KOTA SAMARAHAN EXPRESSWAY",Pasar Mini,Sarawak,Kota Samarahan
21194.0,BS SUPERMART SDN BHD (BS DEPO),"KAMPUNG SEMERAH PADI,KUCHING,",Pasar Mini,Sarawak,Kuching
21195.0,LEPAPA HYPERMARKET KOTA SAMARAHAN,"KAMPUNG MELABAN,KOTA SAMARAHAN,",Pasar Raya / Supermarket,Sarawak,Kota Samarahan
21196.0,CHOICE ASTANA,"LOT 2145, SUBLOT 8 & 9, SECTION 64,JALAN ASTANA KTLD,",Pasar Raya / Supermarket,Sarawak,Kuching
21197.0,DOREMART PINES SQUARE (BATU KAWA),"PINES SQUARE, JALAN BATU KAWA,KUCHING,",Pasar Raya / Supermarket,Sarawak,Kuching
21198.0,JUMBO GROCER BATU KAWA,"LOT 6388-6391 BLK 225 KUCHING NORTH LD (S/L 16-19),,21-24 PUSAT KOMERSIAL EMART BATU KAWA, JALAN BATU KAWA,,",Pasar Mini,Sarawak,Kuching
21199.0,EVERWIN SUPERMARKET DESA WIRA,"TAMAN DESA WIRA,KUCHING,",Pasar Raya / Supermarket,Sarawak,Kuching
21200.0,EVERRISE STUTONG INDAH,"LORONG SETIA RAJA 12, TAMAN STUTONG INDAH,KUCHING,",Pasar Raya / Supermarket,Sarawak,Kuching
21201.0,CCK FRESH MART (STUTONG BRANCH),"BLOCK K, STUTONG PARADE, 5/2 88-C, JALAN SETIA RAJA,,TABUAN JAYA,",Pasar Mini,Sarawak,Kuching
21202.0,SEN SEN DEPARTMENTAL STORE KOTA PADAWAN,"BATU 10,KOTA PADAWAN,",Pasar Mini,Sarawak,Kota Padawan
21203.0,JUMBO GROCER 9TH MILE,"SUBLOT NO. 56-61, LOT 271, 9TH MILE, RH PARK PH2,,JALAN PENRISSEN KUCHING,",Pasar Raya / Supermarket,Sarawak,Kota Padawan
21204.0,SYAFINIE MART SDN. BHD,"S58/1477-A,JALAN DATO' LUNDANG,",Pasar Mini,Kelantan,Kota Bharu
21205.0,WLS ENTERPRISE SDN. BHD (MELOR),"LOT 1771-1773, MELOR,PEKAN MELOR,",Pasar Mini,Kelantan,Kota Bharu
21206.0,ECONSAVE CASH & CARRY (GM) SDN. BHD,"LOT 6849, MUKIM BANDAR BARU GUA MUSANG,DAERAH GALAS,",Hypermarket,Kelantan,Gua Musang
21207.0,Premis Test,"Putrajaya,Putrajaya,",Hypermarket,W.P. Putrajaya,Wp Putrajaya
21208.0,KEDAI RUNCIT DELIMA MAJU (KULAI),"NO 562 & 563 JALAN SERUNAI 10,TAMAN SALENG,81400 SENAI",Kedai Runcit,Johor,Johor Bahru
21209.0,USZIE JAYA TRADING,"PT 3876, KG GUNUNG RENG,,BATU MELINTANG, JELI,",Kedai Runcit,Kelantan,Jeli
21210.0,TMG MART (SRI GOMBAK) SDN BHD,"LOT 1385, JALAN INDUSTRI BOLTON,,68100 BATU CAVES,",Pasar Raya / Supermarket,Selangor,Gombak
21211.0,KEDAI RUNCIT CHU KHEANG,"NO G 14,,ATAS PASAR BESAR,",Kedai Runcit,Pahang,Raub
21212.0,SK FRESH SUPERMARKET (TASEK GELUGOR) SDN BHD,"NO 1, 3, 5, 8, 11 & 13, JALAN HARMONI,VILLA HARMONI,",Pasar Mini,Pulau Pinang,Seberang Perai Utara
21213.0,CCK FRESH MART (KUBAH RIA),"SUBLOT NO.11 & 12, MATANG RIVERPOINT SHOPPING,,JALAN MATANG, PETRA JAYA,",Pasar Mini,Sarawak,Kuching
21214.0,EMART (BINTULU) SDN BHD,"SURVEY LOT 8583-8535 OF LOT 8534, BLOCK 31 KEMENA LAND DISTRICT,,JALAN RAKAWI YUSOF, 97000 BINTULU SARAWAK.,",Pasar Raya / Supermarket,Sarawak,Bintulu
21215.0,GENTINGMAS MALL SDN BHD,"LOT 1 & 2 MDLD 2933 & MDLD 2934,DAM INDUSTRIAL CENTRE MILE 1.5,DAM ROAD LAHAD DATU",Kedai Runcit,Sabah,Lahad Datu
21216.0,22 MART SDN BHD,"NO10A & 11A, TAMAN DATO' UNDANG ABDULLAH,,KUALA KLAWANG,",Pasar Mini,Negeri Sembilan,Jelebu
21217.0,SARVANA TRADING,"110, TAMAN DESA MELANG PHASE 2, JALAN MELANG,KUALA PILAH,",Kedai Runcit,Negeri Sembilan,Kuala Pilah
21218.0,MYDIN KULIM HYPERMARKET,"KEDA MALL KULIM PT 4957,,JALAN CENDANA, TAMAN CENDANA,,KULIM",Hypermarket,Kedah,Kulim
21219.0,SAFINI MART,"LOT 14390, 14931, 14392, 14933,14934,,BATU MENGKEBANG, KUALA KRAI, KELANTAN,",Pasar Mini,Kelantan,Kuala Krai
21220.0,PASARAYA KOZA,"NO. 62, JALAN KWENG HITAM,MACHANG,",Pasar Mini,Kelantan,Machang
21221.0,PKT MINI MART,"LOT 3377 (BAWAH) TAMAN LABOK JAYA,,KG BATU 23 LABOK, MACHANG, KELANTAN,",Pasar Mini,Kelantan,Machang
21222.0,AMHO MART,"PT 685, 686, 687 J,ALAN PADANG, 18500 MACHANG, KELANTAN,",Pasar Mini,Kelantan,Machang
21223.0,HASNAH BINTI YUSOFF,"KG STONG,,KEMUBU, 18000 KUALA KRAI, KELANTAN.,",Kedai Runcit,Kelantan,Dabong
21224.0,SITI SHER TRADING,"KG SUNGAI BATU, J,ELAWANG, 18200 DABONG, KELANTAN.,",Kedai Runcit,Kelantan,Dabong
21225.0,PASAR AM KOTA MARUDU,"Kota,Marudu,",Pasar Basah,Sabah,Kota Marudu
21226.0,BATARAS SUPERSTORE,"LOT 1-6, JALAN LINTAS,,PO BOX 77,",Pasar Raya / Supermarket,Sabah,Kudat
21227.0,SERVAY JAYA SEMPORNA,"BUBUL NEW TOWNSHIP,JALAN BUBUL,",Pasar Raya / Supermarket,Sabah,Semporna
21228.0,BATARAS HYPERMARKET JALAN APAS,"CL105341624, TB758,MILE 3.5, JALAN APAS,",Hypermarket,Sabah,Tawau
21229.0,G'MART BORNEO RETAIL SDN BHD BALUNG,"TB13, LOT 31-36,BLK 5, TAMAN SAWIT SG BALUNG,",Pasar Raya / Supermarket,Sabah,Tawau
21230.0,STHAMIN SUPERMARKET,"NO.11496, OFF CL105524365, TAMAN HILLTOP,LORONG HILLTOP 3, KM9 OFF JALAN TANJUNG BATU TENGAH,",Pasar Raya / Supermarket,Sabah,Kalabakan
21231.0,JAYA SUPERSTORE TUARAN,"LOT 4-9,,JALAN HONE,",Pasar Raya / Supermarket,Sabah,Tuaran
21232.0,GMART KOTA BELUD,"BLOK C, LOT 21-25,,KOTA BELUD COMMERCIAL CENTER,,KOTA BELUD",Pasar Raya / Supermarket,Sabah,Kota Belud
21233.0,88 FRESHMART TAMPARULI,"PEKAN TAMPARULI,TAMPARULI,",Pasar Mini,Sabah,Tamparuli
21234.0,FRIENDLY BEST MART (TEMENGGONG) SDN BHD,"NO. 9 TINGKAT BAWAH,JALAN SERI TEMENGGONG 26/1,TAMAN SERI TEMENGGONG",Pasar Mini,Johor,Muar
21235.0,AK MAJU MINI MART,"NO 37, TINGKAT BAWAH JAKLAN 3/62B,,BANDAR MANJALARA KEPONG,,",Pasar Mini,W.P. Kuala Lumpur,Segambut
21236.0,G-MART SG SDN BHD,"LA. 84150059,NABAWAN SKIM (JALAN NABAWAN-TAWAU),",Pasar Raya / Supermarket,Sabah,Nabawan
21237.0,PASARAYA HAMMAD,"NO.5, JALAN P9E/1,,PRESINT 9,,PUTRAJAYA",Kedai Runcit,W.P. Putrajaya,Wp Putrajaya
21238.0,99 SPEED MART,"NO 32 & 33A (G) FABER PLAZA,JLN DESA BAKTI, TAMAN DESA,",Pasar Mini,W.P. Kuala Lumpur,Seputeh
21239.0,VILLAGE GROCER ( LEISURE MALL ),"LG 01, TKT BAWAH CHERAS LEISURE  MALL,JLN MANIS 6 TAMAN SEGAR,",Pasar Raya / Supermarket,W.P. Kuala Lumpur,Cheras
21240.0,Kukup Guan Seng Sdn. Bhd. (Pt Mesjid),"102 Jalan Parit Mesjid Kanan,Pontian,",Pasar Raya / Supermarket,Johor,Pontian
21241.0,ECONSAVE CASH & CARRY (EM) SDN. BHD.,"TL. 077549887 TINGKAT BAWAH &1 BANDAR LETAT JAYA,,BATU 4, JALAN LINTAS UTARA SANDAKAN,",Pasar Raya / Supermarket,Sabah,Sandakan
21242.0,PASARAYA STAR GROCER CYBERSQUARE,"Star Grocer Cybersquare - Cyberjaya,,Jalan Teknokrat 6,Cyber 5,",Pasar Raya / Supermarket,W.P. Putrajaya,Cyberjaya
21243.0,CKS RETAIL SDN BHD,"LOT 1-9, 16-23, GROUND FLOOR, THE PAMPANG COVE,,KG LIMBAWAN, JALAN KENINGAU-TENOM HIGHWAY,,",Pasar Raya / Supermarket,Sabah,Keningau
21244.0,SABINDO S-MART SUPERMARKET,"GROUND FLOOR LOT A5, A6, A7, A8 & A9 PLAZA,,KENINGAU,",Pasar Raya / Supermarket,Sabah,Keningau
21245.0,MYDIN MART SEKSYEN 18,"4-16 JALAN PINANG G, 18/G SEKSYEN 18,40200 SHAH ALAM,",Pasar Raya / Supermarket,Selangor,Petaling
21246.0,G-MART BORNEO RETAIL SDN BHD,"TINGKAT 1-2, LOT 72,,THE PALM SQUARE COMMERCIAL CENTRE KINARUT,PAPAR",Pasar Raya / Supermarket,Sabah,Papar
21247.0,SERVAY HYPERMARKET (SABAH) SDN BHD BENONI,"GROUND FIRST SECOND FLOOR OF SHOPLOT NO.178,3 STOREY HYPERMARKET BENONI COMMERCIAL CENTRE PH 3/4,PAPAR",Hypermarket,Sabah,Papar
21248.0,CCKLocal KUCHING,"SL 19, LOT 6654-6663,,BLK 225, KNLD,,28, JALAN KUCHING CITY MALL, KUCHING,",Pasar Mini,Sarawak,Kuching
21249.0,EVERWIN MATANG RIA,"EVERWIN CENTRE SDN BHD. COMPANY NO. 797142-H (200701039112) MATANG RIA,14 GF, 14 1F & 14 2F,,LOT 10892,SECTION 65, KTLD MATANG RIA, SHOPPING CENTRE,JALAN MATANG,,",Pasar Raya / Supermarket,Sarawak,Kuching
21250.0,PASARAYA TT MAJU,"417-B KEDAI KAMPUNG BERANGAN,TUMPAT,",Pasar Mini,Kelantan,Tumpat
21251.0,PANTAI TIMOR MART BEREK 12,"MINI MART JALAN ABDUL KADIR ADABI,PT 2294, TINGKAT BAWAH, JALAN ABDUL KADIR ADABI,KOTA BHARU",Pasar Mini,Kelantan,Kota Bharu
21252.0,BILLION MART TANJONG CHAT,"LOT 1537-1544, WISMA YUSMAN, TAMAN SRI TANJUNG,JALAN LONG YUNUS, KOTA BHARU,",Pasar Raya / Supermarket,Kelantan,Kota Bharu
21253.0,PKT KOK LANAS,"PT 5791, JALAN PANGKAL KALONG,KOK LANAS, KETEREH,",Pasar Raya / Supermarket,Kelantan,Kota Bharu
21254.0,PPP NDN IKHLAS ALJAWI PLT,"MT 2904&MT2095 ,JALAN TBBMT UTAMA,TAMAN BANDAR BARU,TAMAN BANDAR BARU,",Pasar Mini,Melaka,Alor Gajah
21255.0,CHOONG HOE MINI MARKET,"NO 1,1A,JALAN PK 8G,KAWASAN PERINDUSTRIAN KRUBONG,KAWASAN PERINDUSTRIAN KRUBONG MELAKA,",Pasar Mini,Melaka,Melaka Tengah
21256.0,CH PENGKALAN SDN BHD,"MP 47,48,49,50,51,52 JALAN LESUNG BATU JAYA 1,TAMAN LESUNG BATU JAYA,ALOR GAJAH MELAKA,",Pasar Mini,Melaka,Alor Gajah
21257.0,HANTAI TRADING,"JC 2384 & JC 2385 TAMAN PERNIAGAAN JASIN,JASIN MELAKA,",Pasar Mini,Melaka,Jasin
21258.0,LEPAPA HYPERMARKET,"LOT  532(PLOT 60) BLOCK 3 SIMANGGANGG TOWN DISTRICT AT JALAN AKSES SRI AMAN,LOT  532(PLOT 60) BLOCK 3 SIMANGGANGG TOWN DISTRICT AT JALAN AKSES SRI AMAN,",Hypermarket,Sarawak,Sri Aman
21259.0,EVERWIN CENTRE SDN BHD,"NO.123 (LOT 1802)JALAN SABU,9500 SRI AMAN,NO.123 (LOT 1802)JALAN SABU,9500 SRI AMAN,",Pasar Raya / Supermarket,Sarawak,Sri Aman
21260.0,HOW TRADING,"NO 14,PASAR ENGKILILI,NO 14,PASAR ENGKILILI,",Kedai Runcit,Sarawak,Engkelili
21261.0,FATIMAH STAR ENTERPRISE,"NO.5, JALAN HELANG,DESA PERMAI INDAH,SUNGAI DUA, GELUGOR",Kedai Runcit,Pulau Pinang,Barat Daya
21262.0,NOOR JAHAN MINI MARKET,"595 A, JALAN JELUTONG,GEORGETOWN,",Pasar Mini,Pulau Pinang,Timur Laut
21263.0,HUI HUANG SUPERMARKET,"Lot 2625 - 2629, Ground Floor,,Jalan Gaya,",Pasar Raya / Supermarket,Sarawak,Lawas
21264.0,TF VALUE-MART BATU CAVES,"10243, JALAN BATU CAVES,,TAMAN SAMUDRA, 68100, BATU CAVES, SELANGOR,",Hypermarket,Selangor,Gombak
21265.0,HIKMAH MINI MARKET,"LOT NO 331, MDLD 7234,SRI PERDANA,",Pasar Mini,Sabah,Lahad Datu
21266.0,AEON IOI PUTRAJAYA STORE,"AEON IOI PUTRAJAYA STORE,Lot 2AT-1&2,,IOI City Mall Lebuh IRC, IOI Resort City",Hypermarket,W.P. Putrajaya,Wp Putrajaya
21267.0,VILLAGE GROCER (TAMARIND SQUARE) CYBERJAYA,"VILLAGE GROCER @ TAMARIND SQUARE,03-01 & 03-01A, Tamarind Square,Persiaran Multimedia, Cyber 10",Pasar Raya / Supermarket,W.P. Putrajaya,Cyberjaya
21269.0,EZ FRESH MART,"YYT Global Sdn Bhd,GF-07, Menara Paragon,Persiaran Bestari, Cyber 11",Kedai Runcit,W.P. Putrajaya,Cyberjaya
21270.0,PASARAYA HAQI JAYA,"HAQI JAYA ENTERPRISE,No. 9, Tingkat 1, Pasar Awam Presint 8,Jalan P8, Presint 8",Kedai Runcit,W.P. Putrajaya,Wp Putrajaya
21271.0,PASAR RAYA TAFAZ MAJU CYBERJAYA,"GD DOT COM ENTERPRISE,No. GF-05, Menara Paragon,Persiaran Bestari, Cyber 11",Kedai Runcit,W.P. Putrajaya,Cyberjaya
21275.0,SUNDRY MART,"SUNDRY MART SDN BHD,,SP01-SP04, GANGGARAK PERMAI,,JALAN POHON BATU,",Pasar Raya / Supermarket,W.P. Labuan,W.P Labuan
21276.0,SYARIKAT SRI ALAM SEK 6 SHAH ALAM,"SSA NISA ENTERPRISE, NO 5, JALAN MURAI 6/1F,SEKSYEN 6,",Pasar Mini,Selangor,Petaling
21277.0,ST ROSYAM MART (SHAH ALAM),"LOT NO 1, JALAN TEMGKU AMPUAN ZABEDAH G9/G,SEKSYEN 9, 40100 SHAH ALAM,",Hypermarket,Selangor,Petaling
21278.0,BIG BAZAAR SEK 7 SHAH ALAM,"BIG BAZAAR WHOLESALE AND RETAIL, 21, JALAN KRISTAL L7/L,SEKSYEN 7, 40000 SHAH ALAM,",Pasar Mini,Selangor,Petaling
21279.0,PASAR MINI ASIQ SEK 9 SHAH ALAM,"NO 16G, JALAN TENGKU AMPUAN ZABEDAH G9/9,SEKSYEN 9,40100 SHAH ALAM,",Pasar Mini,Selangor,Petaling
21280.0,PASAR AYAM DATO,"NO 1, JALAN PJS 2D/17,,TAMAN MEDAN, 46000 PETALING JAYA,",Pasar Mini,Selangor,Petaling Jaya
21281.0,WHOLE FOODS EXPRESS SDN BHD,"NO 357A & 357B, GROUND FLOOR,,JALAN 5/57, 46000 PETALING JAYA,",Pasar Mini,Selangor,Petaling Jaya
21282.0,GIANT MINI KOTA DAMANSARA,"NO 1 JALAN CECAWI 6/19A,,SEKSYEN 6 KOTA DAMANSARA, 47810 PETALING JAYA,",Pasar Mini,Selangor,Petaling Jaya
21283.0,CB WHOLESALE MART,"NO 57 & 58, JALAN PJS 3/2, TAMAN MEDAN INDUSTRI 7 1/2 MILES OFF JALAN KLANG LAMA,,46000 PETALING JAYA,",Pasar Mini,Selangor,Petaling Jaya
21284.0,SEGI FRESH ARA DAMANSARA,"J-G-06, J-G-07, J-G-08, BLOK J, NO 2 JALAN PJU 1A/41B,,PUSAT DAGANGAN NZX, ARA DAMANSARA, 47310 PETALING JAYA,",Pasar Raya / Supermarket,Selangor,Petaling Jaya
21285.0,PASAR PELADANG KUALA KUBU BHARU,"JALAN DATO MUDA JAAFAR,44000 KUALA KUBU BHARU,",Pasar Basah,Selangor,Hulu Selangor
21286.0,AL BAIK SPEEDMART,"Hutan Kampung,,Jalan Langgar, Kedah,",Pasar Mini,Kedah,Kota Setar
21287.0,PASARAYA BORONG DIN (MERGONG),"01-207, Persiaran Bandar Baru Mergong,,Taman Bandar Baru,,Alor Setar, Kedah.",Pasar Raya / Supermarket,Kedah,Kota Setar
21288.0,"C-Mart, Ampang Business Centre, Alor Setar","Jalan Ampang Jajar,,Taman Bahagia, 05050 Alor Setar, Kedah.,Alor Setar, Kedah.",Pasar Raya / Supermarket,Kedah,Kota Setar
21289.0,PASARAYA PAK TORI,"131, Jalan Puyu 13,,Taman Sri Puyu,,Alor Setar, Kedah",Pasar Mini,Kedah,Kota Setar
21290.0,PASARAYA BANG CHIK MAJU,"Lrg Peremba 1,,Taman Anggerik,,Alor Setar, Kedah",Kedai Runcit,Kedah,Kota Setar
21291.0,"PASARAYA ECONO TANAH MERAH, PENDANG","Plot 9-12 (Ground Floor), Tanah Merah Commercial Centre,,Jalan Bandar Baru  6 Pendang,,Tanah Merah,  Pendang, Kedah",Pasar Raya / Supermarket,Kedah,Pendang
21292.0,Pasaraya FOC Sdn Bhd,"No.14 B Kompleks Perniagaan Pelangi,,Lorong Peremba 1,,Alor Setar, Kedah.",Pasar Raya / Supermarket,Kedah,Kota Setar
21293.0,SK FRESH SUPERMARKET (POKOK SENA),"Simpang 4 KFC,,Jalan Kedondong,,Pokok Sena, Kedah",Pasar Raya / Supermarket,Kedah,Pokok Sena
21294.0,99 SPEEDMART KOMPLEKS PERNIAGAAN PELANGI,"No: 19 & 20 (Ground Floor Susuran Peremba 2,,Jalan Kuala Kedah,  Alor Setar, Kedah,",Pasar Mini,Kedah,Kota Setar
21295.0,101 SUPERMAN SPEEDMART SDN BHD,"NO.13, 14, 15, 16 & 17, BLOCK 68, MUKAH LAND DISTRICT,BOULEVARD SETIA RAJA, MUKAH,",Pasar Raya / Supermarket,Sarawak,Mukah
21296.0,SINYIN GROCER,"LOT 949-953, BLOCK 68, MUKAH LAND DISTRICT,MUKAH,",Pasar Raya / Supermarket,Sarawak,Mukah
21297.0,NEW WORLD EXPRESS,"NO.1 JALAN HAJI MOHAMAD PAUZI,MUKAH,",Pasar Mini,Sarawak,Mukah
21298.0,CHAI GUAN MARKETPLACE SDN BHD,"JALAN ORANG KAYA SETIA RAJA,BANDAR BARU MUKAH,",Kedai Runcit,Sarawak,Mukah
21299.0,AL ASYI SEK 7 SHAH ALAM,"AL ASYI ENTERPRISE, VG-46 BLOCK N JALAN PLUMBUM,,V7/V PUSAT KOMERSIAL SEKSYEN 7,",Pasar Mini,Selangor,Petaling
21300.0,NOVI FROZEN FOODS SEK 7 SHAH ALAM,"H-YG4 JALAN PLUMBUM Y7/Y,,PUSAT KOMERSIAL SEKSYEN 7, 40000 SHAH ALAM,",Pasar Mini,Selangor,Petaling
21301.0,SEGI PUCHONG,"NO 33,35,37,39 & 41, JALAN DENAI UTAMA,,TAMAN DENAI PUCHONG, 47100 PUCHONG,",Pasar Raya / Supermarket,Selangor,Petaling
21302.0,KAWANKU SUPERMART SEK 17 SHAH ALAM,"NO 7, JALAN MALUNG 17/19,,SEKSYEN 17, 40200 SHAH ALAM,",Pasar Mini,Selangor,Petaling
21303.0,SEGI KEM RIMBA,"EHSAN SEGI SDN BHD, NO 45, JALAN LENGKUAS B 16/B,,RIMBA JAYA, 41300 SHAH ALAM,",Pasar Raya / Supermarket,Selangor,Petaling
21304.0,AMANSAF SEK 24 SHAH ALAM,"NO 14, JALAN TIMUN 24/E,,SEKSYEN 24, 40300 SHAH ALAM,",Pasar Mini,Selangor,Petaling
21305.0,KEDAI KAREEM SEK 24 SHAH ALAM,"MY AL MADEENA SENTERPRISE, NO2, JALAN PETOLA 24/8,SEKSYEN 24, 40300 SHAH ALAM,",Pasar Mini,Selangor,Petaling
21306.0,99 SPEEDMART SEK 7 SHAH ALAM,"NO QG 43 & QG 45 (G), JLN PLUMBUM U7/U,,SEKSYEN 7, 40000 SHAH ALAM,",Pasar Mini,Selangor,Petaling
21307.0,99 SPEEDMART SEK 16 SHAH ALAM,"NO 13 & 15 (G), JLN CETAK 16/3,,SEKSYEN 16, 40200 SHAH ALAM,",Pasar Mini,Selangor,Petaling
21308.0,99 SPEEDMART SEK 2 SHAH ALAM,"NO 13 & 15, TINGKAT BAWAH JALAN BUNGA MELOR 2/18,,SEKSYEN 2, 40000 SHAH ALAM,",Pasar Mini,Selangor,Petaling
21309.0,PASARAYA INA FRESH MART SEK 18 SHAH ALAM,"ASLINA ENTERPRISE, NO 6 JALAN TUKAS 18/34,,SEKSYEN 18, 40000 SHAH ALAM,",Pasar Mini,Selangor,Petaling
21310.0,WELL MART SEK 17 SHAH ALAM,"ANEKA INTERTRADE MARKETING SDN BHD, NO 24, TINGKAT BAWAH, JALAN JENULUNG 17/21,,SEKSYEN 17, 40200 SHAH ALAM,",Pasar Mini,Selangor,Petaling
21311.0,ECONSAVE KUALA SELANGOR,"LOT 766, JALAN BERNAM, PASIR PENAMBANG,,45000 KUALA SELANGOR,,",Pasar Raya / Supermarket,Selangor,Kuala Selangor
21312.0,SEGI FRESH KUALA SELANGOR,"NO 1,3,5,7 & 9, JALAN BENDAHARA 1/2 B, TAMAN BENDAHARA,,45000 KUALA SELANGOR,",Pasar Raya / Supermarket,Selangor,Kuala Selangor
21313.0,BSK FRESHMART KUALA SELANGOR,"NO 10,12,14 & 16, JALAN BENDAHARA 1/2 A,,TAMAN BENDAHARA, 45000 KUALA SELANGOR,",Pasar Raya / Supermarket,Selangor,Kuala Selangor
21314.0,PASAR MINI KINTA KUALA SELANGOR,"NO 1-G & 3-G, JALAN PIAI 1,,TAMAN PIAI, 45000 KUALA SELANGOR,",Pasar Mini,Selangor,Kuala Selangor
21315.0,RAHMANIYAH MINI MARKET,"NO 80, JALAN SULTAN IBRAHIM,,45000 KUALA SELANGOR,",Pasar Mini,Selangor,Kuala Selangor
21316.0,PASARAYA ZAHIR,"NO 16, LORONG TERATAI 2/12,,BANDAR BARU, 45000 KUALA SELANGOR,",Pasar Mini,Selangor,Kuala Selangor
21317.0,PASAR MINI RAMLI,"NO 9, JALAN KSU 1,,TAMAN KUALA SELANGOR, 45000 KUALA SELANGOR,",Pasar Mini,Selangor,Kuala Selangor
21318.0,SEGI FRESH TANJONG KARANG,"NO 30,32,34,36,38,40 & 42 GROUND FLOOR,,JALAN 2 TAMAN TANJONG KARANG, 45500 TANJONG KARANG,",Pasar Raya / Supermarket,Selangor,Kuala Selangor
21319.0,ECONSAVE TANJONG KARANG,"NO 5 & 7 (GROUND FLOOR), JALAN 1, TAMAN TANJONG KARANG,45500 TANJONG KARANG,",Pasar Mini,Selangor,Kuala Selangor
21320.0,PASARAYA HONG HENG,"NO 42, 44 PUSAT BANDAR TANKONG KARANG,,45500 TANJONG KARANG,",Pasar Mini,Selangor,Kuala Selangor
21321.0,PASAR MINI GH,"173, JALAN KILANG PADI,,45500 TANJONG KARANG,",Pasar Mini,Selangor,Kuala Selangor
21322.0,SEGI FRESH SUNGAI BESAR,"NO 2,3A,6,8,10 & 12, JALAN SBBC SATU,,SUNGAI BESAR BUSINESS CENTRE, 45300 SUNGAI BESAR,",Pasar Raya / Supermarket,Selangor,Sabak Bernam
21323.0,99 SPEEDMART SUNGAI BESAR,"1651 PANCHANG BEDENA, PT 7438 & PT 7439 (G),,PUSAT PERNIAGAAN PANCHANG BEDENA, JALAN PANCHANG BEDENA, 45300 SUNGAI BESAR,",Pasar Mini,Selangor,Sabak Bernam
21324.0,LK FRESH MARKET,"PT 7436 & PT 7437, JALAN PANCHANG BEDENA,,45300 SUNGAI BESAR,,",Pasar Mini,Selangor,Sabak Bernam
21325.0,YS FRESHMARKET WHOLESALE,"PT 1619, JALAN BUNGA MAWAR,,PEKAN SUNGAI BESAR, 45300 SUNGAI BESAR,",Pasar Mini,Selangor,Sabak Bernam
21326.0,ECONSAVE MART HENTIAN KAJANG,"NO 16G, JALAN HENTIAN 1, OFF JALAN REKO,,PUSAT HENTIAN KAJANG, 43000 KAJANG,",Pasar Mini,Selangor,Hulu Langat
21327.0,SEGI FRESH KAJANG,"N0 2-1, 3-1 & 4-1, WISMA PERMATA, JALAN SUNGAI KANTAN,,TAMAN SRI KANTAN, 43000 KAJANG,",Pasar Mini,Selangor,Hulu Langat
21328.0,SUPER SEVEN FRESHMART KAJANG PERDANA,"30, JALAN KAJANG PERDANA,,TAMAN KAJANG PERDANA, 43000 KAJANG,",Pasar Mini,Selangor,Hulu Langat
21330.0,99 SPEEDMART KOSMOPLEKS,"NO E011 (GROUND FLOOR JALAN 6, KOSMOPLEKS,,BANDAR BARU SALAK TINGGI, 43900 SEPANG,",Pasar Mini,Selangor,Sepang
21331.0,99 SPEEDMART SALAK TINGGI,"NO 31 & 33, JALAN ST 1C/6, MEDAN 88, 27 JALAN ST 1C/6,,BANDAR BARU SALAK TINGGI, 43900 SEPANG,",Pasar Mini,Selangor,Sepang
21332.0,ECONSAVE MART SALAK TINGGI,"NO 35 & 37, JALAN ST1C, MEDAN 88,BANDAR BARU SALAK TINGGI, 43900 SEPANG,",Pasar Mini,Selangor,Sepang
21333.0,ECONSAVE MART TAMAN SEROJA,"NO 5 & 7, JALAN SEROJA 6,,TAMAN SEROJA, 43900 SEPANG,,",Pasar Mini,Selangor,Sepang
21334.0,SEGI FRESH PEKAN SALAK,"PUSAT PERNIAGAAN, NO 8 & 10,,JALAN PPS1 43900 SEPANG,",Pasar Raya / Supermarket,Selangor,Sepang
21335.0,AQILAH KHAYLA PADANG JAWA,"LOT621 JALAN MAT RAJI, PADANG JAWA,,40200 SHAH ALAM,",Pasar Mini,Selangor,Petaling
21336.0,HERO KG BARU SUBANG,"LOT 4243, KOMPLEKS PERNIAGAAN SRI GAYA,,JALAN TAMAN SUBANG JASA 3, TAMAN SUBANG JASA,,",Pasar Raya / Supermarket,Selangor,Petaling
21337.0,PASAR MINI FATHIMA STORE,"NO 28, JALAN ZIRKON E7/E SEKSYEN 7,40000, SHAH ALAM,",Pasar Mini,Selangor,Petaling
21338.0,EVERWIN SUPERMARKET SDN. BHD. - PUJUT 7,"LOT 10563, PUJUT 7 COMMERCIAL CENTRE,OFF JALAN PUJUT 7 BRIDGE, SUNGAI MERAPA, LUTONG,",Pasar Raya / Supermarket,Sarawak,Miri
21339.0,SERVAY HYPERMARKET (PERMY MALL),"LOT 100, GROUND FLOOR PERMY MALL,,PUSAT BANDAR BARU PERMYJAYA,,98000 MIRI, SARAWAK",Hypermarket,Sarawak,Miri
21340.0,KJW RIAM FRESH MART - DESA MURNI COMMERCIAL,"LOT 7236, 7237, 7238 & 7239, DESA MURNI COMMERCIAL SHOPHOUSE,,BANDAR BARU PERMYJAYA,,98000, MIRI, SARAWAK",Pasar Mini,Sarawak,Miri
21341.0,EVERWIN SUPERMARKET SDN. BHD. - KROKOP,"LOT 2067, BLOCK 4, MCLD,,JALAN CATTLEYA 2, KROKOP,,98000 MIRI, SARAWAK",Pasar Raya / Supermarket,Sarawak,Miri
21342.0,EVERRISE DEPARTMENTAL STORE SDN. BHD. - BOULEVARD COMMERCIAL CENTRE,"LOT 2527, BLOCK 5, BOULEVARD COMMERCIAL CENTRE,,MIRI CONCESSION LAND DISTRICT,,98000 MIRI, SARAWAK",Pasar Raya / Supermarket,Sarawak,Miri
21343.0,EVERRISE DEPARTMENTAL STORE SDN. BHD. - SABERKAS COMMERCIAL CENTRE,"LOT 2228, BLOCK 5, SABERKAS COMMERCIAL CENTRE,,JALAN PUJUT-LUTONG,,98000 MIRI, SARAWAK",Pasar Raya / Supermarket,Sarawak,Miri
21344.0,EVERWIN SUPERMARKET SDN. BHD. - TUDAN,"LOT 1649-1650, BLOCK 11, KBLD LRG 1,,JLN DATO PERMAISURI 1C, PERMY TECHNOLOGY PARK,,98000 MIRI, SARAWAK",Pasar Raya / Supermarket,Sarawak,Miri
21345.0,ECONSAVE CASH AND CARRY (BLG) SDN. BHD.,"LOT 3302, KG BATU,,PEKAN PULAI,,BALING KEDAH.",Pasar Raya / Supermarket,Kedah,Baling
21346.0,EASY GO (MIRI BYPASS),"LOT 797, JALAN MIRI BYPASS,,PADANG KERBAU, PUJUT,,98000 MIRI, SARAWAK",Pasar Mini,Sarawak,Miri
21347.0,ECONSAVE CASH & CARRY (EM) SDN. BHD.,"PARCEL G28B, LEVEL 1, MYY MALL, LOT 992,,JALAN LUTONG-KUALA BARAM, LUTONG,98100 MIRI, SARAWAK",Pasar Raya / Supermarket,Sarawak,Miri
21348.0,A HONG'S GROCER - TUDAN,"LOT 10772-10779, JALAN TUDAN,,98000 MIRI, SARAWAK,",Pasar Raya / Supermarket,Sarawak,Miri
21349.0,EVERWIN SUPERMARKET SDN. BHD. - CENTRE POINT,"LOT 1688-1694, BLOCK 10, MCLD,,CENTRE POINT PHASE 1, JALAN MELAYU,98000 MIRI, SARAWAK",Pasar Raya / Supermarket,Sarawak,Miri
21350.0,EMART (RIAM) SDN. BHD.,"LOT 8755, BLOCK 1, JALAN MIRI-BINTULU,,LAMBIR LAND DISTRICT,,98000 MIRI, SARAWAK",Pasar Raya / Supermarket,Sarawak,Miri
21351.0,SERVAY SUPERMARKET (MORSJAYA),"LOT 3017-3020, AIRPORT ROAD,,MORSJAYA COMEERCIAL CENTRE,98000 MIRI, SARAWAK",Pasar Raya / Supermarket,Sarawak,Miri
21352.0,METRO MEGAMART SDN. BHD.,"LOT 9989, BLOCK 1, JLN LUAK BAY,,LAMBIR LAND DISTRICT,,98000 MIRI, SARAWAK",Pasar Raya / Supermarket,Sarawak,Miri
21353.0,V SEGAR MART TG. RAMBUTAN,"32-38, JALAN PUSAT PERDAGANGAN TANJUNG RAMBUTAN1,,PUSAT PERDAGANGAN TANJUNG,",Pasar Mini,Perak,Kinta
21354.0,SEGI FRESH GOPENG,"NO 7, 9, LORONG TAMAN, 11 & 13, JALAN SUSUR KEKWA,,KOPISAN BARU,,",Pasar Raya / Supermarket,Perak,Kinta
21355.0,SO CONVENIENT  STORE,"2D-G, Azuria Business Centre,TANJUNG TOKONG,,TANJUNG BUNGAH",Pasar Mini,Pulau Pinang,Timur Laut
21356.0,SEGI FRESH SILIBIN,"NO 3-G, 5-G & 7-G JALAN SYUKUR, JALAN BARU,,KAMPUNG TENGKU HUSIN LAMA,,",Pasar Raya / Supermarket,Perak,Kinta
21357.0,SEGI FRESH AMPANG,"NO 5-G, 7-G, 9-G & 11-G, JALAN PERNIAGAAN AMPANG 4,,PUSAT PERNIAGAAN AMPANG,",Pasar Raya / Supermarket,Perak,Kinta
21358.0,ECONSAVE GERIK,"30-39, JALAN TOH SHAHBANDAR ULU,PEKAN GERIK,",Pasar Raya / Supermarket,Perak,Hulu Perak
21359.0,SK FIVE MINI MARKET,"1-G-15 & 1-G-16 TAMAN SRI PINANG,  GEORGETOWN, PULAU PINANG,JALAN VETERINARI,",Kedai Runcit,Pulau Pinang,Timur Laut
21360.0,TY PASARAYA STATION 18,"NO 1(GF), 1(A) & 3(GF), JALAN PENGKALAN 1,,PUSAT PERNIAGAAN PENGKALAN,",Pasar Mini,Perak,Kinta
21361.0,ECONSAVE JELAPANG,"NO 2, JALAN JELAPANG 1,,JELAPANG,",Pasar Raya / Supermarket,Perak,Kinta
21362.0,ECONSAVE LENGGONG,"NO 1, JALAN L/8 UTAMA,PUSAT PERNIAGAAN LENGGONG,KAMPUNG BUKIT JERLUN, LENGGONG",Pasar Raya / Supermarket,Perak,Hulu Perak
21363.0,LONGWAN PENGKALAN EMAS MALL,"PENGKALAN EMAS MALL, 688, JALAN PASIR PUTEH,,TAMAN DESA AMAN,",Pasar Raya / Supermarket,Perak,Kinta
21364.0,PASAR JALAN PERMAI,"PASAR DAN KOMPLEKS MAKANAN JALAN PERMAI,,TAMAN BUKIT GAMBIR,  GELUGOR,",Pasar Basah,Pulau Pinang,Timur Laut
21365.0,AMF FRESH MART,"TINGKAT BAWAH PERSIARAN PH SENTRAL,1, PHSENTRAL,PENGKALAN HULU",Pasar Raya / Supermarket,Perak,Hulu Perak
21366.0,SEGI FRESH TASEK,"4 & 6, JALAN TAWAS BARU 1,,TAMAN TASEK DAMAI,",Pasar Raya / Supermarket,Perak,Kinta
21367.0,PASARAYA LS MART,"THE RISE COLLECTION III,,JALAN S. P. CHELLIAH,   GEORGETOWN,,",Pasar Raya / Supermarket,Pulau Pinang,Timur Laut
21368.0,PASARAYA EKONOMI A-WANG GERIK,"54, JALAN TAKONG DATOK,PEKAN GERIK,",Pasar Mini,Perak,Hulu Perak
21369.0,99 SPEEDMART TENGKU HUSSEIN,"NO 9 & 11, GROUND FLOOR, JALAN PUSAT SYUKUR,,JALAN BARU,KAMPUNG TENGKU HUSSEIN",Pasar Mini,Perak,Kinta
21370.0,99 SPEEDMART PENGKALAN HULU,"NO 5 & 6 (GROUND FLOOR),JALAN TULIP JAYA,TAMAN TULIP JAYA, PENGKALAN HULU",Pasar Mini,Perak,Hulu Perak
21371.0,ECONO EXPRESS MACALLUM,"NO 42B-G-14, 42B-G-15, 42B-G-16,,MACALLUM STREET CHAUT,,",Pasar Mini,Pulau Pinang,Timur Laut
21372.0,99 SPEEDMART TAMAN KLEBANG RIA,"GROUND FLOOR, NO 7 & 9,  JALAN KLEBANG RIA 2,,TAMAN KLEBANG RIA,",Pasar Mini,Perak,Kinta
21373.0,SUGO VILLAGE KARPAL SINGH,"16, LEBUH SUNGAI PINANG1,,GEORGETOWN,",Pasar Raya / Supermarket,Pulau Pinang,Timur Laut
21374.0,SEGI CASH & CARRY SUNGKAI,"NO.43-47 G, JALAN SENTRAL SUNGKAI 2,SENTRAL SUNGKAI,",Pasar Raya / Supermarket,Perak,Batang Padang
21375.0,PASARAYA BSK SERI MANJUNG,"NO 594-598, LORONG KURAU 3, TAMAN SAMUDERA,,SERI MANJUNG,",Pasar Raya / Supermarket,Perak,Manjung
21376.0,THE STORE SITIAWAN,"LOT 556/779, JALAN LUMUT,SITIAWAN,",Pasar Raya / Supermarket,Perak,Manjung
21377.0,SUPER BILLION MART,"GERAI 23-31, ORONG KURAU 3,,MEDAN SAMUDERA, SERI MANJUNG,",Pasar Mini,Perak,Manjung
21378.0,SEGI CASH & CARRY BANDAR BARU,"NO 11 -13G, JALAN SM 1C/15, FASA 1C4,,BANDAR BARU, SERI MANJUNG,",Pasar Raya / Supermarket,Perak,Manjung
21379.0,TF VALUE MART BIDOR,"LOT GF-5, BIDOR CENTRAL 2,PUSAT PERDAGANGAN BIDOR SENTRAL,BIDOR",Pasar Raya / Supermarket,Perak,Batang Padang
21380.0,SEGI CASH & CARRY PARIT,"NO 6-7G, JALAN 1,,TAMAN PARIT WIRA, PARIT,",Pasar Raya / Supermarket,Perak,Perak Tengah
21381.0,SEGI CASH & CARRY TAPAH,"NO 5-8, JALAN AKASIA 2/1,PUSAT PERDAGANGAN AKASIA 2,",Pasar Raya / Supermarket,Perak,Batang Padang
21382.0,99 SPEEDMART PUSAT BANDAR,"NO 30 & 31 (G), PUSAT BANDAR SERI MANJUNG,,SERI MANJUNG,",Pasar Mini,Perak,Manjung
21383.0,PASAR RAYA MEGA,"NO 22, JALAN BESAR,SUNGKAI,",Pasar Mini,Perak,Batang Padang
21384.0,99 SPEEDMART BANDAR BARU SERI MANJUNG,"NO 40 & 41(G), BANDAR BARU SERI MANJUNG, FASA 1C4,,SERI MANJUNG,",Pasar Mini,Perak,Manjung
21385.0,99 SPEEDMART BIDOR,"NO 35 (G),,JALAN PANGGUNG WAYANG,BIDOR",Pasar Mini,Perak,Batang Padang
21386.0,PCK FRESHMART SDN. BHD.,"NO 385, TAMAN SAMUDERA,,SERI MANJUNG,",Pasar Mini,Perak,Manjung
21387.0,HASIL LAUT N-5,"LOT 66-67, JALAN SENAWI,,SITIAWAN,",Kedai Runcit,Perak,Manjung
21388.0,TAPAH MINI MARKET,"NO 27,JALAN RAJA,TAPAH,",Pasar Mini,Perak,Batang Padang
21389.0,FIRST OCEAN TRADING,"NO 602-604, LORONG KURAU 3, TAMAN SAMUDERA,,SERI MANJUNG,",Kedai Runcit,Perak,Manjung
21390.0,99 SPEEDMART SLIM RIVER,"NO 4&5 (G), JALAN BANDAR BARU FASA 3,BANDAR BARU FASA 3,SLIM RIVER",Pasar Mini,Perak,Muallim
21391.0,SEGI CASH & CARRY BAGAN SERAI,"NO 40-G, 40-I, 42-G, 44-G, JALAN SYED THAUPY 2, PUSAT BANDAR BARU,,BAGAN SERAI,",Pasar Raya / Supermarket,Perak,Kerian
21392.0,SENG LEONG MINI MARKET,"P.T 2010, JALAN MAHSURI,TAMAN BUNGA RAYA,SLIM RIVER",Pasar Mini,Perak,Muallim
21393.0,LS MART PASARAYA SDN. BHD.,"LOT 4297, JALAN ENGGANG, PEKAN BARU,PARIT BUNTAR,",Pasar Raya / Supermarket,Perak,Kerian
21394.0,PASAR RAYA ANAK KURAU,"NP 1&3, GROUND FLOOR, LINTANG AMAN 1, TAMAN KURAU AMAN,,KUALA KURAU,",Pasar Mini,Perak,Kerian
21395.0,CP 91 TRADING,"NO 19&19A, JALAN TITI SERONG, JALAN ATAS,,TANJUNG PIANDANG,",Kedai Runcit,Perak,Kerian
21396.0,99 SPEEDMART BIDOR SENTRAL,"NO 13&14 (G), JALAN BIDOR CENTRAL 1,PUSAT PERDAGANGAN BIDOR SENTRAL,BIDOR",Pasar Mini,Perak,Batang Padang
21397.0,SEGI FRESH SUNGAI SIPUT,"NO 47G-49G, PERSIARAN KOMERSIAL 4,KOMERSIAL WATERFRONT,SUNGAI SIPUT",Pasar Raya / Supermarket,Perak,Kuala Kangsar
21398.0,BINTANG FRESH KUALA KANGSAR,"LOT 6629, 6630, 6632,JALAN DATO SAGOR,",Pasar Raya / Supermarket,Perak,Kuala Kangsar
21399.0,V SEGAR MART SUNGAI SIPUT,"NO 1178, JALAN LINTANG PEKAN,SUNGAI SIPUT,",Pasar Raya / Supermarket,Perak,Kuala Kangsar
21400.0,99 SPEEDMART SG GEDONG,"GROUND FLOOR, NO 5&6 JALAN BESAR, KAMPUNG SG GEDONG,BAGAN SERAI,",Pasar Mini,Perak,Kerian
21401.0,ECONSAVE KUALA KANGSAR,"NO 1, PERSIARAN PENYAYANG TAMAN INDAH,KUALA KANGSAR,",Pasar Raya / Supermarket,Perak,Kuala Kangsar
21402.0,99 SPEEDMART TAMAN PIANDANG INDAH,"NO 2&2A(G), JALAN PIANDANG18, TAMAN PIANDANG INDAH,TANJUNG PIANDANG,",Pasar Mini,Perak,Kerian
21403.0,PASAR MINI JIMAT KAWAN MAJU,"LOT 40,41,JALAN BESAR,MANONG",Pasar Mini,Perak,Kuala Kangsar
21404.0,SIN WAH CHOONG MINI MARKET,"A40, ALAN BARU,,PARIT BUNTAR,",Pasar Mini,Perak,Kerian
21405.0,TY PASARAYA JIMAT MEDAN SURIA,"NO 8, PERSIAPAN MEDAN SURIA,TAMAN SURIA,",Pasar Mini,Perak,Kuala Kangsar
21406.0,SUPER NYAN NYAN MINI MARKET,"NO 1, JALAN HARMONI, PUSAT BANDAR,BAGAN SERAI,",Pasar Mini,Perak,Kerian
21407.0,SINYIN SUPERMARKET SDN BHD,"NO.23-32, SUBLOT 2413-2422, GROUND FLOOR, 1ST FLOOR & 2ND FLOOR AND NO.33-41, SUBLOT 2423-2423, 1ST & 2ND FLOOR LOT435, 433&611, BLOCK 49, JALAN KAPUR,NO.23-32, SUBLOT 2413-2422, GROUND FLOOR, 1ST FLOOR & 2ND FLOOR AND NO.33-41, SUBLOT 2423-2423, 1ST & 2ND FLOOR LOT435, 433&611, BLOCK 49, JALAN KAPUR,",Pasar Raya / Supermarket,Sarawak,Sarikei
21408.0,PERNIAGAAN SENG S/B,"NO.22 JALAN NENAS, 96100 SARIKEI,NO.22 JALAN NENAS, 96100 SARIKEI,",Pasar Raya / Supermarket,Sarawak,Sarikei
21409.0,PASARAYA ECONO BATU KURAU,"LOT 8,10,12,14 &16, GROUND FLOOR, SUSUR KURAU MUTIARA,,TAMAN KURAU MUTIARA, BATU KURAU,",Pasar Mini,Perak,"Larut, Matang & Selama"
21410.0,PASARAYA ECONO KAMUNTING,"NO 47, 49 & 51, JALAN MEDAN KAMUNTING 1,,MEDAN KAMUNTING, KAMUNTING,",Pasar Raya / Supermarket,Perak,"Larut, Matang & Selama"
21411.0,S & K SHOP SDN BHD,"NO 23, LORONG 3,,PEKAN KAMUNTING, KAMUNTING,",Pasar Mini,Perak,"Larut, Matang & Selama"
21412.0,DAILY MM MART,"NO 37, 39 & 43, LORONG 1,,TAMAN LAGENDA, SIMPANG,",Pasar Mini,Perak,"Larut, Matang & Selama"
21413.0,ARDA TH FRESH MART,"NO 33, 35 & 37, LORONG PK 7, JALAN STESYEN,,KAWASAN PERUSAHAAN KAMUNTING, KAMUNTING,",Pasar Raya / Supermarket,Perak,"Larut, Matang & Selama"
21414.0,99 SPEEDMART TAMAN INDAH TAIPING,"NO 5&6 (G), TAMAN INDAH,,SIMPANG,",Pasar Mini,Perak,"Larut, Matang & Selama"
21415.0,BIG DEAL SUPER MART SDN BHD,"1551, JALAN SINTAR INDAH,TAMAN SINTAR INDAH,NIBONG TEBAL",Pasar Mini,Pulau Pinang,Seberang Perai Selatan
21416.0,99 SPEEDMART TAMAN LAGENDA,"NO 19&21 (G), LORONG 1, TAMAN LAGENDA,,SIMPANG,",Pasar Mini,Perak,"Larut, Matang & Selama"
21417.0,GREEN GARDEN MARKET SDN BHD,"NO.14, LORONG BUKIT PANCHOR,TAMAN BELATUK,NIBONG TEBAL",Pasar Mini,Pulau Pinang,Seberang Perai Selatan
21418.0,TY PASARAYA KAMUNTING,"LOT 34482, JALAN PERUSAHAAN 3, KAMUNTING INDUSTRIAL ESTATE,,KAMUNTING,",Pasar Raya / Supermarket,Perak,"Larut, Matang & Selama"
21419.0,TY PASARAYA TAIPING,"LOT 5821, JALAN SIMPANG, TAMAN SIMPANG MAKMUR,,SIMPANG,",Pasar Raya / Supermarket,Perak,"Larut, Matang & Selama"
21420.0,HOME MART FRESH & FROZEN SDN. BHD,"1818,JALAN ROZHAN,BUKIT MERTAJAM",Pasar Mini,Pulau Pinang,Seberang Perai Tengah
21421.0,JERNEH JAYA FRESH MART,"NO 17, LORONG MEWAH 8, TAMAN MEWAH,,KAMUNTING,",Kedai Runcit,Perak,"Larut, Matang & Selama"
21422.0,HOME MART FRESH & FROZEN SDN BHD (SUNGAI RAMBAI),"2,4,6, LORONG TEMBIKAI 8,KAWASAN PERNIAGAAN SUNGAI RAMBAI,BUKIT MERTAJAM",Pasar Mini,Pulau Pinang,Seberang Perai Tengah
21423.0,PASARAYA ECONSAVE HUTAN MELINTANG,"ECONSAVE CASH & CARRY (HM) SDN BHD, LOT 15362, LORONG LAGENDA 8,,SECTION MEDAN NIAGA LAGENDA, HUTAN MELINTANG,",Pasar Raya / Supermarket,Perak,Bagan Datuk
21424.0,JMS PREMIUM SUPERMART SDN.BHD,"127 & 129, JALAN PERNIAGAAN GEMILANG 1,PUSAT PERNIAGAAN GEMILANG,BUKIT MERTAJAM",Pasar Mini,Pulau Pinang,Seberang Perai Tengah
21425.0,99 SPEEDMART TAMAN INTANOVA,"99 SPEEDMART SDN BHD, NO 1 (G), PERSIARAN INTANOVA,,TAMAN INTANOVA, TELUK INTAN,",Pasar Mini,Perak,Hilir Perak
21426.0,LS MART PASARAYA (KG. BARU),"TAMAN SENTOSA,JALAN KULIM,BUKIT MERTAJAM",Pasar Mini,Pulau Pinang,Seberang Perai Tengah
21427.0,99 SPEEDMART TAMAN INDAH JAYA,"99 SPEEDMART SDN BHD, NO 9&10 (G), JALAN TERATAI J4/8,,TAMAN INDAH JAYA, TELUK INTAN,",Pasar Mini,Perak,Hilir Perak
21428.0,99 SPEEDMART TAMAN PERKASA,"99 SPEEDMART SDN BHD, NO 25&27 (G),  JALAN PERKASA 1,TAMAN PERKASA, TELUK INTAN,",Pasar Mini,Perak,Hilir Perak
21429.0,LS MART PASARAYA (TDD),"15, LEBUH NANGKA 2,TAMAN DESA DAMAI,BUKIT MERTAJAM",Pasar Mini,Pulau Pinang,Seberang Perai Tengah
21430.0,99 SPEEDMART CHANGKAT JONG,"99 SPEEDMART SDN BHD, NO 54-A & 54-B (G), JALAN CHANGKAT JONG,,TELUK INTAN,",Pasar Mini,Perak,Hilir Perak
21431.0,99 SPEEDMART JALAN PASAR,"99 SPEEDMART SDN BHD, NO 91&93 (G), CRYSTAL GULF BUSINESS CENTRE,,JALAN PASAR, TELUK INTAN,",Pasar Mini,Perak,Hilir Perak
21432.0,PASAR MINI SRI BINTANG,"NO 33&34, JALAN TERATAI J-4/8,,TAMAN INDAH JAYA, TELUK INTAN,",Kedai Runcit,Perak,Hilir Perak
21433.0,FRESH GROCER PLT,"NO 3104-C, JALAN KAMPAR,,LANGKAP,",Kedai Runcit,Perak,Hilir Perak
21434.0,MAT FROZEN,"JALAN PADANG TEMBAK,,TELUK INTAN,",Kedai Runcit,Perak,Hilir Perak
21435.0,VILLAGE GROCER LSH33,"LG-1, LAMAN SERI HARMONO (LSH33),NO. 3, JALAN BATU MUDA TAMBAHAN 3,SENTUL",Pasar Raya / Supermarket,W.P. Kuala Lumpur,Batu
21436.0,NSK GROCER THE RIVERCITY,"LOT NO. H-G-01, BLOCK H, THE RIVERCITY,JALAN SULTAN AZLAN SHAH,",Pasar Raya / Supermarket,W.P. Kuala Lumpur,Batu
21437.0,"PASAR MINI WELL MART, JL1 JALAN IPOH","NO. 19, JALAN SUPPLIAH PILLAY OFF JALAN IPOH,JALAN SULTAN AZLAN SHAH,",Pasar Mini,W.P. Kuala Lumpur,Batu
21438.0,GIANT MINI MAXIM CITYLIGHTS,"NO. S-G-G05, MAXIM CITYLIGHTS SENTUL,NO. 25, JALAN SENTUL PERDANA,",Pasar Mini,W.P. Kuala Lumpur,Batu
21439.0,GIANT MINI BANDAR BARU SENTUL,"NO. 43-0-5, JALAM 1/48A,BANDAR BARU SENTUL,",Pasar Mini,W.P. Kuala Lumpur,Batu
21440.0,99 SPEEDMART DANAU KOTA,"NO. 12A & 16 (G), JALAN DANAU NIAGA 1,TAMAN DANAU KOTA,",Pasar Mini,W.P. Kuala Lumpur,Wangsa Maju
21441.0,WHOLE FOODS EXPRESS,"126-0-01 & 126-0-002, APT SRI PELANGI,JALAN GENTING KLANG,",Pasar Raya / Supermarket,W.P. Kuala Lumpur,Wangsa Maju
21442.0,PASARAYA FAISAL,"NO. 605, LOT NO. 22 & 21,JALAN GOMBAK, BQATU 4 1/2 GOMBAK,",Pasar Raya / Supermarket,W.P. Kuala Lumpur,Wangsa Maju
21443.0,"PASARAYA WELL MART, TAMAN MELATI SP1","NO. 6, JALAN MELATI 10,TAMAN MELATI,SETAPAK",Pasar Raya / Supermarket,W.P. Kuala Lumpur,Wangsa Maju
21444.0,"MEMI ZOOO ZOOO GROCER, JALAN GOMBAK","G-01, G-02 & G-03, MERCU KENWINGSTON,NO. 81, JALAN GOMBAK,",Pasar Raya / Supermarket,W.P. Kuala Lumpur,Wangsa Maju
21445.0,PERNIAGAAN WAH SING,"NO. 6,7,8 & 9 @ LOT 1617, BATU 4 1/2,JALAN GENTING KLANG, SETAPAK,",Kedai Runcit,W.P. Kuala Lumpur,Wangsa Maju
21446.0,KH MART,"LOT 4251-23 & 24, JALAN JATI,TAMAN SETAPAK,",Kedai Runcit,W.P. Kuala Lumpur,Wangsa Maju
21447.0,GIANT SETIAWANGSA,"LOT 16794 & 16895, JALAN SETIAWANGSA,TAMAN SETIAWANGSA, MUKIM SETAPAK,",Pasar Raya / Supermarket,W.P. Kuala Lumpur,Setiawangsa
21448.0,MEMI ZOOO ZOOO GROCER SAMA SQUARE,"G-17, KOMPLEKS SAMA,NO. 2, JALAN 1/23C,SETAPAK",Pasar Raya / Supermarket,W.P. Kuala Lumpur,Setiawangsa
21449.0,KC FRESH MART,"NO. 191-G & 191-LG,JALAN GENTING KELANG,TAMAN AYER PANAS, SETAPAK",Pasar Raya / Supermarket,W.P. Kuala Lumpur,Setiawangsa
21450.0,TANI SEGAR TAMAN SRI RAMPAI,"NO. 47 & 49, JALAN 45/26,TAMAN SERAPAK,SETAPAK",Pasar Raya / Supermarket,W.P. Kuala Lumpur,Setiawangsa
21451.0,PASARAYA WELL MART JALAN REJANG,"NO. 29 (GROUND FLOOR),JALAN REJANG 7,TAMAN  SETAPAK JAYA",Pasar Raya / Supermarket,W.P. Kuala Lumpur,Setiawangsa
21452.0,PASAR MINI MNS JAYA MAJU,"N0 3G, JALAN REJANG 7,SETAPAK JAYA,",Pasar Raya / Supermarket,W.P. Kuala Lumpur,Setiawangsa
21453.0,DULHAJ SUPER MART,"NO. 12, JALAN REJANG 6,TAMAN SETAPAK JAYA,SETAPAK",Pasar Mini,W.P. Kuala Lumpur,Setiawangsa
21454.0,KEDAI RUNCIT BERKAT MAMI,"BLOKF01 & F02, JALAN AU1B/1,TAMAN KERAMAT PERMAI,",Kedai Runcit,W.P. Kuala Lumpur,Setiawangsa
21455.0,GIANT MINI MEDAN RAMPAI NIAGA,"NO. 51, JALAN RAMPAI NIAGA 5,MEDAN NIAGA RAMPAI,",Pasar Mini,W.P. Kuala Lumpur,Setiawangsa
21456.0,KEDAI HAVVA MINI MART,"NO. 24, JALAN RAMPAI NIAGA 3,TAMAN SRI RAMPAI,",Pasar Mini,W.P. Kuala Lumpur,Setiawangsa
21457.0,WHOLESALE MART,"NO. 42, MEDAN NIAGA RAMPAI,JALAN RAMPAI NIAGA 4, MEDAN NIAGA RAMPAI,",Pasar Mini,W.P. Kuala Lumpur,Setiawangsa
21458.0,NUSANTARA FRESHMART SDN. BHD.,"NO. 1 & 3, JALAMN CHENGAL INDAH 1,,TAMAN CHENGAL INDAH,BANDAR BERA",Pasar Mini,Pahang,Bera
21459.0,99 SPEED MART SDN. BHD.,"NO. 4& 6 (G), JALAN AKASIA INDAH 1,,TAMAN AKASIA INDAH,BANDAR BERA",Pasar Mini,Pahang,Bera
21460.0,99 SPEED MART SDN. BHD. (TAMAN INDUSTRI SRI BUNTAR),"NO. 27 & 29 (G), JALAN 1,,TAMAN INDUSTRI SRI BUNTAR,,BANDAR BERA",Pasar Mini,Pahang,Bera
21461.0,DMART SEGI SDN. BHD.,"DMART BUKIT MENDI,,FELDA BUKIT MENDI,,",Pasar Mini,Pahang,Bera
21462.0,MERCATO MAYANG MALL,"GCH RETAIL (MALAYSIA) SDN. BHD.,LOT NO. LG12, LOWER GROUND FLOOR, MAYANG MALL,333 JALAN HAJI MAT TAUKEY, KAMPUNG SURAU PASIR",Hypermarket,Terengganu,Kuala Terengganu
21463.0,KEDAI RUNCIT HANAPIAH,"LOT PT 9721-P, NO. 15452,KAMPUNG BUKIT TOK BENG,SEBERANG TAKIR",Kedai Runcit,Terengganu,Kuala Nerus
21464.0,NAJI MART,"NAJI MAT JUSOH ENTERPRISE,LOT 11456-B, JALAN TELUK KETAPANG,KAMPUNG TELAGA DAING",Kedai Runcit,Terengganu,Kuala Nerus
21465.0,TT FRESH MART,"NO. 26-29, TINGKAT 1,,JALAN LAGENDA 1/1,  TAMAN LAGENDA,,PADANG SERAI, KEDAH",Pasar Mini,Kedah,Kulim
21466.0,MYDIN KUALA IBAI,"MYDIN MOHAMED HOLDINGS BERHAD,LOT 1584, JALAN TOK ADIS,KUALA IBAI",Pasar Mini,Terengganu,Kuala Terengganu
21467.0,PASARAYA ECONOJAYA TAMAN KENARI,"NO. 32-35, JALAN KOTA KENARI,,TAMAN KENARI,,KULIM, KEDAH.",Pasar Mini,Kedah,Kulim
21468.0,RA TUNGGAL MART 2,"D806-A & B, KAMPUNG KUALA BEKAH,JALAN PULAU MUSANG,",Kedai Runcit,Terengganu,Kuala Terengganu
21469.0,PASARAYA POH LAI SDN. BHD.,"NO. 28-32, LORONG KEMUNING 1,,TAMAN KEMUNING,,KULIM, KEDAH.",Pasar Mini,Kedah,Kulim
21470.0,ZEN VISTA SDN. BHD.,"NO. 5-9, JALAN WAJA INDAH,,TAMAN WAJA INDAH,,KULIM, KEDAH.",Pasar Mini,Kedah,Kulim
21471.0,SABASUN ETEK,"LOT 13818, HADAPAN UNISZA,JALAN GONG BADAK,",Pasar Mini,Terengganu,Kuala Nerus
21472.0,KEDAI RUNCIT MAIMO,"MAIMUN MOHD TRADING,LOT 28056, TAMAN PERMINT PERDANA,FASA4, KAMPUNG BATIN",Kedai Runcit,Terengganu,Kuala Nerus
21473.0,BELIDA MART ENTERPRISE,"GM 3047, MUKIM SALA BESAR,,BATU 18, GUAR CHEMPEDAK,,GURUN KEDAH.",Pasar Mini,Kedah,Yan
21474.0,KEDAI DALAM ROK,"MAPEROW FISHERY & ENTERPRISE,LOT NO. 21300, JLN HAJI WAN YAAKOB,SIMPANG EMPAT TOK JIRING",Kedai Runcit,Terengganu,Kuala Nerus
21475.0,PASAR KOPERASI GUAR CHEMPEDAK,"PASAR KOPERASI GUAR CHEMPEDAK,BANGUNAN ARKED GUAR CHEMPEDAK,,GUAR CHEMPEDAK, KEDAH",Pasar Basah,Kedah,Yan
21477.0,AF ROSEGOLD ENTERPRISE,"LOT 1912-A,KAMPUNG GONG KIAT,",Kedai Runcit,Terengganu,Kuala Terengganu
21478.0,MAKRO UTARA SDN BHD,"TAMAN LEMBAH BUJANG,,BEDONG, KEDAH,",Pasar Mini,Kedah,Kuala Muda
21479.0,ZUL PANJI ENTERPRISE,"LOT 3488 (GM 1196),DI CHE 'ODAH GUMIA,MUKIM BUKIT BESAR",Kedai Runcit,Terengganu,Kuala Terengganu
21480.0,PASARAYA KAWAN KITA SDN. BHD.,"NO 197&198, JALAN MELOR 1/6,BANDAR AMANJAYA,SUNGAI PETANI KEDAH.",Pasar Mini,Kedah,Kuala Muda
21481.0,TELIPOT TRADING,"LOT 427, BATU 5,JLN KEPONG,PENGADANG BARU",Kedai Runcit,Terengganu,Kuala Terengganu
21482.0,SMA AMIN MINI MARKET,"JALAN AKASIA,,TIKAM BATU,   SUNGAI PETANI.,",Pasar Mini,Kedah,Kuala Muda
21483.0,AGRO BAZAAR TAMAN PERMINT JAYA,"FAMA CORPORATION SDN. BHD.,910 & 911, BANGUNAN SEDC,PERMIN JAYA",Kedai Runcit,Terengganu,Kuala Terengganu
21484.0,KEDAI RUNCIT ZULKIFLI,"NO. 6612-A, KAMPUNG WAKAF TENGAH,MENGABANG TELIPOT,",Kedai Runcit,Terengganu,Kuala Nerus
21485.0,PASARAYA K-CERIA (KUALA NERANG) SDN BHD,"7, 7A, 8, 8A, 9, 9A, 10, 10A, 11 & 11A,,PERSIARAN TERAP, TAMAN TERAP,,KUALA NERANG, KEDAH",Pasar Raya / Supermarket,Kedah,Padang Terap
21486.0,NASRUL FROZEN FOOD,"NASRUL FROZEN FOOD ENTERPRISE,JKR 06, KUARTERS JABATAN PERTANIAN NEGERI TERENGGANU,WAKAF TENGAH, BATU RAKIT",Kedai Runcit,Terengganu,Kuala Nerus
21487.0,ECONO JAYA (KUALA NERANG),"NO. 1 & 2, LORONG DESA SAPURA 1,,TAMAN DESA SAPURA,,KUALA NERANG, KEDAH",Pasar Mini,Kedah,Padang Terap
21488.0,KEDAI RUNCIT KAMALA DEVI,"LOT 14,,JALAN TEMIN,,",Kedai Runcit,Pahang,Jerantut
21489.0,CHOP YEE HIN,"NO.33,,JALAN BESAR,,",Kedai Runcit,Pahang,Jerantut
21490.0,AZIEANA MAJU ENTERPRICE,"LOT 7935, TINGKAT BAWAH,,JALAN ZAPIN INDAH 4,,BANDAR INDERAPURA,",Kedai Runcit,Pahang,Jerantut
21491.0,99 SPEED MART SDN. BHD. (TAMAN INTAN),"NO. S-12 (G),,TAMAN INTAN,,",Pasar Mini,Pahang,Jerantut
21492.0,99 SPEED MART SDN. BHD. (TAMAN FERI INDAH),"NO. 5 & 7 (G), JALAN JERANTUT FERI,,TAMAN FERI INDAH,,",Pasar Mini,Pahang,Jerantut
21493.0,99 SPEED MART SDN. BHD. (JLN TEMIN),"NO. 7 & 8 (G), LORONG SP,,JLN TEMIN,",Pasar Mini,Pahang,Jerantut
21494.0,99 SPEED MART SDN. BHD. (PUSAT PERNIAGAAN IMPIAN),"NO. 11 & 12 (G), JALAN IMPIAN 1,,PUSAT PERNIAGAAN IMPIAN,,KUALA LIPIS",Pasar Mini,Pahang,Lipis
21495.0,99 SPEED MART SDN. BHD. (PP LIPIS JAYA),"NO. 17 & 18 (G), JALAN LIPIS JAYA 2,,PUSAT PERNIAGAAN LIPIS JAYA,KUALA LIPIS",Pasar Mini,Pahang,Lipis
21496.0,99 SPEED MART SDN. BHD. (BANDAR BARU KUALA LIPIS),"NO. K-19 (G), LORONG BBKL 2/1/2,,BANDAR BARU KULA LIPIS,KUALA LIPIS",Pasar Mini,Pahang,Lipis
21497.0,MY MASYHUR ENTERPRISE,"G-06, BLOK B,,LORONG SERI TERUNTUM 1,,MEDAN WATISA, JLN TANAH PUTIH,",Kedai Runcit,Pahang,Kuantan
21498.0,JHS MINI MARKET,"LOT 27937, JALAN SG.SOI,,KAMPUNG KEMPADANG,,",Pasar Mini,Pahang,Kuantan
21499.0,99 SPEED MART SDN. BHD. (PERUMAHAN PERAMU BARU),"NO.B6 (G), JLN PERAMU BARU 1,,PERUMAHAN PERAMU BARU,,",Pasar Mini,Pahang,Kuantan
21500.0,CHOP SOON HENG,"NO.2, KEDAI JALAN SELESA JAYA 1,,TAMAN SELESA JAYA,KUALA ROMPIN",Kedai Runcit,Pahang,Rompin
21501.0,99 SPEED MART SDN. BHD. TMN BAHAGIA TEMERLOH,"NO: 28 (G), JALAN BAHAGIA 31,,TAMAN BAHAGIA,",Pasar Mini,Pahang,Temerloh
21502.0,99 SPEED MART SDN. BHD. TMN BKT BENDERA,"NO: 40&42 (G), JALAN BENDERA MAHKOTA,,TAMAN BUKIT BENDERA,,",Pasar Mini,Pahang,Temerloh
21503.0,99 SPEED MART SDN. BHD. TMN BKT SEMANTAN,"NO: 14&15 (G), JLN SEMANTAN BARU 2,,TMN BKT SEMANTAN,,",Pasar Mini,Pahang,Temerloh
21504.0,99 SPEED MART SDN. BHD.(BD JENGKA SEJAHTERA),"NO: 11 & 13 (G), JLN BDJS 1,,BLOK DAGANGAN JENGKA SEJAHTERA, BDR TUN RAZAK,,JENGKA",Pasar Mini,Pahang,Maran
21505.0,99 SPEED MART SDN. BHD.STAR CITY,"NO: 23&25 (G), JLN STAR CITY 1,,STAR CITY,,MENTAKAB",Pasar Mini,Pahang,Temerloh
21506.0,99 SPEED MART SDN. BHD. TMN TEMERLOH JAYA,"NO: 96 & 98 (G), JLN TEMERLOH JAYA,,TMN TEMERLOH JAYA,,",Pasar Mini,Pahang,Temerloh
21507.0,99 SPEED MART SDN. BHD. TMN RIMBA,"NO: 75&77 (GF), JALAN ANGSANA,,TAMAN RIMBA,,MENTAKAB,",Pasar Mini,Pahang,Temerloh
21508.0,KSL PASAR MINI BUKIT BENDERA,"N0.33-35, GROUND FLOOR,,JLN BENDERA MAHKOTA, TAMAN BUKIT BENDERA,,MENTAKAB,",Pasar Mini,Pahang,Maran
21509.0,99 SPEED MART SDN. BHD. TAMAN SETIA JASA,"NO: 15&17 (G), JLN SJ 1 OFF JALAN MARAN,,TAMAN SETIA JASA,,",Pasar Mini,Pahang,Temerloh
21510.0,TMG MART JENGKA,"N-07, N-08, N-09, N-10, GROUND FLOOR & FIRST FLOOR,,LORONG TRBP 6, TUN RAZAK BUSINESS PARK,,BANDAR PUSAT JENGKA",Pasar Mini,Pahang,Maran
21511.0,KEDAI RUNCIT AMINAH JANTAN,"NO.438, KAMPUNG JANGLAU,,KUALA ROMPIN,",Kedai Runcit,Pahang,Rompin
21512.0,KEDAI RUNCIT MAIDIN,"E2-7089, KAMPUNG BAHAGIA,,KUALA ROMPIN,",Kedai Runcit,Pahang,Rompin
21513.0,BIG 10 GROCER,"N0 36,TINGKAT BAWAH,JALAN PNBBU5,PUSAT NIAGA BUKIT BARU UTAMA,PUSAT NIAGA BUKIT BARU UTAMA,",Pasar Raya / Supermarket,Melaka,Melaka Tengah
21514.0,MEGAMART SDN BHD,"JC 3795, 3796, 3797, JALAN MUHIBBAH UTAMA 2/1,TAMAN MUHIBBAH UTAMA 2, 77300, MERLIMAU, MELAKA,",Pasar Raya / Supermarket,Melaka,Jasin
21515.0,MERLIMAU POINT,"JC 88-JC96, JALAN BMU 4, BANDAR BARU MERLIMAU UTARA,,77300 MERIMAU, MELAKA.,",Pasar Mini,Melaka,Jasin
21516.0,ECONSAVE CASH &CARRY (SUNGAI UDANG),"No.29,Jalan Kerambit 3, Bandar Baru Sungai Udang,,Sungai Udang, 76300 Melaka.,",Pasar Raya / Supermarket,Melaka,Melaka Tengah
21517.0,HYPERMARKET MYDIN PULAU SEBANG,"PT 20 & 2053, JALAN BESAR, PULAU SEBANG,,78000, ALOR GAJAH, MELAKA,",Hypermarket,Melaka,Alor Gajah
21518.0,PASARAYA E FAMILY STORE ENTERPRISE,"Km43-1-46-2 pusat perniagaan, Jalan Jelatang,,mukim kelemak, 78000 Alor Gajah, Melaka,",Pasar Raya / Supermarket,Melaka,Alor Gajah
21519.0,FRESCO JASIN,"Jasin Shopping Centre, 2982, Jalan Melaka,,Pusat Bandar Baru, 77000 Jasin, Melaka,",Pasar Raya / Supermarket,Melaka,Jasin
21520.0,SYED FAMILY MART,"60, Jalan Saujana 1/1, Taman Saujana,,75450 Melaka,",Pasar Mini,Melaka,Melaka Tengah
21521.0,PASARAYA L&L BEST MART,"Block G (Ground Floor Pangsapuri Ixora,,Jalan Bukit Beruang Bukit Beruang, 75450 Ayer Keroh, Melaka,",Pasar Mini,Melaka,Melaka Tengah
21522.0,PASAR SEGAR MIZAN,"16,JALAN CP2 TAMAN CHENG PERDANA,75250 MELAKA,",Pasar Mini,Melaka,Melaka Tengah
21523.0,TMG MART ANGKASA NURI,"14-30, Jalan Ian 1, Jln Industri Angkasa Nuri,,Hang Tuah Jaya, 76100 Durian Tunggal, Melaka,",Pasar Mini,Melaka,Melaka Tengah
21524.0,PASAR EKONOMI HUP HENG,"757B, Jln Emas 9, Taman Kerjasama,,75450 Bukit Beruang, Melaka,",Pasar Mini,Melaka,Melaka Tengah
21525.0,SYARIKAT M.B. ABDUL NASER,"No. 758E, Jalan Intan, Taman Kerjasama,,75450 Bukit Beruang, Melaka,",Pasar Mini,Melaka,Melaka Tengah
21526.0,STARS MART NETWORKS,"578-N, Jalan Utama, Taman Ayer Keroh Heights,,75450 Ayer Keroh, Melaka,",Pasar Mini,Melaka,Melaka Tengah
21527.0,PASARAYA THE NIKES MARKETING SDN BHD,"no 19, 1, Jalan Mangga 1, Taman Widuri,,75350 Bachang, MELAKA,",Pasar Mini,Melaka,Melaka Tengah
21528.0,MAZNAH GEMILANG ENTERPRISE,"JB 2930, Jalan Mu 1, Taman Merlimau Utara,,77300 Merlimau, Melaka,",Pasar Mini,Melaka,Jasin
21529.0,Kedai Runcit Ambah Enterprise,"2191/2192, Jalan Taman Bandar Baru Masjid Tanah 17, Taman Bandar Baru Masjid Tanah Utama,,78300 Masjid Tanah, Melaka,",Kedai Runcit,Melaka,Alor Gajah
21530.0,COOP MART,"Koperasi Strawarna Melaka Berhad  MT 2898, Jalan TBBMT Utama,,Taman Bandar Baru Utama masji tanah melaka,",Pasar Mini,Melaka,Alor Gajah
21531.0,GADEK MINI MARKET,"GD 113,TAMAN SRI GADEK,78000, ALOR GAJAH, MELAKA,",Pasar Mini,Melaka,Alor Gajah
21533.0,RZ MAJU (PELADANG),"FRESHMART PELADANG, JALAN BESAR,,78000 Alor Gajah, Melaka,",Pasar Mini,Melaka,Alor Gajah
21534.0,RAHIM PALM OIL INDUSTRIES,"NO.SP 56, NO.SP 57, TAMAN, Jalan IKS Sungai Petai, Kampung Sungai Petai,,78000 Alor Gajah, Melaka,",Pasar Mini,Melaka,Alor Gajah
21536.0,GC FRESHMART,"JC 3486 & 3487, Jalan Jasin Perdana 1,,TAMAN JASIN PERDANA, 77200 Bemban, Melaka,",Pasar Mini,Melaka,Jasin
21537.0,TAI KAR TRADING,"JA 1770,PUSAT BANDAR BARU,,77000 JASIN,MELAKA,",Kedai Runcit,Melaka,Jasin
21539.0,KMB MINI MARKET,"7, Jalan TU 41, taman tasik,,75450 Ayer Keroh, Melaka,",Pasar Mini,Melaka,Melaka Tengah
21540.0,KIM HOCK SUPERMARKET SDN BHD,"SUBLOTS 25-29 IN LOT 609,KAPIT TOWN DISTRICT KAPIT,",Pasar Mini,Sarawak,Kapit
21541.0,I MART XCEL SDN BHD,"GROUND FLOOR  & FIRST FLOOR,LOT 313,,SONG TOWN DISTRICTS,",Kedai Runcit,Sarawak,Song
21542.0,GAYU MART SONG,"LOT 107,SONG TOWN DISTRICT,NO.22,JALAN LING CHAI TOH,",Kedai Runcit,Sarawak,Song
21543.0,PASARAYA JAYENG SBK,"NO 20, LORONG MEWAH 8,,TAMAN MEWAH, KAMUNTING,",Pasar Mini,Perak,"Larut, Matang & Selama"
21544.0,MK HYPERMART SDN BHD,"LOT 2266-2274, GROUND FLOOR LAKIL SHOPHOUSE,,JALAN MUHIBBAH,",Hypermarket,Sarawak,Limbang
21545.0,CHOON CHEONG DEPARTMENTAL STORE(LIMBANG) SDN BHD(MAIN),"LOT NO 61-62,BANK STREET,",Kedai Runcit,Sarawak,Limbang
21546.0,LBG SOON SENG SDN BHD(BRANCH),"UNIT NO 613-618, GROUND FLOOR,TAMAN DESA PABAHANAN,",Kedai Runcit,Sarawak,Limbang
21547.0,HAPPY MART,"LOT 17-18, GROUND FLOOR,JALAN MERDEKA,",Kedai Runcit,Sarawak,Limbang
21548.0,PG MART,"LOT 2432, GROUND FLOOR, LIMBANG TOWN DISTRICT,JALAN TARAP,",Kedai Runcit,Sarawak,Limbang
21549.0,S.AHMAD & SONS,"N0.64,,BANK STREET,",Kedai Runcit,Sarawak,Limbang
21550.0,SONICE TRADING,"LOT 46, LIMBANG TOWN DISTRICT,WAYANG STREET,",Kedai Runcit,Sarawak,Limbang
21551.0,CCK FRESHMART SDN BHD(MAIN),"LOT319, GROUND FLOOR,BANK STREET,",Kedai Runcit,Sarawak,Limbang
21552.0,CCK FRESHMART SDN BHD(BRANCH),"LOT 2356-2357, GROUND FLOOR, BANGUNAN LAKIL,JALAN BUANGSIOL,",Kedai Runcit,Sarawak,Limbang
21553.0,K&L FARMING INDUSTRIAL SDN BHD(LIMBANG),"LOT NO. 53,,WAYANG STREET,",Kedai Runcit,Sarawak,Limbang
21554.0,PERTAMA COLD STORAGE,"LOT 2324, GROUND FLOOR,MAIN BAZAAR,",Kedai Runcit,Sarawak,Limbang
21555.0,WENG HENG FRESHMART,"LOT 2385, GROUND FLOOR, SG. KUDONG SHOPHOUSE,JALAN BUANGSIOL,",Kedai Runcit,Sarawak,Limbang
21556.0,DUYAMAN ENTERPRISE,"LOT 13303-A,KEDAI RUNCIT KAMPUNG BANGGOL PERADONG,MANIR",Kedai Runcit,Terengganu,Kuala Terengganu
21557.0,PASAR BASAH SUARAH,"JALAN SUARAH,SIBU,",Pasar Basah,Sarawak,Sibu
21558.0,NZ SRI NASEK MINI MARKET TRADING,"1501, KAMPUNG GONG TOK NASEK,JALAN PANJI ALAM,",Kedai Runcit,Terengganu,Kuala Terengganu
21559.0,JUMBO GROCER,"NO 16-22, JALAN INDUSTRI PERMATA, +,SIBU JAYA,",Pasar Raya / Supermarket,Sarawak,Sibujaya
21560.0,TRELEAF CHABANG TIGA,"NO. 8, 9 & 10,PUSAT KOMERSIAL CHABANG TIGA,",Pasar Mini,Terengganu,Kuala Terengganu
21561.0,PASAR BASAH JAYA LIHUA,"LORONG PAHLAWAN 7A2,,SIBU,",Pasar Basah,Sarawak,Sibu
21562.0,PERNIAGAAN DOL & KELUARGA,"LOT 2712 B, C & D,LOSONG HAJI MAT SHAFIE,",Kedai Runcit,Terengganu,Kuala Terengganu
21563.0,PASAR BASAH TAMAN REJANG,"LORONG REJANG 3,,SIBU,",Pasar Basah,Sarawak,Sibu
21564.0,PASAR BASAH SUNGAI MERAH,"JALAN TUN ABANG HAJI OPENG,,SIBU,",Pasar Basah,Sarawak,Sibu
21565.0,MINI MARKET NOR AMALINA,"PT38500-A,JALAN BUKIT TOK BENG,",Kedai Runcit,Terengganu,Kuala Nerus
21566.0,PASAR BASAH GRAND HEIGHT,"JALAN MANTIS,,SIBU,",Pasar Basah,Sarawak,Sibu
21567.0,CCK FRESH MART (KANOWIT),"JALAN KUBU,KANOWIT,",Pasar Mini,Sarawak,Kanowit
21568.0,TOO MART FRESH MARKET,"LOT 5852 GROUND FLOOR,LORONG SIBU JAYA 3,",Pasar Mini,Sarawak,Sibujaya
21569.0,INDAI MART,"PEKAN STAPANG,JALAN STAPANG,",Pasar Raya / Supermarket,Sarawak,Selangau
21570.0,SIONG LEE COMPANY,"PEKAN STAPANG,JALAN STAPANG,",Pasar Raya / Supermarket,Sarawak,Selangau
21571.0,TING'S TRADING,"PEKAN STAPANG,JALAN STAPANG,",Pasar Raya / Supermarket,Sarawak,Selangau
21572.0,SYARIKAT STAPANG,"LOT 169 PEKAN STAPANG,JALAN STAPANG,",Pasar Raya / Supermarket,Sarawak,Selangau
21573.0,SALNI BOKHARI AZMAN DESA,"JALAN MASJID LAMA,KAMPUNG BELAWAI,",Kedai Runcit,Sarawak,Tanjung Manis
21574.0,CCK FRESH MART (LANANG),"N0. 2, GROUND FLOOR,JALAN UPPER LANANG,",Pasar Mini,Sarawak,Sibu
21575.0,CCL FRESH & MINI MARKET (SATRIA),"N0. 7, GROUND FLOOR,LORONG SATRIA 2B,",Pasar Mini,Sarawak,Sibu
21576.0,OCO MART,"PT 14660-14664,TAMAN TAPAI INDAH,",Kedai Runcit,Terengganu,Marang
21577.0,CCK FRESH MART (SALIM),"NO. 13, GROUND FLOOR,LORONG SALIM 17,",Pasar Mini,Sarawak,Sibu
21578.0,PASARAYA SERI INTAN SDN. BHD.,"LOT 70002, JALAN KUALA BERANG,BATU 8 1/2 PEKAN BUKIT PAYONG,",Kedai Runcit,Terengganu,Marang
21579.0,VNIKMART ENTERPRISE,"NO. 3350-A KAMPUNG RAHMAT,KUALA BERANG,",Kedai Runcit,Terengganu,Hulu Terengganu
21580.0,VILLAGE GROCER KIARA BAY,"G-23, KARYA  BAYU METROPOLITAN,51, PERSIARAN PUTRA BAYU,KEPONG",Pasar Raya / Supermarket,W.P. Kuala Lumpur,Kepong
21581.0,99 SPEEDMART TAMAN PUSAT KEPONG,"NO. 42 (G), JALAN 10/40,TAMAN PUSAT KEPONG,",Pasar Mini,W.P. Kuala Lumpur,Kepong
21582.0,PASARAYA IMART,"7 JALAN KUBU,,KANOWIT,",Pasar Raya / Supermarket,Sarawak,Kanowit
21583.0,SINYIN MART,"SUBLOT NO. 34-40, LOT 169-175,BLOK 14, GIGIS LAND DISTRICT,PEKAN SELANGAU",Pasar Mini,Sarawak,Selangau
21584.0,PASARAYA WELL MART TAMAN USAHAWAN,"B-G-24, JALAN METRO PERDANA 2,TAMAN USAHAWAN,KEPONG",Pasar Raya / Supermarket,W.P. Kuala Lumpur,Kepong
21585.0,PASAR MINI WELL MART TAMAN FADASON,"FLAT JINJANG UTARA, BLOK D,JALAN 2/17, TAMAN FADASON,",Pasar Mini,W.P. Kuala Lumpur,Kepong
21586.0,SUPER VALUE LAMAN RIMBUNAN,"NO. 66G & 68G, JALAN RIMBUNAN RAYA,LAMAN RIMBUNAN,KEPONG",Pasar Mini,W.P. Kuala Lumpur,Kepong
21588.0,NIK MAT FRESH,"PT1420, KAMPUNG KIJANG,JALAN PANTAI CAHAYA BULAN,",Pasar Mini,Kelantan,Kota Bharu
21589.0,ZAMREE FROZEN MART,"LOT PT7577 & 7578,TINGKAT BAWAH,PERKEDAIAN WAKAF TAPAI",Kedai Runcit,Terengganu,Marang
21590.0,DINAR MINI MARKET,"LOT 156, CABANG 3 PENGKALAN CHEPA,KOTA BHARU,",Pasar Mini,Kelantan,Kota Bharu
21591.0,SABASUN HYPERUNCIT AJIL,"NO.39- NO.47 BLOK E,PUSAT DAGANGAN AJIL,JALAN KUALA BERANG, PEKAN AJIL",Pasar Raya / Supermarket,Terengganu,Hulu Terengganu
21592.0,SALAMKU GROCERY SERING,"LOT 12081-12085,JALAN PULAU MELAKA, SERING,KOTA BHARU",Pasar Raya / Supermarket,Kelantan,Kota Bharu
21593.0,TUNAS MANJA SDN.BHD. (CAW PERAMU PEKAN),"NO.9-23, GROUND FLOOR,,SHAHZAN PUTERI GALLERIA,PERAMU JAYA INDUSTRIES AREA",Pasar Raya / Supermarket,Pahang,Pekan
21594.0,NORLAILI BINTI DAUD,"LOT 8 & 9 1/1, LORONG INTAN SATU,,PERAMU JAYA 03,,",Kedai Runcit,Pahang,Pekan
21595.0,BORONG MART,"LOT 8962 & 8963 HADAPAN SEK MEN AJIL,JALAN JERANGAU,",Kedai Runcit,Terengganu,Hulu Terengganu
21596.0,TRELEAF RHU MUDA,"LOT 1039 AZ2, AZ3, AZ4,JALAN DUNGUN,KAMPUNG RHU MUDA",Pasar Mini,Terengganu,Marang
21597.0,ALIAS MINI MARKET,"NO.3,BANGUNAN MARA,",Kedai Runcit,Terengganu,Marang
21598.0,SEGI FRESH ( PUDU ),"LOT 590,JALAN PUDU,",Pasar Raya / Supermarket,W.P. Kuala Lumpur,Cheras
21599.0,VILLAGE GROCER @ MYTOWN,"LOT NO B1, BASEMENT 1 LEVEL,MYTOWN SHOPPING CENTRE, JALAN COCHRANE,",Pasar Raya / Supermarket,W.P. Kuala Lumpur,Cheras
21600.0,PASAR SEMENTARA JALAN LENGKUAS,"JALAN SAN PENG,,PUDU,",Pasar Basah,W.P. Kuala Lumpur,Cheras
21601.0,PASAR HIJAU NENASI PANTAI,"NO.3,,KAMPUNG PANTAI NENASI,,",Kedai Runcit,Pahang,Pekan
21602.0,SUCCESSFUL GROCERY ENTERPRISE,"BT 145, KAMPUNG PANTAI NENASI,,NENASI,,",Kedai Runcit,Pahang,Pekan
21603.0,KEDAI UBAT & RUNCIT BAN SOON HENG,"NO 58, JALAN MEDN MIDAH,TAMAN MIDAH CHERAS,",Kedai Runcit,W.P. Kuala Lumpur,Cheras
21604.0,CB WHOLESALE MART,"No. 11G & 15G, Jalan Sri Permaisuri 9,,Bandar Sri Permaisuri, 56000 Kuala Lumpur.,",Pasar Raya / Supermarket,W.P. Kuala Lumpur,Bandar Tun Razak
21605.0,ECONSAVE EXPRESS,"NO 22 ( GROUND FLOOR ),JALAN MEDAH MIDAH, TAMAN MIDAH,",Pasar Mini,W.P. Kuala Lumpur,Cheras
21606.0,PASARAYA ARENA,"NO 103, VILLA KOMPLEKS,PUDU IMPIAN 3, PUDU ULU,",Pasar Raya / Supermarket,W.P. Kuala Lumpur,Cheras
21607.0,AI MINI MART,"NO 36 ( GROUND FLOOR ) LORONG 6C/91,TAMAN SHAMELIN PERKASA,",Pasar Mini,W.P. Kuala Lumpur,Cheras
21608.0,GIANT MINI PLAZA DWITASIK,"39, Jalan Dwitasik 1,Dataran Dwitasik Cheras, 56000 Kuala Lumpur,",Pasar Raya / Supermarket,W.P. Kuala Lumpur,Bandar Tun Razak
21609.0,CULINA BISTRO SHOPPES,"B1, SHOPPES @ FOUR SEASONS PLACE,,145 JALAN AMPANG,",Pasar Mini,W.P. Kuala Lumpur,Bukit Bintang
21610.0,OK SUPERMART,"NO 498-0-3 & 498-0-4, WISMA INDAH,JALAN TUN RAZAK,",Kedai Runcit,W.P. Kuala Lumpur,Cheras
21611.0,NAILATUL IZZAH ENTERPRISE,"235 JALAN MAHKOTA,TAMAN MALURI CHERAS,",Kedai Runcit,W.P. Kuala Lumpur,Cheras
21612.0,PASARAYA QUALITI MART,"15, Jalan Jujur 2,Bandar Tun Razak, Cheras, 56000 Kuala Lumpur.,",Pasar Raya / Supermarket,W.P. Kuala Lumpur,Bandar Tun Razak
21613.0,PASAR ICC PUDU,"JALAN 1/77C,PUDU,",Pasar Basah,W.P. Kuala Lumpur,Cheras
21614.0,PASAR MINI HOO HING,"NO 95,JALAN TIONG NAM,",Pasar Mini,W.P. Kuala Lumpur,Bukit Bintang
21615.0,PASARAYA HERO MARKET SUNGAI BESI,"46-58, Jalan Gangsa,,Sungai Besi, 57000 Kuala Lumpur,",Pasar Raya / Supermarket,W.P. Kuala Lumpur,Bandar Tun Razak
21616.0,NSK GROCER ( TIMES SQUARE ),"LG-34 & LG-60B, BERJAYA TIMES SQUARE,NO 1 JALAN IMBI,",Pasar Raya / Supermarket,W.P. Kuala Lumpur,Bukit Bintang
21617.0,ISETAN ( KLCC ),"ISETAN OF JAPAN STORE SDN BHD,SURIA KLCC,",Pasar Raya / Supermarket,W.P. Kuala Lumpur,Bukit Bintang
21618.0,PASARAYA HOME FRESH GROCER PERMAISURI,"G04-G07 & 1-05-1-08, Anggun Lumayan, 18,,Jalan Tasik Permaisuri 2, Bandar Tun Razak, 56000 Kuala Lumpur.,",Pasar Raya / Supermarket,W.P. Kuala Lumpur,Bandar Tun Razak
21619.0,NSK GROCER ( QUILL CITY MALL ),"LG-10-21, LOWER GROUND, QUILL MALL CITY MALL,JALAN SULTAN ISMAIL,",Pasar Raya / Supermarket,W.P. Kuala Lumpur,Bukit Bintang
21620.0,PASARAYA HARIAN BHUIYEN SDN BHN,"LOT 21 NO 3 JALAN SUASA 5,PEKAN SUNGAI BESI 57000 CHERAS KUALA LUMPUR,",Pasar Mini,W.P. Kuala Lumpur,Bandar Tun Razak
21621.0,MERCATO TRX,"C AT .2 LEVEL CONCOURSE, THE EXCHANGE TRX,,LOT NO PT 157,SEKSYEN 67 KL",Pasar Raya / Supermarket,W.P. Kuala Lumpur,Bukit Bintang
21622.0,ISETAN ( LOT 10 ),"ISETAN OF JAPAN STORE SDN BHD,50 JALAN SULTAN ISMAIL,",Pasar Mini,W.P. Kuala Lumpur,Bukit Bintang
21623.0,SUASANA CONVENIENCE MART,"Suasana Lumayan Condo,No 10 Jalan Tasik Permaisuri 2, Bandar Tun Razak, 56000 Kuala Lumpur.,",Pasar Mini,W.P. Kuala Lumpur,Bandar Tun Razak
21624.0,SEIBU TRX,"SOGO (KL) DEPARTMENT STORE SDN BHD,C.AT.1G.AT.1L1.AT.1& L2.AT.1,,PERSIARAN TRX, TUNRAZAK EXCHANGE",Pasar Raya / Supermarket,W.P. Kuala Lumpur,Bukit Bintang
21625.0,M&K MINI MARKET,"19, Tingkat Bawah, Jalan Selimang,,Taman Tenaga, 56000 Cheras,  Kuala Lumpur,",Pasar Mini,W.P. Kuala Lumpur,Bandar Tun Razak
21626.0,SELECTIONS GROCERIES ( WISMA LIM FOO YONG ),"LOT G-07WISMA LIM FOO YONG,NO. 86 JALAN RAJA CHULAN,",Pasar Raya / Supermarket,W.P. Kuala Lumpur,Bukit Bintang
21627.0,KEDAI RUNCIT BELUKAR EMAS TRADING,"3, Jalan 10/144A,Taman Bukit Cheras, 56000 Kuala Lumpur.,",Kedai Runcit,W.P. Kuala Lumpur,Bandar Tun Razak
21629.0,BILA BILA MART NIDOZ RESIDENCES,"G-03A & G-03, Nidoz Residences Residensi Bayan Desa Petaling,No, 22A, Jln 2/125, Desa Petaling, 57100 Kuala Lumpur.,",Pasar Mini,W.P. Kuala Lumpur,Bandar Tun Razak
21630.0,BHUIYEN K ( JALAN PETALING ),"NO 5 TINGKAT BAWAH,JALAN PETALING,",Pasar Raya / Supermarket,W.P. Kuala Lumpur,Bukit Bintang
21631.0,SALAMKU GROCERY PENGKALAN CHEPA,"LOT 3377-3385, TINGKAT BAWAH, TAMAN KURNIA JAYA,PENGKALAN CHEPA,KOTA BHARU",Pasar Raya / Supermarket,Kelantan,Kota Bharu
21632.0,81 SPEEDMART GRAB & GO,"LOT 2041, KAMPUNG WAKAF STAN,KOTA BHARU,",Pasar Mini,Kelantan,Kota Bharu
21633.0,EMART BOULEVARD KUCHING,"Block 16, KCLD, Boulevard Shopping Mall,,Lot 9324,Jalan Datuk Tawi Sli, Taman Seng Goon,",Pasar Raya / Supermarket,Sarawak,Kuching
21634.0,TAI KWONG SUPERMARKET,"GROUND FLOOR, TIMES SQUARE MEGAMALL NO 1,,BEVERLY HILLS ESTATE, JALAN TUN HUSSEIN ONN,97000 BINTULU SARAWAK",Pasar Raya / Supermarket,Sarawak,Bintulu
21635.0,GT CASH & CARRY ENTERPRISE BINJAI,"LOT 944, JALAN WAKAF STAN,KAMPUNG PADANG PADUKA,KOTA BHARU",Pasar Mini,Kelantan,Kota Bharu
21636.0,J5 MART SDN BHD,"SUBLOT 11-19, PHASE 3,,LOT 773, KEMENA LAND DISTRICT,97000 BINTULU,",Pasar Raya / Supermarket,Sarawak,Bintulu
21637.0,CCK FRESH MART KOTA SENTOSA,"Unit No:1,Block 9, Commercial Centre, Jalan Tapang, Kota Sentosa,-,-",Pasar Mini,Sarawak,Kuching
21638.0,DOREMART SDN BHD,"S/L 43A-E(I), 43-G©, 45-E(I), 46-E(I),47-E(I),48-E(I) 49-E(I),50-E(I),51-E(I),52-F©, 53-F©,Lot 419 & Lot 16675, Blk 32, KLD Jln Tun Sultan Iskandar 97000 Bintulu Sarawak,",Pasar Raya / Supermarket,Sarawak,Bintulu
21639.0,CHUONG CHOO FRESHMART,"NO 2723-1-14, BINTULU TOWN DISTRICT, NO G-11,NO G-11, LI HUA PLAZA, MAIN BAZAAR ROAD, 97000 BINTULU, SARAWAK,",Kedai Runcit,Sarawak,Bintulu
21640.0,KSK FAMILY MART SDN BHD,"NO.38,39,40, G/F,JALAN MAIN BAZAAR, 97000 BINTULU SARAWAK,",Kedai Runcit,Sarawak,Bintulu
21641.0,HUA SENG (1998) MINI MARKET,"NO 370 & 371, TAMAN LI HUA,,JALAN TUN HUSSEIN ONN, 97000 BINTULU,",Kedai Runcit,Sarawak,Bintulu
21642.0,ELIANE TRADING COMPANY,"NO. 190, G/F KEMENA COMMERCIAL CENTRE,TANJUNG BATU ROAD, 97000 BINTULU SARAWAK,",Kedai Runcit,Sarawak,Bintulu
21643.0,EVERWIN SUPERMARKET KOTA SENTOSA,"Block 233. SL 31-40, Lee Ling Heights 6 1/ 2 Miles,,Jalan Penrissen,,",Pasar Raya / Supermarket,Sarawak,Kuching
21644.0,CHOP LIAN HENG,"NO 16, MAIN BAZAAR,97100 SEBAUH, SARAWAK,",Kedai Runcit,Sarawak,Sebauh
21645.0,KIM HOCK SUPERMARKET SARIKEI SDN BHD,"NO. 17, 19, 21, 23, 25, 27, 29, 31,JALAN NANAS 3,",Pasar Raya / Supermarket,Sarawak,Sarikei
21646.0,WELLCOME ENTERPRISE,"NO.15, JALAN KELUPU, 96500 BINTANGOR, SARAWAK,NO.15, JALAN KELUPU, 96500 BINTANGOR, SARAWAK,",Kedai Runcit,Sarawak,Meradong
21647.0,CHUONG HENG TRADING,"NO.11 SEBAUH BAZAAR,,97002 SEBAUH, SARAWAK,",Kedai Runcit,Sarawak,Sebauh
21648.0,DOREMART SDN BHD,"LOT 12-18, 0N PARENT LOT 1828,,BLOCK 36, SARIKEI LAND DISTRICT, JALAN GETAH,",Pasar Raya / Supermarket,Sarawak,Sarikei
21649.0,MDS MART (TATAU) SDN BHD,"LOT 471, BLOCK 22, BUAN LAND DISTRICT,97200 TATAU SARAWAK,",Pasar Raya / Supermarket,Sarawak,Tatau
21650.0,GFRESH MART SDN. BHD (JAKAR),"SUBLOT 2 TO 8 (SURVEY LOT 785 TO LOT 791),BEING PART OF LOT 552 BLOCK 106,,SARIKEI LAND DISTRICT, JAKAR ROAD,",Pasar Raya / Supermarket,Sarawak,Sarikei
21651.0,H.K. MARKET,"NO 12, NEW TOWN,97200 TATAU SARAWAK,",Kedai Runcit,Sarawak,Tatau
21652.0,ECONSAVE CASH & CARRY (EM) SDN. BHD,"BINATANG LEASE 47166,,LOT 978 (NEW LOTS 1170-1175), JALAN COURT, WARD 12/850,BINATANG TOWN DISTRICT",Pasar Raya / Supermarket,Sarawak,Meradong
21653.0,DOREMART SDN. BHD (PASAR BORONG),"LOT 634, BLOCK 36,,SARIKEI LAND DISTRICT,",Pasar Raya / Supermarket,Sarawak,Sarikei
21654.0,CCK FRESH MART (KOTA PADAWAN BRANCH),"Lot 1682,Block 71,121, KCLD,,Jalan Penrissen & Pekan Batu 10,,Kota Padawan,  Siburan, Sarawak",Pasar Mini,Sarawak,Kota Padawan
21655.0,PASARAYA MYDIN PANTAI DALAM,"51624, JALAN PANTAI DALAM,TAMAN PANTAI INDAH,",Pasar Raya / Supermarket,W.P. Kuala Lumpur,Lembah Pantai
21656.0,EMART KING CENTRE,"Ground Floor, Survey Lot 11211 of Parent Lot 10816,,Section 64,,",Pasar Raya / Supermarket,Sarawak,Kuching
21657.0,MARYAM MINI MART,"13-0-3, JALAN 2/11A,BUKIT ANGKASA, PANTAI DALAM,",Pasar Mini,W.P. Kuala Lumpur,Lembah Pantai
21658.0,PASARAYA TMG MART EKO CITY,"LOT NO. 2-12, 13, 14 & 15, LEVEL 2, KL ECO CITY MALL,PANTAI BARU, JALAN BANGSAR,",Pasar Raya / Supermarket,W.P. Kuala Lumpur,Lembah Pantai
21659.0,KEDAI RUNCIT SENYUM SELALU,"LOT 133A, KG.JERAM,,JALAN KUANTAN BESERAH,,",Kedai Runcit,Pahang,Kuantan
21660.0,DOREMART @ TROPICS CITY,"85, Lorong Tabuan Dayak 16,,-,-",Pasar Raya / Supermarket,Sarawak,Kuching
21661.0,CHOICE SEMARIANG,"MAHSURI RIA SDN BHD,Lot 13968, Section 65, KTLD,,Unit 3-9, Semariang Centre, Jalan Semariang,Petra Jaya,",Pasar Raya / Supermarket,Sarawak,Kuching
21662.0,PASARAYA WELL MART PANTAI MURNI,"51624, JALAN PANTAI DALAM,TAMAN PANTAI INDAH,",Pasar Raya / Supermarket,W.P. Kuala Lumpur,Lembah Pantai
21663.0,PASAR SEGAR MAYA,"NO. 1-G, JALAN 2/112F, PANTAI INDAH,JALAN PANTAI DALAM,",Pasar Mini,W.P. Kuala Lumpur,Lembah Pantai
21664.0,EMART XPRESS SUKMA RIA,"Lot 1467, 1468 and 1469,,Block 14 Salak Land District, Jalan Sultan Tengah, Petra Jaya,,",Pasar Raya / Supermarket,Sarawak,Kuching
21667.0,WLS ENTERPRISE SDN BHD KUBANG KERIAN,"LOT 1377,,JALAN RAJA PEREMPUAN ZAINAB 2,,KUBANG KERIAN,  KOTA BHARU",Pasar Mini,Kelantan,Kota Bharu
21670.0,WLS ENTERPRISE SDN BHD - TUMPAT,"PT 3863-3867 JALAN SETIA 5,,BANDAR BARU TUMPAT,TUMPAT",Pasar Mini,Kelantan,Tumpat
21671.0,WLS ENTERPRISE SDN BHD - TELAGA BATA TUMPAT,"LOT 2481, CHABANG EMPAT,CHABANG EMPAT  TELAGA BATA,,TUMPAT",Pasar Mini,Kelantan,Tumpat
21672.0,WLS ENTERPRISE SDN BHD - KG CHERANG,"PT 538-542, KAMPUNG CHERANG,,JALAN HOSPITAL,,KOTA BHARU",Pasar Mini,Kelantan,Kota Bharu
21673.0,IRFAN CEMERLANG ENTERPRISE,"NO. 7/5097, JLN PERMATANG BADAK BARU 1,,KG. PERMATANG BADAK,,",Kedai Runcit,Pahang,Kuantan
21674.0,WLS ENTERPRISE SDN BHD - SEKEBUN BUNGA,"PT 116, KG SERENDAH,KETEREH,",Pasar Mini,Kelantan,Kota Bharu
21675.0,NORMAN SHER ENTERPRISE,"LOT 4162,,KG. PERMATANG BADAK,,",Kedai Runcit,Pahang,Kuantan
21676.0,SALAMKU XTRA - KOTA JEMBAL SDN BHD,"LOT 13870, JALAN RAJA BAHAR,,OFF JALAN TAWANG,,KOTA JEMBAL, BACHOK",Pasar Raya / Supermarket,Kelantan,Bachok
21677.0,WLS ENTERPRISE SDN BHD - PANJI,"LOT 2021-2023,,KAMPUNG CHEMPAKA,JALAN PANJI, KOTA BHARU",Pasar Mini,Kelantan,Kota Bharu
21678.0,PASARAYA HUP SENG,"A179 & A181, JLN PANADAN DAMAI 2/1,,TMN LUBUK PUYU,,JLN KUANTAN BYPASS,",Pasar Mini,Pahang,Kuantan
21679.0,NIK AMALINA NIK AMAN,"S/45, LOT 48-L,,KAMPUNG BERIS JAMBU,PENGKALAN CHEPA, KOTA BHARU",Pasar Mini,Kelantan,Kota Bharu
21680.0,PKT MULONG,"LOT 1696, JALAN KUALA KRAI,,KEDAI MULONG,,KOTA BHARU",Pasar Raya / Supermarket,Kelantan,Kota Bharu
21681.0,WLS ENTERPRISE SDN BHD (SUNGAI KELADI),"PT 72A-75A,,TINGKAT BAWAH,,JALAN ATAS BANGGOL, KOTA BHARU",Pasar Mini,Kelantan,Kota Bharu
21682.0,SRI JAYA MM TRADING,"PT 350,,PASAR MELOR,KOTA BHARU",Kedai Runcit,Kelantan,Kota Bharu
21683.0,BERKAT YUSRI HOLDING SDN BHD (PASIR TUMBOH),"LOT 6606, 6608-A, 6607-B, 6607-G,CHABANG EMPAT LIMBAT,KOTA BHARU",Pasar Mini,Kelantan,Kota Bharu
21684.0,WLS ENTERPRISE SDN BHD - KOK LANAS,"PT 5055-5059 KOMPLEKS PERNIAGAAN SAIDINA ALI,JALAN KUALA KRAI,KETEREH",Pasar Mini,Kelantan,Kota Bharu
21685.0,HAPPY FARM FRESH MART MATANG,"Ground Floor, Lot 14948 & 14949 Sec 65, KTLD,,Jln Datuk Haji Daud Bin Abdul Rahman,,",Pasar Mini,Sarawak,Kuching
21686.0,GOLDEN DRAGON CITY ENTERPRISE SDN BHD (METROCITY),"Sublot 44, Golden Dragon City, 54,,Q309, Petra Jaya,",Pasar Raya / Supermarket,Sarawak,Kuching
21687.0,BORNEO SUPERMARKET KUCHING,"Lot 14294-14299, Taman Fah Tah,,Metreocity, Q309,,",Pasar Raya / Supermarket,Sarawak,Kuching
21688.0,LEPAPA HYPERMARKET @ TASIK BIRU BAU,"Lepapa Hypermarket, Tasik Biru Resort City, ,,Senggi Poak Land District, Jalan Tasik Biru By Pass,,",Hypermarket,Sarawak,Bau
21689.0,BINTANG FRESH TASEK GELUGOR,"NO 133, 135, 137, 139, 141, 143 & 145 PERSIARAN TASEK GELUGOR UTAMA,TAMAN TASEK GELUGOR UTAMA,",Pasar Mini,Pulau Pinang,Seberang Perai Utara
21690.0,PASARAYA ECONO JAYA TASEK GELUGOR,"N0 151-153-1, 155-1, 157-1 & 159-1,JALAN TASEK GELUGOR UTAMA,",Pasar Mini,Pulau Pinang,Seberang Perai Utara
21691.0,EVERWIN CENTRE SDN BHD - BAU BRANCH,"Sl 9-16,Pl 864, Block 9,,Senggi Poak Land District,,",Pasar Raya / Supermarket,Sarawak,Bau
21693.0,CCK FRESH MART (BAU BRANCH),"Ground Floor, No 21, Lot, No 458,,Jalan Datuk Salau, Bau Town District,",Pasar Mini,Sarawak,Bau
21694.0,PASAR SEGAR HR IMPIAN,"NO 1 PERSIARAN SEKSYEN 6/1,BANDAR PUTRA BERTAM,",Pasar Mini,Pulau Pinang,Seberang Perai Utara
21695.0,MF SEJAHTERA BARU,"NO 31 JALAN SHAH BANDAR 2,BERTAM PERDANA 3,",Pasar Mini,Pulau Pinang,Seberang Perai Utara
21696.0,AYAM MAHKOTA SAMAINDAH (BANDAR RIYAL),"Yeung Lok Coldstorage Sdn Bhd  Ground Floor Sublot 14,,Jln Mohd Musa, Bandar Riyal,",Pasar Mini,Sarawak,Kota Samarahan
21697.0,SERI AL NUR HOLDINGS SDN BHD,"Lundu Bazaar, 67, Jln Melintang,,Pekan Lundu,",Kedai Runcit,Sarawak,Lundu
21699.0,CCK FRESH MART (LUNDU BRANCH),"Lot 209, GR GL,,Lundu Bazaar,",Kedai Runcit,Sarawak,Lundu
21700.0,YAK GUAN EXPRESS,"Pekan Lundu,,-,-",Kedai Runcit,Sarawak,Lundu
21701.0,JOKIBEH ENTERPRISE,"LOT NO. 598B,JALAN SULTAN MAHMUD,KUALA IBAI",Kedai Runcit,Terengganu,Kuala Terengganu
21702.0,ECONSAVE EXPRESS SDN BHN,"NO 45&47 GF JALAN 5/76B,DESA PANDAN 55100 KUALA LUMPUR,",Pasar Raya / Supermarket,W.P. Kuala Lumpur,Titiwangsa
21703.0,PASARAYA FRESH GROCER TAMAN SRI SEGAMBUT,"JALAN RESIDENSI SUNGAI UDANG,TAMAN SRI SEGAMBUT,",Pasar Raya / Supermarket,W.P. Kuala Lumpur,Segambut
21704.0,SUPERVALUE DESA PANDAN,"32 JALAN 1/76D,DESA PANDAN 55100 KUALA LUMPUR,",Pasar Mini,W.P. Kuala Lumpur,Titiwangsa
21705.0,AEON SUPERMARKET UNITED POINT,"LOT LG-03, LEVEL G, UNITED POINT,10, JALAN LANG EMAS,SEGAMBUT",Pasar Raya / Supermarket,W.P. Kuala Lumpur,Segambut
21706.0,BEN'S INDEPENDENT GROCER PUBLIKA,"LOT 1A, 83-95,JALAN DUTAMAS 1,",Pasar Raya / Supermarket,W.P. Kuala Lumpur,Segambut
21707.0,MYDIN CHOW KIT EMPORIUM,"JALAN TUANKU ABDUL RAHMAN,50100 KUALA LUMPUR,",Pasar Mini,W.P. Kuala Lumpur,Titiwangsa
21708.0,99 SPEEDMART TAMAN JELUTONG,"NO 18 & 19(G), LORONG JELUTONG 1/1,,TAMAN JELUTONG,CHANGLUN, KEDAH",Pasar Mini,Kedah,Kubang Pasu
21709.0,REDTICK SUPERMARKET,"10, JALAN SERI BINTANG,SEGAMBUT,",Pasar Raya / Supermarket,W.P. Kuala Lumpur,Segambut
21710.0,99 SPEEDMART TAMAN TENGKU MAHERAN,"NO 11 & 12 (G), JALAN TENGKU MAHERAN 2,,TAMAN TENGKU MAHERAN,,BANDAR DARULAMAN, JITRA, KEDAH",Pasar Mini,Kedah,Kubang Pasu
21712.0,THE FOOD MERCHANT,"KOMPLEKS PAVILION EMBASSY,200 JALAN AMPANG 50450 KUALA LUMPUR,",Pasar Raya / Supermarket,W.P. Kuala Lumpur,Titiwangsa
21713.0,99 SPEEDMART PUSAT BANDAR BARAT,"NO 64 & 65(G),,PUSAT BANDAR BARAT,JITRA, KEDAH",Pasar Mini,Kedah,Kubang Pasu
21714.0,99 SPEEDMART TAMAN SRI BINTANG,"NO. 25, JALAN 3/36,BUKIT SRI BINTANG,",Pasar Mini,W.P. Kuala Lumpur,Segambut
21715.0,PASAR MINI NAVISHA,"39, JALAN 3/62B,BANDAR MENJALARA,",Pasar Mini,W.P. Kuala Lumpur,Segambut
21716.0,99 SPEEDMART TAMAN MELUR,"NO M40 & M41 (G), JALAN MELUR 1,,TAMAN MELUR, JALAN WANG TEPUS,,JITRA, KEDAH",Pasar Mini,Kedah,Kubang Pasu
21717.0,99 SPEED MART SDN BHD PUSAT PERNIAGAAN KETARI,"NO. TB-P1 & TB-P2 (G), PUSAT PENIAGAAN KETARI,,BENTONG,",Pasar Mini,Pahang,Bentong
21718.0,99 SPEEDMART PEKAN JITRA DUA,"NO 108,(G), JALAN PEKAN JITRA 2,,PEKAN JITRA 2,JITRA, KEDAH",Pasar Mini,Kedah,Kubang Pasu
21719.0,GAERAI RUNCIT LEONG KEE,"65, PASAR BESAR,PASAR BESAR RAUB,",Kedai Runcit,Pahang,Raub
21720.0,PASARAYA BHUIYEN K CHOWKIT,"NO 79&81 JLN HJ HUSSEIN,50300 KUALA LUMPUR,",Pasar Raya / Supermarket,W.P. Kuala Lumpur,Titiwangsa
21721.0,PASARAYA CMART BANDAR DARULAMAN,"NO 21, JALAN INDUSTRI DARULAMAN 1,,KAWASAN PERUSAHAAN BANDAR DARULAMAN,,JITRA, KEDAH",Pasar Raya / Supermarket,Kedah,Kubang Pasu
21722.0,MCM UTARA TRADING (BANDAR DARULAMAN),"NO 39,PUSAT BANDAR DARULAMAN,,JITRA, KEDAH,",Kedai Runcit,Kedah,Kubang Pasu
21723.0,MEMI ZOOO ZOOO @ TR RESIDENCE,"G1 RESIDENCE TUN RAZAK,83 JLN PEKELILING LAMA 50400 KUALA LUMPUR,",Kedai Runcit,W.P. Kuala Lumpur,Titiwangsa
21724.0,99 SPEED MART SDN BHD TAMAN WAWASAN RAUB,"NO. 42 & 43 (G),,TAMAN WAWASAN,",Pasar Mini,Pahang,Raub
21725.0,SIRY ENTERPRISE,"NO 177,178 & 179,,PEKAN JITRA 2,,JITRA, KEDAH",Kedai Runcit,Kedah,Kubang Pasu
21726.0,FONG MINI MARKET,"NO.6, JLN BISTARI DUA,,TAMAN BISTARI,",Kedai Runcit,Pahang,Raub
21727.0,URBAN MARKET PLACE SENTUL POINT,"LOT AG-3, SENTUL POINT,NO. 8, JALAN SENTUL PERDANA,",Pasar Raya / Supermarket,W.P. Kuala Lumpur,Batu
21728.0,PASARAYA KAWANG AYER HITAM,"NO 3, BATU 12, PEKAN AIR ITAM,,MUKIM JERLUN,,KUBANG PASU, KEDAH",Pasar Raya / Supermarket,Kedah,Kubang Pasu
21729.0,DMART SEGI SDN BHD FELDA LURAH BILUT,"DMART SEGI SDN BHD FELDA LURAH BILUT,FELDA LURAH BILUT,",Pasar Mini,Pahang,Bentong
21730.0,URBAN MARKETPLACE PINNACLE SRI PETALING,"LG-01 PINNACLE SRI PETALING MALL,JALAN RADIN ANUM 1 BANDAR BARU SRI PETALING 57000 KUALA LUMPUR,",Pasar Raya / Supermarket,W.P. Kuala Lumpur,Seputeh
21731.0,TMG EXPRESS 3000 SDN BHD (CAW RAUB) TAMAN SERI WAWASAN,"NO. 1-G, 2-G & 3-G, GROUND FLOOR,,LORONG SERI WAWASAN 1,,TAMAN SERI WAWASAN,",Pasar Raya / Supermarket,Pahang,Raub
21732.0,MARWAH SPEED MART,"41,,PUSAT PERNIAGAAN BENTONG MAJU,,",Pasar Mini,Pahang,Bentong
21733.0,MEMA'S GROCER SRI PETALING,"G-02 HIJAUAN ASTER SRI PETALING,JALAN 2/149 TAMAN SALAK SELATAN 57000 KUALA LUMPUR,",Pasar Raya / Supermarket,W.P. Kuala Lumpur,Seputeh
21734.0,PASAR MINI FAA,"63-1 JALAN RADIN ANUM 1 BANDAR BARU SRI PETALING,57000 KUALA LUMPUR,",Pasar Mini,W.P. Kuala Lumpur,Seputeh
21735.0,PASARAYA CM SDN BHD,"49 JALAN RADIN BAGUS BANDAR SRI PETALING,57000,",Pasar Mini,W.P. Kuala Lumpur,Seputeh
21736.0,SABASUN HYPERRUNCIT SDN. BHD.,"PLOT A LOT 12553,JALAN MERBUK,",Pasar Raya / Supermarket,Terengganu,Dungun
21737.0,PASAR RAYA AA TEGUH,"NO 18, 20, 22 & 24 LORONG PANGLIMA 4,BERTAM PERDANA 3,",Pasar Mini,Pulau Pinang,Seberang Perai Utara
21738.0,QMART MARKETING SDN. BHD.,"LOT 6121-1-6121-3,JALAN BESAR,KAMPUNG BALAI BESAR",Pasar Mini,Terengganu,Dungun
21739.0,GIANT MINI (JUTARIA GEMILANG SDN BHD),"30 JALAN 3/109C TAMAN ABADI INDAH,TAMAN DESA,",Pasar Raya / Supermarket,W.P. Kuala Lumpur,Seputeh
21740.0,NISAR TRADING,"LOT 71444 A- LOT 71444 C,MUKIM KUALA DUNGUN,KAMPUNG ALOR TEMBESU",Pasar Mini,Terengganu,Dungun
21741.0,PAKA MART,"LOT 268 JALAN TSP 4/1,TAMAN SEBERANG PAKA,PAKA",Pasar Mini,Terengganu,Dungun
21742.0,KITA FRESH AND FROZEN MART,"PERSIARAN DESA SERAYA 2,,DESA SERAYA,,ALOR SETAR, KEDAH.",Pasar Raya / Supermarket,Kedah,Kota Setar
21743.0,BS FRESHMART,"LOT 71863-71867,JALAN ALOR TEMPOYAK,KG. ALOR TEMPOYAK",Pasar Mini,Terengganu,Dungun
21745.0,GT CASH & CARRY ENTERPRISE (PANCHOR),"LOT 1247, MUKIM PANCHOR,,PANJI,",Pasar Mini,Kelantan,Kota Bharu
21746.0,ANDALUSIA MINI MARKET,"LOT 126, KG CHEMPAKA,,PENGKALAN CHEPA,",Kedai Runcit,Kelantan,Kota Bharu
21747.0,BAYAM JAYA ENTERPRISE,"PT 827-A, JALAN WAKAF STAN,KUBANG KERIAN,",Kedai Runcit,Kelantan,Kota Bharu
21748.0,TL MART SDN BHD - KG BARU,"NO. 6,7,8 JALAN BACHOK,,KG KEDAI BARU,",Pasar Mini,Kelantan,Bachok
21749.0,WLS ENTERPRISE SDN BHD- SERING,"PT1387-A2, A3, A4,KG PULAU BELANGA, SERING,",Pasar Mini,Kelantan,Kota Bharu
21750.0,KEDAI RUNCIT HANANMART,"HANAN MART SDN. BHD.,LOT 6220 JALAN KEMAMAN/DUNGUN,KAMPUNG BARU, KERTEH",Kedai Runcit,Terengganu,Kemaman
21751.0,PASARAYA PANTAI SELAMAT (CUKAI) SDN. BHD.,"K 1338-K 1345,JALAN ABDUL RAHMAN,CUKAI",Pasar Raya / Supermarket,Terengganu,Kemaman
21752.0,WLS ENTERPRISE SDN BHD- KOTA JEMBAL,"PT663-665, JALAN SULTAN OMAR,,KOTA JEMBAL,",Pasar Mini,Kelantan,Kota Bharu
21753.0,SRI LALANG MINI MARKET,"PT 6124, TAMAN SRI LALANG,,MUKIM TELONG,,BACHOK",Pasar Mini,Kelantan,Bachok
21754.0,RAHIMI BIN YAAKUB MINI MART ECONSAVE,"PT 1 LOT 2326,,KEDAI DEWAN BETA,KOTA BHARU",Pasar Mini,Kelantan,Kota Bharu
21755.0,SM MART TRADING,"LORONG GONG LIMAU 1,KG. GONG LIMAU,CUKAI",Kedai Runcit,Terengganu,Kemaman
21756.0,CIK ZAA MINI MARKET,"LOT 1936/A, KAMPUNG KASA,,JALAN PASIR PEKAN,",Kedai Runcit,Kelantan,Pasir Mas
21757.0,MERANTI MAJU (MM) MART,"LOT 1876,,KAMPUNG MERANTI,,",Kedai Runcit,Kelantan,Pasir Mas
21758.0,PASARAYA PKT (WAKAF BHARU) SDN.BHD,"LOT 3,4&5,WISMA MDT 2,DEPAN PASAR WAKAF BHARU,TUMPAT KELANTAN",Pasar Mini,Kelantan,Tumpat
21759.0,HASMAH MINI MARKET,"LOT 741-A, BEREK 12,,JALAN ABDUL KADIR ADABI,,KOTA BHARU",Pasar Mini,Kelantan,Kota Bharu
21760.0,LIZZA MINI MARKET,"LOT 25/26 KEDAI MULONG,BATU 6 1/2, JALAN KUALA KRAI,KOTA BHARU KELANTAN",Pasar Mini,Kelantan,Kota Bharu
21761.0,AD MOHD ENTERPRISE,"PT 781,,KG MANOK, MULONG,KOTA BHARU",Pasar Mini,Kelantan,Kota Bharu
21762.0,PASAR KEDAI MULONG,"466,JALAN KUALA KRAI,KOTA BHARU,KELANTAN",Pasar Basah,Kelantan,Kota Bharu
21763.0,D'MART SEGI FRESH,"D'MART SEGI SDN. BHD.,FELDA NERAM 02,",Kedai Runcit,Terengganu,Kemaman
21764.0,PASARAYA BORONG SYUHADA,"PT 4959, 4960, 4961 & 4962,,TAMAN KOTA HARMONI,,",Pasar Mini,Kelantan,Tanah Merah
21765.0,SYNERGY R & W SDN.BHD (SRW),"PT 225 & 226,,KG WAKAF ZIN,,TAWANG, BACHOK",Pasar Mini,Kelantan,Bachok
21766.0,IRSYAD MART,"TAMAN SUTERAMAS,SUSUR SUTERAMAS,MAK CHILI",Pasar Mini,Terengganu,Kemaman
21767.0,HOME-U GERONG,"LOT 1955, CABANG TIGA GERONG,PALEKBANG,TUMPAT KELANTAN",Pasar Mini,Kelantan,Tumpat
21768.0,SALAMKU ACTIVE STOR,"JLN PASIR MAS - TANAH MERAH,,TANAH MERAH,",Pasar Mini,Kelantan,Tanah Merah
21769.0,PASARAYA TT MAJU - KG BERANGAN,"417-B, KEDAI KAMPUNG BERANGAN,TUMPAT,",Pasar Mini,Kelantan,Tumpat
21770.0,KEDAI RUNCIT INDAH PURNAMA ENTERPRISE-BACHOK,"LOT 998 CHABANG TIGA MELAWI,JALAN KANDIS KAMPUNG REPEK,BACHOK KELANTAN",Pasar Mini,Kelantan,Bachok
21771.0,HOME-U SDN.BHD PENGKALAN CHEPA,"S/36 LOT 1745,,CABANG 3, PENGKALAN CHEPA,KOTA BHARU",Pasar Mini,Kelantan,Kota Bharu
21772.0,KEDAI RUNCIT A-1 SYUKUR ENTERPRISE 2,"PT-15977, LOT 734 (GM8861),KAMPUNG JAYA MUKIM,CHUKAI",Kedai Runcit,Terengganu,Kemaman
21773.0,TL MART KG  KEDAI BARU,"NO.6,7,8 JALAN BACHOK,KG KEDAI BARU,KOTA BHARU KELANTAN",Pasar Mini,Kelantan,Kota Bharu
21774.0,WARISAN DAILY MART SDN BHD BELUKAR,"PT 2334-E,,KAMPUNG BELUKAR,WAKAF BHARU",Pasar Mini,Kelantan,Tumpat
21775.0,KEMAMAN JAYA TRADING,"PT-12756,RUMAH KEDAI KG. JAYA BATU 2,JALAN AIR PUTIH",Kedai Runcit,Terengganu,Kemaman
21776.0,PANTAI TIMOR MART SALOR-PENDEK,"PT 3391-3392, TINGKAT BAWAH, KG KOTA,JALAN PASIR MAS SALOR,KOTA BHARU KELANTAN",Pasar Mini,Kelantan,Kota Bharu
21777.0,WARISAN DAILY MART SDN BHD - CHABANG EMPAT,"LOT 1357,,HADAPAN SEKOLAH ARAB, CHABANG EMPAT,,PEKAN CHABANG EMPAT",Pasar Mini,Kelantan,Tumpat
21778.0,PASARAYA TT MAJU-PENGKALAN KUBOR,"LOT 1025,,KG GENTING, PENGKALAN KUBOR,TUMPAT, KELANTAN",Pasar Mini,Kelantan,Tumpat
21779.0,BUKHARY MART SDN BHD-MELOR,"LOT 2426,KAMPUNG MAHLIGAI,BACHOK KELANTAN",Pasar Mini,Kelantan,Bachok
21780.0,ABCD PALACE SDN BHD,"LOT 231,,BANDAR PASIR PUTEH,PASIR PUTEH",Pasar Mini,Kelantan,Pasir Puteh
21781.0,PANTAI TIMOR MART (PCB),"LOT 1357,KAMPUNG BADANG,KOTA BHARU KELANTAN",Pasar Mini,Kelantan,Kota Bharu
21782.0,YASMIN SELISING ENTERPRISE,"14/80 KG SELISING,PASIR PUTEH,",Kedai Runcit,Kelantan,Pasir Puteh
21783.0,PASAR RAYA KITO,"LOT 3605-3614, D BALI HARMONI,JALAN TOK BALI, KUALA BESUT,PASIR PUTEH KELANTAN",Pasar Mini,Kelantan,Pasir Puteh
21784.0,AL KHALISH GROUP SDN BHD - PASIR TUMBOH,"TINGKAT BAWAH, 8084, 8085 DAN 8086,,BANDAR SATELIT ISLAM,,PASIR TUMBOH",Pasar Mini,Kelantan,Kota Bharu
21785.0,AZ BERANGAN ENTERPRISE (NEA MINI MART),"KG.NETING PENGKALAN KUBOR,,TUMPAT,",Pasar Mini,Kelantan,Tumpat
21786.0,ANZ SUPERMART,"PT 5091 LEBUHRAYA KUALA KRAI-GUA MUSANG,KG LALOH,KUALA KRAI, KELANTAN",Pasar Mini,Kelantan,Kuala Krai
21787.0,MYDIN KOTA BHARU,"LOT 69, 241-245,,SEKSYEN 8,,JALAN PINTU PONG, KOTA BHARU",Pasar Mini,Kelantan,Kota Bharu
21788.0,AL HIJRAH MAJU TRADING,"LOT 1547-B, BT 1 3/4,,JALAN PENGKALAN CHEPA,KOTA BHARU",Kedai Runcit,Kelantan,Kota Bharu
21789.0,KEDAI RUNCIT AMIR AUS DAN KELUARGA,"LOT 165,KG BARU MANIK URAI BARU,KUALA KRAI, KELANTAN",Kedai Runcit,Kelantan,Kuala Krai
21790.0,SALAMKU XTRA (PALOH) SDN BHD,"LOT 942,,KG PALOH, PINTU GENG,KOTA BHARU",Pasar Mini,Kelantan,Kota Bharu
21791.0,EMANLANS TRADING SDN BHD,"PT 2279,HADAPAN MASJID KG KENOR,KUALA KRAI",Kedai Runcit,Kelantan,Kuala Krai
21792.0,SALAMKU XTRA (KOK LANAS) SDN BHD,"LOT 1937-1940, TAMAN GURU DESA PAHLAWAN,JALAN KUALA KRAI,,KOK LANAS",Pasar Raya / Supermarket,Kelantan,Kota Bharu
21793.0,YIE IKA ENTERPRISE,"LOT 32,MENTARA LAMA,GUA MUSANG, KELANTAN",Kedai Runcit,Kelantan,Gua Musang
21794.0,HASRAT MINI MARKET,"687, BEREK 12,JALAN HOSPITAL,KOTA BHARU",Pasar Mini,Kelantan,Kota Bharu
21795.0,PANTAI TIMOR MART SEMAT JAL - TUMPAT,"LOT 4652,,KAMPONG SEMAT JAL,WAKAF BHARU",Pasar Mini,Kelantan,Tumpat
21796.0,NORHAYATI BINTI ISMAIL,"LOT 5294, KG LEMBAGA,RPT KESEDAR SG TERAH,GUA MUSANG, KELANTAN",Kedai Runcit,Kelantan,Gua Musang
21797.0,TMG EXPRESS PASIR TUMBOH,"LOT 8118 & 8119,,BANDAR BARU PASIR TUMBOH,JALAN PASIR PUTEH, KOTA BHARU",Pasar Mini,Kelantan,Kota Bharu
21798.0,KEMAHANG MINI MART,"NO.2,TEPI KILANG FELDA KEMAHANG,TANAH MERAH, KELANTAN",Pasar Mini,Kelantan,Tanah Merah
21799.0,HOME U (M) SDN BHD - KEPULAU,"PT 994, 995, 996 DAN 997,,KAMPUNG KEPULAU,PALEKBANG",Pasar Mini,Kelantan,Tumpat
21800.0,AM GADING RESOURCES,"LOT 4553,KG BUKIT GADING,TANAH MERAH, KELANTAN",Kedai Runcit,Kelantan,Tanah Merah
21801.0,PERNIAGAAN MOHD ROSLI,"LOT 1651, HADAPAN SMK KANDIS,,BACHOK,",Pasar Mini,Kelantan,Bachok
21802.0,BUKHARY MART SDN.BHD (KADOK),"LOT 2130-C,KG BATU 10, KETEREH,KOTA BHARU,KELANTAN",Pasar Mini,Kelantan,Kota Bharu
21803.0,AL KHALISH GROUP SDN BHD - KUBANG KERIAN,"LOT 1962 JALAN PASIR PUTEH,,KG CHICHA,,KUBANG KERIAN",Pasar Mini,Kelantan,Kota Bharu
21804.0,GM KASMA ENTERPRISE,"PT 4222 TAMAN BUNGA TROPIKA,,GUA MUSANG,",Kedai Runcit,Kelantan,Gua Musang
21805.0,AONE HERIGATE,"PT 3133,KG HAJI KASSIM BANGGU,BUKIT MARAK KOTABHARU,KELANTAN",Kedai Runcit,Kelantan,Kota Bharu
21806.0,MZD AMAN JAYA ENTERPRISE,"NO.4, JALAN AMAN JAYA 1,,TAMAN AMAN JAYA SUNGAI PUTERI,",Kedai Runcit,Pahang,Rompin
21807.0,PASAR MINI V&W,"NO.70 & 71 JALAN WAWASAN,,BANDAR BARU,,KUALA ROMPIN,",Kedai Runcit,Pahang,Rompin
21808.0,PDM MUIP SUPERMARKET SDN BHD,"NO.22, LORONG PERDAGANGAN 2,,PUSAT PERDAGANGAN PEKAN,",Pasar Raya / Supermarket,Pahang,Pekan
21809.0,JASIN POINT,"LOT 3508,KAWASAN PERINDUSTRIAN JASIN,77000 JASIN MELAKA,",Pasar Raya / Supermarket,Melaka,Jasin
21810.0,ING CHOON MINI MARKET,"SUBLOT NO.4, PARCEL 485, BLOCK 123,DALAT NEW TOWNSHIP, DALAT,",Pasar Mini,Sarawak,Dalat
21811.0,SENG CHOON,"SUBLOT 20, LOT 485, BLOCK 123,OYA-DALAT, NEW TOWNSHIP, DALAT,",Kedai Runcit,Sarawak,Dalat
21812.0,SPEEDMART CHENG PERDANA,"No: 28 & 30 (Ground Floor), Jalan CP2,,Taman Cheng Perdana 1,,75250 Melaka.",Pasar Mini,Melaka,Melaka Tengah
21813.0,PASAR MINI SRI SEGAR,"3-G, JALAN BUKIT GALENA 1,,TAMAN BUKIT GALENA, SEREMBAN,",Pasar Mini,Negeri Sembilan,Seremban
21814.0,HUP HIN CHAN,"211 & 212, JALAN LABU,,TAMAN BUKIT KEPAYANG, SEREMBAN,",Pasar Mini,Negeri Sembilan,Seremban
21815.0,PASARAYA CS GROCER NILAI,"NO. B-18, JALAN PUSAT NIAGA KLIA 2,NILAI,",Pasar Raya / Supermarket,Negeri Sembilan,Seremban
21816.0,DARUSSALAM MINI MART,"NO. 297 & 298, JLN TUANKU ANTAH,SEREMBAN,",Pasar Mini,Negeri Sembilan,Seremban
21817.0,ECONSAVE PORT DICKSON,"LOT 575, PORT DICKSON BY PASS,,TAMAN PUTERI, KAMPUNG DHOBI,",Hypermarket,Negeri Sembilan,Port Dickson
21818.0,99 SPEEDMART,"NO:1003 LOT 13453, BUKIT BLOSSOM RASAH,SEREMBAN,",Pasar Mini,Negeri Sembilan,Seremban
21819.0,BEST FRESH MART,"33, JALAN DATO SIAMANG GAGAP,BETARIA BUSINESS CENTRE, SEREMBAN,",Pasar Raya / Supermarket,Negeri Sembilan,Seremban
21820.0,BUMI INSPIRA ENTERPRISE,"50 & 51,TINGKAT BAWAH, JALAN S2 F1,GARDEN HOMES, SEREMBAN,",Kedai Runcit,Negeri Sembilan,Seremban
21821.0,GIANT NILAI,"PT 6367, JALAN BBN 1/3, BANDAR BARU NILAI,NILAI,",Hypermarket,Negeri Sembilan,Seremban
21822.0,PASAR SEGAR NOR,"GARDEN HOMES,,SEREMBAN,",Pasar Mini,Negeri Sembilan,Seremban
21823.0,MASLEE EXPRES B5 JOHOR STREET MARKET,"LOT CD 01, B5, JOHOR STREET MARKET,PUSAT BANDAR TAMPOI,",Pasar Raya / Supermarket,Johor,Johor Bahru
21824.0,SHF HIKMAT TRADING SDN. BHD.,"LOT 3095,KG. KUALA BESUT,",Kedai Runcit,Terengganu,Besut
21825.0,PASAR RAYA MEGA INDAH,"PERSIARAN S2 F, GARDEN HOMES,SEREMBAN,",Pasar Mini,Negeri Sembilan,Seremban
21826.0,H.A HIKMAT TRADING SDN. BHD.,"BANGUNAN CG HJ ISMAIL,LOT 452 (B,C,D) MAS SEKUPANG,KAMPUNG RAJA",Kedai Runcit,Terengganu,Besut
21827.0,PASAR MINI AL MASHUR,"NO. 43 & 45, JALAN PERSISIRAN PERLING 1,TAMAN PERLING,",Pasar Mini,Johor,Johor Bahru
21828.0,SEGI FRESH SIKAMAT,"256, JALAN BKT CORAL 11, TAMAN BUKIT CORAL,SEREMBAN,",Pasar Raya / Supermarket,Negeri Sembilan,Seremban
21829.0,TONG SENG HIN,"NO. 3, JALAN DATO MENTERI, KAMPUNG JELEBU TENGAH,KUALA KLAWANG,",Kedai Runcit,Negeri Sembilan,Jelebu
21830.0,MESRA HYPERUNCIT SDN. BHD.,"PT 10032, SUNGAI ARA MUKIM TASEK,KAMPUNG TASEK,PERMAISURI",Kedai Runcit,Terengganu,Setiu
21831.0,MASLEE EXPRESS BANDAR BARU UDA,"NO. 2, 3 & 4, JALAN PADI MAHSURI 12,BANDAR BARU UDA,",Pasar Mini,Johor,Johor Bahru
21832.0,CHIA BERJAYA ENTERPRISE,"NO1, TAMAN RASA SAYANG SELARU, SELARU,KUALA PILAH,",Pasar Mini,Negeri Sembilan,Kuala Pilah
21833.0,PKT SETIU,"SHM 1372-1374 WISMA KPDS,BANDAR PERMAISURI,PERMAISURI",Kedai Runcit,Terengganu,Setiu
21834.0,99 SPEEDMART,"No. 9 & 10 (GF), JALAN PPS 1, PUSAT PERNIAGAAN SENALING,KUALA PILAH,",Pasar Mini,Negeri Sembilan,Kuala Pilah
21835.0,RIZQ MINI MARKET,"LOT 2046 KG PENGKALAN NYIREH,KG RAJA,",Kedai Runcit,Terengganu,Besut
21836.0,SUPER STORE VALLI,"NO.20 & 21, JALAN MERANTI 2, TAMAN MERANTI,BAHAU,",Pasar Mini,Negeri Sembilan,Bahau
21837.0,FAHMID MINI MART,"NO. 1, JALAN SIERRA PERDANA 6/3,TAMAN SIERRA PERDANA,MASAI",Pasar Mini,Johor,Johor Bahru
21838.0,PASAR MINI SABENA USAHA,"NO 1269, TAMAN PELANGI, TAMAN PELANGI JUASSEH,KUALA PILAH,",Pasar Mini,Negeri Sembilan,Kuala Pilah
21839.0,LIZA BHR ENTERPRISE,"LOT 5101 JALAN PASIR AKAR,TAMAN DESA TANJUNG,JERTEH",Kedai Runcit,Terengganu,Besut
21840.0,LOTUS'S PLENTONG,"LOT 34, JALAN MASAI,BATU 10, MASAI,",Hypermarket,Johor,Johor Bahru
21841.0,KOOP MART PASIR AKAR,"LOT 4122 BANGUNAN PERKEDAIAN PERMINT,KG PASIR AKAR,JERTEH",Kedai Runcit,Terengganu,Besut
21842.0,PKT BESUT,"LOT 2269,KG PACHAKAN,",Kedai Runcit,Terengganu,Besut
21843.0,ECONSAVE PERMAS JAYA,"LOT 385, 2112 & 2114, JALAN PERMAS UTARA 1,BANDAR PERMAS JAYA,MASAI",Pasar Raya / Supermarket,Johor,Johor Bahru
21844.0,PASAR MINI RS MART,"NO.30, JALAN 1/1, TAMAN BAHAGIA DELIMA,KUALA PILAH,",Pasar Basah,Negeri Sembilan,Kuala Pilah
21845.0,TIJARAH MINI MARKET,"BERHADAPAN PUSPEN,KG RAJA,",Kedai Runcit,Terengganu,Besut
21846.0,KHADEEJA MART,"NO 1,KEDAI DEPAN PUSAT KESIHATAN KUALA BESUT,",Kedai Runcit,Terengganu,Besut
21847.0,NSK TRADING (BAHAU),"NO 1, 1, JALAN KEMPAS UTAMA, PUSAT PERNIAGAAN KEMPAS BAHAU,BAHAU,",Pasar Raya / Supermarket,Negeri Sembilan,Bahau
21848.0,MARWA MINI MARKET,"NO. 856, TAMAN TUNKU PUAN CHIK,BAHAU,",Pasar Mini,Negeri Sembilan,Bahau
21849.0,HWA THAI LARKIN JUNCTION,"UNIT NO. 1-01, LEVEL 1, LARKIN MUTIARA,JALAN LARKIN PERDANA 2,LARKIN PERDANA",Pasar Raya / Supermarket,Johor,Johor Bahru
21850.0,AISHAH MART,"KEDAI RUNCIT 24 JAM,NO 5 LOT 1997 DEPAN MASJID HADHARI,CABANG TIGA JERTEH, JERTEH",Kedai Runcit,Terengganu,Besut
21851.0,HB KP TRADING,"NO. 5, TAMAN AMPANG TINGGI,,KUALA PILAH,",Pasar Mini,Negeri Sembilan,Kuala Pilah
21852.0,MASLEE EXPRESS KAMPUNG AMAN,"NO. 10, JALAN KASAWARI 1,KAMPUNG AMAN LARKIN,",Pasar Raya / Supermarket,Johor,Johor Bahru
21853.0,KEDAI RUNCIT FT MART,"NO. 70, SUSUR LARKIN PERDANA 2,LARKIN PERDANA,",Pasar Mini,Johor,Johor Bahru
21854.0,GIANT HYPERMARKET SOUTHERN CITY,"NO. 3, JALAN SURIA 19,TAMAN SURIA,",Hypermarket,Johor,Johor Bahru
21855.0,PASAR MINI RASYA,"4970, JALAN MERBAU 11,BANDAR PUTRA,KULAI",Pasar Mini,Johor,Johor Bahru
21856.0,M&M GROCER,"LOT 4490, TINGKAT BAWAH, BLOCK 6,,LAWAS LAND DISTRICT, JALAN PULAU SALAM,",Kedai Runcit,Sarawak,Lawas
21857.0,PASAR MINI SITI HAWANI,"NO. 3107 & 3108, JALAN MERBAU 1,BANDAR PUTRA,KULAI",Pasar Mini,Johor,Johor Bahru
21858.0,RED CITY,"LOT 515, JALAN LIAW KIM LIEW,LAWAS,",Kedai Runcit,Sarawak,Lawas
21859.0,LM FRESH STORAGE BANDAR INDAHPURA,"NO. 197, 197A & 197B, PUSAT KOMERSIAL INDAH,JALAN KIAMBANG 4,BANDAR INDAHPURA",Pasar Raya / Supermarket,Johor,Johor Bahru
21860.0,MING HO DISTRIBUTORS TRADING CO.,"LOT 619, 620, 621 & 622, TINGKAT BAWAH,JALAN DATUK HAJI AWANG DAUD BIN AWANG MATUSIN,",Kedai Runcit,Sarawak,Lawas
21861.0,ZHONG MINIMART,"LOT 560, TINGKAT BAWAH,JALAN SUNGAI SLOATING,",Kedai Runcit,Sarawak,Lawas
21862.0,TARGET SUPERMARKET IOI MALL,"LOT G-06, GROUND FLOOR, IOI MALL,LEBUH PUTRA UTARA,BANDAR PUTRA, KULAI",Pasar Raya / Supermarket,Johor,Johor Bahru
21863.0,ALDI SUPERMARKET,"LOT 20 HINGGA LOT 27, BLOK 3, JALAN HOSPITAL, 95000 SRI AMAN, SARAWAK,LOT 20 HINGGA LOT 27, BLOK 3, JALAN HOSPITAL, 95000 SRI AMAN, SARAWAK,",Pasar Raya / Supermarket,Sarawak,Sri Aman
21864.0,TAN ENTERPRISE,"LOT 220, NO. 11,JALAN T.K. HASHIM,",Kedai Runcit,Sarawak,Lawas
21865.0,KEDAI SNEK KU,"LT 918-LT 921, JALAN COUNCIL, 95000 SRI AMAN, SARAWAK,LT 918-LT 921, JALAN COUNCIL, 95000 SRI AMAN, SARAWAK,",Kedai Runcit,Sarawak,Sri Aman
21866.0,MYDIN TAMAN PELANGI INDAH,"PTD 120470, PERSIARAN PELANGI INDAH,TAMAN PELANGI INDAH,ULU TIRAM",Pasar Raya / Supermarket,Johor,Johor Bahru
21867.0,SOON LEE HING ENTERPRISE,"LOT 514, GROUND FLOOR,JALAN LIAW KIM LIU,",Kedai Runcit,Sarawak,Lawas
21868.0,FAMILY W,"GROUND FLOOR G1 TO G6 LOT 1660 SIMANGGANG TOWN DISTRICT, 95000 SRI AMAN, SARAWAK,GROUND FLOOR G1 TO G6 LOT 1660 SIMANGGANG TOWN DISTRICT, 95000 SRI AMAN, SARAWAK,",Pasar Raya / Supermarket,Sarawak,Sri Aman
21869.0,LAWAS SUPERMARKET & HARDWARE SDN. BHD. (BRANCH JALAN DATU PENGIRAN HAJI MATUSSIN),"LOT 391 & 392,JALAN DATU PENGIRAN HAJI MATUSSIN,",Kedai Runcit,Sarawak,Lawas
21870.0,DOREMART (2),"LOT 1660, BLOCK 2, STD, 95000 SRI AMAN, SARAWAK,LOT 1660, BLOCK 2, STD, 95000 SRI AMAN, SARAWAK,",Pasar Raya / Supermarket,Sarawak,Sri Aman
21871.0,LAWAS COLD  STORAGE SDN BHD,"LOT 2616, TINGKAT BAWAH,ZON WISMA,",Kedai Runcit,Sarawak,Lawas
21872.0,100% DISCOUNT STORE,"LOT 838, BLOCK 4, STD, 95000 SRI AMAN, SARAWAK,LOT 838, BLOCK 4, STD, 95000 SRI AMAN, SARAWAK,",Kedai Runcit,Sarawak,Sri Aman
21873.0,FRESHMART COLD STORAGE,"LOT 459, TINGKAT BAWAH,JALAN LIAW SIEW ANN,",Kedai Runcit,Sarawak,Lawas
21874.0,NAM LEONG DEPARTMENT STORE,"LOT 1075 & 1076, STD, JALAN SABU, 95000 SRI AMAN, SARAWAK,LOT 1075 & 1076, STD, JALAN SABU, 95000 SRI AMAN, SARAWAK,",Pasar Raya / Supermarket,Sarawak,Sri Aman
21875.0,G-MART,"LOT 382, BETONG TOWN DISTRICT, BETONG BAZAAR, 95700 BETONG, SARAWAK,LOT 382, BETONG TOWN DISTRICT, BETONG BAZAAR, 95700 BETONG, SARAWAK,",Pasar Raya / Supermarket,Sarawak,Betong
21876.0,D'SAVE,"LOT 557 & 558, GROUND FLOOR,JALAN SUNGAI SELOATING,",Kedai Runcit,Sarawak,Lawas
21877.0,CCK FRESH MART SDN BHD,"LOT 230, GROUND FLOOR,JALAN PENGHULU LAKAI,",Kedai Runcit,Sarawak,Lawas
21878.0,BATARAS HYPERMARKET PUTATAN RAILWAY,"LORONG PLATINUM 1,,BANDAR PUTATAN,",Hypermarket,Sabah,Putatan
21879.0,BATARAS HYPERMARKET BUNDUSAN,"KG BARU, JALAN BUNDUSAN,PENAMPANG,5.940881774456462, 116.10238348284773",Hypermarket,Sabah,Penampang
21880.0,ISTANA AYAM TUA PUTATAN,"BANDAR PUTATAN,PUTATAN,5.8940666097544545, 116.05016123364985",Pasar Mini,Sabah,Putatan
21881.0,HAP HUAT SUPERMARKET PUTATAN,"Bandar Putatan,89500 Kota Kinabalu, Sabah,5.895757580012713, 116.0478656828476",Pasar Raya / Supermarket,Sabah,Putatan
21882.0,CKS SUPERMARKET SEPANGGAR,"LOT 90-99, GROUND FLOOR,,BLOCK M PHASE 3,6.058582668442543, 116.15154329262515",Pasar Raya / Supermarket,Sabah,Kota Kinabalu
21884.0,RESTU FRESH MART PUTATAN,"BANDAR PUTATAN,PUTATAN,5.891908775904752, 116.04919308152276",Pasar Mini,Sabah,Putatan
21885.0,CKS GROCER PETAGAS,"JALAN PANTAI BERAHI,PUTATAN,5.910685442865459, 116.04835714051876",Pasar Mini,Sabah,Putatan
21886.0,"BS SUPERMART SDN BHD TAPAH, SERIAN","SHOPLOT NO. 9,10,11&12, PARENT LOT 1028, BLOCK 14,,SENTAH SEGU LAND DISTRICT, BATU 22,,JALAN KCH-SERIAN",Pasar Raya / Supermarket,Sarawak,Serian
21887.0,BATARAS SUPERSTORE INANAM,"LORONG PLAZA INANAM,INANAM,5.992806481971712, 116.13614500751918",Pasar Mini,Sabah,Kota Kinabalu
21888.0,EVERWIN CENTRE SDN BHD TARAT BRANCH,"NO. 11-24, TARAT SQUARE PASAR TARAT,,BATU 34 1/2, JLN KUCHING SERIAN,,",Pasar Raya / Supermarket,Sarawak,Serian
21889.0,CKS GROCER DONGGONGON,"BLOK J,  LOT 4-5A,,JALAN PENAMPANG, DONGGONGON NEW TOWNSHIP,5.912912083878951, 116.1036873842739",Pasar Mini,Sabah,Penampang
21890.0,EVERWIN CENTRE SDN BHD - 17 MILES SIBURAN,"NO. 9-18, GOLDEN SQUARE BATU 17,,JLN KUCHING /SERIAN,,",Pasar Raya / Supermarket,Sarawak,Serian
21891.0,ANAA HALAL MART,"NO. 27, JALAN SENIMAS 1, BETING,,KUALA PILAH,",Kedai Runcit,Negeri Sembilan,Kuala Pilah
21892.0,YAKIN MAJU PERUNCIT & PEMBORONG,"Jalan Beringin 2, Kampung Perah, 72200 Batu Kikir, Negeri Sembilan,KUALA PILAH,",Pasar Mini,Negeri Sembilan,Kuala Pilah
21893.0,PASAR SEGAR H&J HIJRAH ENTERPRISE,"NO. 441, TAMAN PD UTAMA, BATU 2, JALAN PANTAI,PORT DICKSON,",Pasar Mini,Negeri Sembilan,Port Dickson
21894.0,ECONSAVE TAMAN DAYA,"LOT PTD 124006,TAMAN DAYA,",Pasar Raya / Supermarket,Johor,Johor Bahru
21895.0,MASLEE EXPRESS TAMAN DAYA,"NO. 1, JALAN DAYA 1,TAMAN DAYA,",Pasar Raya / Supermarket,Johor,Johor Bahru
21896.0,WARDA MART BANDAR BARU UDA,"NO. 32 - 42, JALAN PADI EMAS 4/1,BANDAR BARU UDA,",Pasar Raya / Supermarket,Johor,Johor Bahru
21897.0,TF VALUE MART U-MALL PULAI UTAMA,"U-MALL, NO. 45, JALAN PULAI UTAMA,TAMAN PUL;AI UTAMA,",Pasar Raya / Supermarket,Johor,Johor Bahru
21898.0,MASLEE EXPRESS TAMAN TERATAI,"NO. 49, 49A, 51, 51A, 53, 53A, 55, 55A, 57, 57A, 59, 59A, 61, 61A, 63, 63A, 65, 65A, JALAN ENAU 9,TAMAN TERATAI,SKUDAI",Pasar Raya / Supermarket,Johor,Johor Bahru
21899.0,MASLEE EXPRESS TAMAN PULAI UTAMA,"NO. 1, 1A, 3, 3A, 5, 5A, 7, 7A, 9, 11, 13 & 15, JALAN PULAI 21,TAMAN PULAI UTAMA,SKUDAI",Pasar Raya / Supermarket,Johor,Johor Bahru
21900.0,PASAR MINI FAMILI,"NO. 43, JALAN SAGU 15,TAMAN DAYA,",Pasar Mini,Johor,Johor Bahru
21901.0,FRESH HUB TAMAN PULAI UTAMA,"41A, JALAN PULAI 23,TAMAN PULAI UTAMA,SKUDAI",Pasar Mini,Johor,Johor Bahru
21903.0,CFAR ENTERPRISE,"NO. 35, JALAN KIJANG,TAMAN MOHD YASSIN,",Pasar Mini,Johor,Kluang
21904.0,ENG HUAT MINI MARKET,"NO. 7, 8, 9, JALAN 53A,TAMAN KLUANG BARAT,",Pasar Mini,Johor,Kluang
21905.0,PASAR MINI SITI HAYATI,"NO. 11A-2, JALAN RIA,TAMAN RIA,SRI LALANG",Pasar Mini,Johor,Kluang
21906.0,PASAR MINI MEHABIYYAH,"NO. 11, JALAN KEDONDONG 1,TAMAN SURIA,",Pasar Mini,Johor,Kluang
21907.0,PASAR MINI SERI IMPIAN,"NO. 95, JALAN SERI IMPIAN 1/1,BANDAR SERI IMPIAN,",Pasar Mini,Johor,Kluang
21908.0,KEDAI RUNCIT SWEE HENG,"NO. 11, KAMPUNG MACAP,SIMPANG RENGGAM,",Kedai Runcit,Johor,Kluang
21909.0,PASARAYA BIG 10 GROCER,"NO. 139, 140, 141, 142, 143, 144, 145, 146, GROUND FLOOR,JALAN SERI IMPIAN 8/10, IMPIANA SQUARE,BANDAR SERI IMPIAN",Pasar Raya / Supermarket,Johor,Kluang
21910.0,LOTUS'S KLUANG,"LOT PTD 108300, JALAN PERSIARAN UTAMA,BANDAR NEW PARK KLUANG,",Pasar Raya / Supermarket,Johor,Kluang
21911.0,PASAR MINI HJ SANUSI,"TAMAN HARMONI,SIMPANG RENGGAM,",Pasar Mini,Johor,Kluang
21912.0,LOTUS'S MUAR,"NO. 99 JALAN GEMILANG BAKRI 1,PUSAT KOMERSIL GEMILANG BAKRI,",Hypermarket,Johor,Muar
21913.0,SALIM MK FROZEN (MUAR) SDN BHD,"NO. 4, 6 , 8 , 10, 12, JALAN PERNIAGAAN SINAR JAYA 3,PUSAT EPRNIAGAAN SINAR JAYA,",Pasar Mini,Johor,Muar
21914.0,FOCUS FLAIR SDN BHD,"PTD 3717, 46,JALAN HAJI ABDULLAH,",Pasar Mini,Johor,Muar
21915.0,GROWTH MART JALAN JUNID,"NO. 13, 15 & 17, TAMAN TUN SULAIMAN NINAM SHAH,JALAN JUNID,",Pasar Mini,Johor,Muar
21916.0,GOLD STAR (BAKRI) BEST MART,"NO. 1,3, 5, JALAN MAKMUR,TAMAN MAKMUR,BUKIT BAKRI",Pasar Mini,Johor,Muar
21917.0,GOLD STAR (JALAN JUNID) BEST MART,"NO. 2, 3 & 4, TAMAN MAS RIA,JALAN JUNID,DALAM",Pasar Mini,Johor,Muar
21918.0,SEROJA (PAGOH) SDN BHD,"NO. 13 & 14, JALAN JAYA 1/1,TAMAN PAGOH JAYA,",Pasar Mini,Johor,Muar
21919.0,MASS (PAGOH) SDN BHD,"NO. 3A & 3B, LOT 3551, JALAN GELAM,PAGOH,",Pasar Mini,Johor,Muar
21920.0,WORLDCOME GMART SDN BHD (WORLDCOME EXPRESS),"NO. 2 & 3, JALAN MERAK KG KENANGAN TUN SYED NASIR,TANJUNG AGAS,",Pasar Mini,Johor,Tangkak
21921.0,GOLD STAR (SEROM) BEST MART,"19, JALAN PUSAT PERNIAGAAN SEROM,PUSAT PERNIAGAAN,SUNGAI MATI",Pasar Mini,Johor,Tangkak
21922.0,PASAR MINI NAFIYA,"NO. 9, PTD 13414, JALAN SERI SEMERAH 1,TAMAN SERI SEMERAH,",Pasar Mini,Johor,Pontian
21923.0,DRAGON HOUSE MINI MART,"1006 & 1008, TAMAN PERPADUAN,JALAN PARIT MESJID,",Pasar Mini,Johor,Pontian
21924.0,JASA KHJ ENTERPRISE PEKAN NENAS,"NO. 63, JALAN UTAMA 2,TAMAN UTAMA,PEKAN NENAS",Pasar Mini,Johor,Pontian
21925.0,NB JOMBELI FRESH MART PONTIAN,"NO. 130-G & 131, JALAN BAKEK JAYA 1,TAMAN BAKEK JAYA,",Pasar Mini,Johor,Pontian
21926.0,99 SPEED MART 2888 (JH) PEKAN NENAS,"NO. 2 & 3 (G), JALAN PERMATA 1,PUSAT PERDAGANGAN PEKAN NENAS,PEKAN NENAS",Pasar Mini,Johor,Pontian
21927.0,KEDAI RUNCIT SEMERAH JAYA,"LOT 2441, LORONG KASSIM,JALAN PARIT SEMERAH,",Kedai Runcit,Johor,Pontian
21928.0,KUKUP GUAN SENG (PEKAN NENAS),"5 & 7, JALAN MEWAH 1,TAMAN MEWAH,PEKAN NENAS",Pasar Raya / Supermarket,Johor,Pontian
21929.0,"TF VALUE MART, LABIS","NO. 17G, 26G, JALAN SERI KENCANA,TAMAN SERI KENCANA,LABIS",Pasar Raya / Supermarket,Johor,Segamat
21930.0,PASARAYA WORLDCOME,"NO. 26, 27 & 28, JALAN BISTARI 1/1,TAMAN YAYASAN,BULOH KASAP",Pasar Mini,Johor,Segamat
21931.0,PASARAYA IZIMART SEGAMAT,"LOT 1368A, PUSAT JUALAN JALAN GENUANG,EASTERN GARDEN,",Pasar Raya / Supermarket,Johor,Segamat
21932.0,PASARAYA BILLION TAMAN YAYASAN,"NO. 17, JALAN BISTARI 2/1,TAMAN YAYASAN,",Pasar Raya / Supermarket,Johor,Segamat
21933.0,"CKS RETAIL SDN BHD, SEGAMAT (FRESH HUB)","NO. 47 & 49, JALAN PUTRA 2/23,BANDAR PUTRA,",Pasar Mini,Johor,Segamat
21934.0,"CKS RETAIL SDN BHD, LABIS (FRESH HUB)","LOT 16210, JALAN TENANG,MUKIM LABII,",Pasar Raya / Supermarket,Johor,Segamat
21935.0,99 SPEED MART (CAWANGAN TENANG),"NO. 8 & 9G, JALAN EMAS 1,TAMAN SEGAR,TENANG STATION",Pasar Mini,Johor,Segamat
21936.0,99 SPEED MART (CAWANGAN SEGAMAT BARU),"NO. 3A & 5G, JALAN NAGASARI 15A,BANDAR SEGAMAT BARU,",Pasar Mini,Johor,Segamat
21937.0,68 FRESH MART SDN BHD,"NO. 34, 35 & 36, JALAN BISTARI 4/9,TAMAN YAYASAN,",Pasar Mini,Johor,Segamat
21938.0,PASAR MINI HOE SOON TONGKANG PECHAH,"NO. 16, JALAN PUTERA INDAH 1/78,BANDAR PUTERA INDAH,TONGKANG PECHAH",Pasar Mini,Johor,Batu Pahat
21939.0,99 SPEED MART TAMAN SIAPU INDAH,"GROUND FLOOR, NO. 2 & 3, JALAN INDAH 1,TAMAN SIAPU INDAH,",Pasar Mini,Johor,Mersing
21940.0,99 SPED MART TAMAN WAWASAN,"NO. 164 & 166, GROUND FLOOR,JALAN WAWASAN 3,",Pasar Mini,Johor,Mersing
21941.0,99 SPEED MART TAMAN SEJAHTERA,"NO. 3 & 4, GROUND FLOOR, JALAN SEJAHTERA UTAMA,TAMAN SEJAHTERA,ENDAU",Pasar Mini,Johor,Mersing
21942.0,FRESH N GO GROCER,"LOT 344A,TAMAN SRI PANTAI,",Pasar Mini,Johor,Mersing
21943.0,PASAR MINI KG HUBUNG,"NO. 1032, JALAN DATO MOHD ALI,ENDAU,",Kedai Runcit,Johor,Mersing
21944.0,PASAR MINI ULFAH,"NO. 67 & 69, JALAN WAWASAN 1,TAMAN WAWASAN,",Pasar Mini,Johor,Mersing
21945.0,MASLEE EXPRESS BANDAR TENGGARA,"NO. 37, 39, 41, 43, 45, 47, 49 & 51, JALAN IMPIAN 1/1,TAMAN DESA IMPIAN,BANDAR TENGGARA",Pasar Raya / Supermarket,Johor,Kota Tinggi
21946.0,RRL MINI MART,"NO. 52 & 52-01, JALAN AHMAD UJAN,TAMAN SRI LALANG,",Pasar Mini,Johor,Kota Tinggi
21947.0,SULAYHA MISKAM MINI MARKET,"NO. 19, JALAN BALAU,TAMAN KUSO,",Pasar Mini,Johor,Kota Tinggi
21948.0,PASAR MINI ALL IN ONE,"20G , JALAN PULASAN,TAMAN KOTA JAYA,",Pasar Mini,Johor,Kota Tinggi
21949.0,ABDUL AZIZ SAVE MART,"NO. 53, 54, 55 & 56, JALAN TENGGARA 2/1,TAMAN ANGGERIK,",Pasar Mini,Johor,Kota Tinggi
21950.0,ZR SELANGKAH SETIA JAYA,"NO. 1, JALAN HIJRAH 1,TAMAN HIJRAH,",Kedai Runcit,Johor,Kota Tinggi
21951.0,KEDAI RUNCIT FKRIMDDASIR ENTERPRISE,"20G, JALAN PULASAN,TAMAN KOTA JAYA,",Kedai Runcit,Johor,Kota Tinggi
21952.0,KEDAI RUNCIT TIJARAH,"NO. 13, JALAN BALAU,TAMAN KUSO,",Kedai Runcit,Johor,Kota Tinggi
21953.0,KEDAI RUNCIT FARHAN,"NO. 13B, TINGKAT BAWAH,JALAN KOTA KECIL,",Kedai Runcit,Johor,Kota Tinggi
21954.0,HWA THAI TODAY'S MARKET,"TODAY'S MARKET,BANDAR SERI ALAM,PASIR GUDANG",Pasar Raya / Supermarket,Johor,Johor Bahru
21955.0,CITY FRESH MART (KINABUTAN JAYA BRANCH).pdf,"TAWAU,Tawau,",Pasar Mini,Sabah,Tawau
21956.0,CITY FRESH MART EXPRESS (LEEKA INDUSTRIAL),"Tawau,Tawau,",Pasar Mini,Sabah,Tawau
21957.0,JIASON BANDAR SERI ALAM,"BANDAR SERI ALAM,PASIR GUDANG,",Pasar Mini,Johor,Johor Bahru
21958.0,D BALUNG MARKET,"Tawau,Tawau,",Kedai Runcit,Sabah,Tawau
21959.0,FAMILY FRESH MART,"Tawau,Tawau,",Pasar Mini,Sabah,Kalabakan
21960.0,GEMILANG SUPERMARKET (TAWAU),"Tawau,Tawau,",Pasar Raya / Supermarket,Sabah,Kalabakan
21961.0,PEMBORONG SEJAHTERA.,"Tawau,Tawau,",Pasar Mini,Sabah,Tawau
21962.0,SANG KONG COMPANY,"Tawau,Tawau,",Kedai Runcit,Sabah,Tawau
21963.0,SERVAY JAYA SUPERMARKET SDN.BHD,"Tawau,Tawau,",Pasar Raya / Supermarket,Sabah,Kalabakan
21964.0,TOKO SABAR MENANTI,"APAS,Tawau,",Kedai Runcit,Sabah,Tawau
21965.0,BESTAMART SDN BHD,"JALAN PADANG,TL 177500766,",Pasar Raya / Supermarket,Sabah,Beaufort
21966.0,Y & L MARKETING,"BLOCK E, LOT 29-33,NEW BEAUFORT JAYA,",Kedai Runcit,Sabah,Beaufort
21967.0,SERVAY EXPRESS SDN BHD,"LOT 2,3 & 4,BANGUNAN WISMA ARJUNA,",Pasar Mini,Sabah,Beaufort
21968.0,SAMA MAJU TRADING MNI MARKET (MEMBAKUT JAYA),"LOT NO 28-30, BLOCK E,,MEMBAKUT JAYA,",Kedai Runcit,Sabah,Membakut
21969.0,SERVAY EXPRESS SDN BHD,"NT 183340936,KG GANDANGAON,",Kedai Runcit,Sabah,Kuala Penyu
21970.0,G-MART SEGAR KUALA PENYU,"LOT 1, KP PLAZA,JALAN PEKAN KUALA PENYU,",Kedai Runcit,Sabah,Kuala Penyu
21971.0,SERVAY JAYA SDN BH,"NT 3283, KM2,JALAN SIPITANG-SINDUMIN,",Pasar Raya / Supermarket,Sabah,Sipitang
21972.0,WW WANGI (SABAH) SDN BHD,"LOT A5-A10,BLOK A,",Pasar Raya / Supermarket,Sabah,Sandakan
21973.0,CHEONG LOONG TRADING SDN BHD,"LOT 5-7, TAMAN FAJAR,BATU 7,",Pasar Raya / Supermarket,Sabah,Sandakan
21974.0,GENTINGMAS MALL SDN BHD (BANDAR PERDANA),"LOT 60-95, BLOK H-K,,BANDAR FAJAR PERDANA,",Hypermarket,Sabah,Sandakan
21975.0,SERVAY EVERGREEN SDN BHD,"TINGKAT BAWAH,SEJATIA WALK BATU 7,",Pasar Raya / Supermarket,Sabah,Sandakan
21976.0,INSTAR SUPERFRESH SDN BHD,"LOT 1-7, BLOK H,BANDAR MEGAH JAYA,",Pasar Raya / Supermarket,Sabah,Sandakan
21977.0,FUNG MING MARKET (SANDAKAN) SDN BHD (SIBUGA JAYA),"LOT 5, BLOK B,,TINGKAT BAWAH & SATU,",Pasar Raya / Supermarket,Sabah,Sandakan
21978.0,EHOO SUPERSTORE SDN BHD,"TL 077808573, BLOK 34,TINGKAT BAWAH, JALAN LEILA,",Pasar Raya / Supermarket,Sabah,Sandakan
21979.0,MU PASARAN RIA,"LOT 1A, BLOK 38,,TINGKAT BAWAH LORONG 6,",Pasar Mini,Sabah,Sandakan
21980.0,MU CITY FRESHMART,"LOT 15, TINGKAT BAWAH CENTRE POINT MALL,JALAN EDINBURGH,",Pasar Mini,Sabah,Sandakan
21981.0,GEMILANG SUPERMARKET (MIDTOWN),"LOT 20-26, BLOK D,JALAN LINTAS UTARA,",Pasar Raya / Supermarket,Sabah,Sandakan
21982.0,TRS MART SDN BHD,"LOT 41-44, TINGKAT BAWAH,TAMAN NASALIM, JALAN LINTAS UTARA,",Pasar Raya / Supermarket,Sabah,Sandakan
21983.0,CTH FUNG MING SDN BHD,"LOT 7-8, BLOK A2, TINGKAT BAWAH,JALAN UTARA,",Pasar Raya / Supermarket,Sabah,Sandakan
21984.0,CKS RETAIL SDN BHD,"CL. 225289556,JALAN LOTONG,",Pasar Raya / Supermarket,Sabah,Kota Marudu
21985.0,CKS RETAIL  SDN BHD (PITAS),"KG TAKA PITAS,,PETI POS 226,",Pasar Raya / Supermarket,Sabah,Pitas
21986.0,SBJ PITAS (S) SDN BHD,"KG TAKA PITAS,PITAS,",Kedai Runcit,Sabah,Pitas
21987.0,88 FRESH MART KUDAT,"NO BGN 0862,TAMAN SER KAPOR,",Kedai Runcit,Sabah,Kudat
21988.0,SONY BUMI SDN BHD,"NO 0510, JALAN BAWAH,CL055169518, P/S 147,",Kedai Runcit,Sabah,Kudat
21989.0,SONY BUMI SDN BHD,"NO 0510, JALAN BAWAH,CL055169518, P/S 147,",Kedai Runcit,Sabah,Kudat
21990.0,HR BIZSMART,"PETI SURAT 109, KG DAMAI,JALAN TANDEK,",Kedai Runcit,Sabah,Kota Marudu
21991.0,BATARAS SUPERSTORE KENINGAU,"LOT NO 7-12,,WAJA COMMERCIAL COMPLEX,",Pasar Raya / Supermarket,Sabah,Keningau
21992.0,SERVAY JAYA SUPERMARKET,"JALAN DABATA,KENINGAU,",Pasar Raya / Supermarket,Sabah,Tambunan
21993.0,ALI STORE FRESH MART,"LOT NO 3, GROUND FLOOR,TAMAN VILLA PALMA COMMERCIAL SHOPLOT,",Pasar Raya / Supermarket,Sabah,Keningau
21994.0,BESHI SUPERMARKET,"LOT S2,,TAMAN MDK 4B,",Pasar Raya / Supermarket,Sabah,Keningau
21995.0,EHSAN FRESH GROCERY,"KAMPUNG KAURAN,,JALAN BYPASS KENINGAU TENOM,",Pasar Mini,Sabah,Keningau
21996.0,FAJAR SUPERSTORE,"NT. 133026954,PETI SURAT 1862,",Pasar Raya / Supermarket,Sabah,Keningau
21997.0,MILIMEWA SUPERSTORE SDN BHD,"BLOCK C3, LOT 9-12,JALAN MASAK,",Pasar Raya / Supermarket,Sabah,Keningau
21998.0,MESRA GROCER SDN BHD,"LOT 8& 9, BLOCK B,,GROUND FLOOR SEDCO SHOPHOUSE NABAWAN,",Pasar Raya / Supermarket,Sabah,Nabawan
21999.0,BATARAS SUPERSTORE KUNAK,"LOT NO. C1-C9,MAGANTING PLAZA,",Pasar Raya / Supermarket,Sabah,Kunak
22000.0,G-MART 2,"LOT 167, MARKET PLACE DESA,DESA SERI TONG TALUN,",Pasar Raya / Supermarket,Sabah,Semporna
22001.0,SERVAY EVERGREEN SDN BHD,"LOT NO. 1-5,JALAN KG TG KAPOR,",Pasar Raya / Supermarket,Sabah,Semporna
22002.0,BATARAS FLOATING SEMPORNA,"CL 12533098,,JALAN BUBULS SEMPORNA,",Pasar Raya / Supermarket,Sabah,Semporna
22003.0,PASARAYA ULFAH SDN BHD,"NO 61 TINGKAT BAWAH JALAN BERANGAN,50200 BUKIT BINTANG,",Kedai Runcit,W.P. Kuala Lumpur,Bukit Bintang
22004.0,99 SPEEDMART TASEK,"JALAN TAWAS BARU 1,TAMAN TASEK DAMAI,",Pasar Mini,Perak,Kinta
22005.0,GIANT MINI KLTS,"92-G PLAZA KL TRADERS SQUARE BLOCK A,JALAN GOMBAK KAMPUNG KUANTAN,",Pasar Mini,W.P. Kuala Lumpur,Wangsa Maju
22006.0,88 FRESH MART SUPERSTORE,"JALAN KENINGAU-APIN APIN,ONE PLAZA,",Pasar Mini,Sabah,Keningau
22007.0,99 SPEEDMART TAMAN RIA INDAH,"NO A-119 (G), LORONG RIA INDAH 12,,TAMAN RIA INDAH,,SUNGAI PETANI KEDAH.",Pasar Mini,Kedah,Kuala Muda
22008.0,PASARAYA MEGA BUKIT BARU,"NO 12 JALAN PNBBU 4,KAMPUNG SOLOK MUSAI,",Pasar Mini,Melaka,Melaka Tengah
22009.0,C-MART PREMIUM AMANJAYA MALL,"JALAN JATI 1/1,,BANDAR AMANJAYA,,SUNGAI PETANI, KEDAH.",Pasar Raya / Supermarket,Kedah,Kuala Muda
22010.0,THE PASAR MOUNT AUSTIN,"G-21 & G-23, JALAN MUTIARA EMAS 10/19,TAMAN MOUNT AUSTIN,JOHOR BAHRU",Pasar Mini,Johor,Johor Bahru
22011.0,PASARAYA ECONO (JEJAWI),"NO. A, 11, JALAN ARAU,,KAMPUNG JEJAWI,,",Pasar Mini,Perlis,Arau
22016.0,'99 SPEEDMART 2336 (PG) TAMAN GAMELAN INDAH,"NO. 12 & 12A,JALAN GAMELAN INDAH 1,TAMAN GAMELAN INDAH, SUNGAI JAWI",Pasar Mini,Pulau Pinang,Seberang Perai Selatan
22017.0,99 SPEEDMART 2504 (PG) TAMAN BUKIT PANCHOR,"NO. 140 & 142,LRG BUKIT PANCHOR 1,TAMAN BUKIT PANCHOR, NIBONG TEBAL",Pasar Mini,Pulau Pinang,Seberang Perai Selatan
22018.0,'99 SPEEDMART 2883 (PG) TAMAN NIBONG TEBAL JAYA,"NO. 10 & 12, 14,JALAN SUNGAI DAUN 1,TAMAN NIBONG TEBAL JAYA, NIBONG TEBAL",Pasar Mini,Pulau Pinang,Seberang Perai Selatan
22019.0,99 SPEEDMART 3035 (PG) TAMAN SUNGAI JAWI,"NO. 101 & 103,JALAN SUNGAI JAWI,TAMAN SUNGAI JAWI, SUNGAI JAWI",Pasar Mini,Pulau Pinang,Seberang Perai Selatan
22020.0,99 SPEEDMART 2834 (PG) TAMAN TAMBUN INDAH,"NO. 39, 41 & 43,JALAN BUKIT TAMBUN,TAMAN TAMBUN INDAH, SIMPANG AMPAT",Pasar Mini,Pulau Pinang,Seberang Perai Selatan
22021.0,SURIA TIMUR,"237B-G,JALAN SUNGAI NIBONG,BAYAN LEPAS",Pasar Mini,Pulau Pinang,Barat Daya
22022.0,KEDAI RUNCIT JUWARA,"Lot 559, Lebuh Sungai Ara 1,,Kampung Baru Sungai Ara,,Bayan Lepas",Pasar Mini,Pulau Pinang,Barat Daya
22023.0,TGT MART,"29-1-5, THE GOLDEN TRIANGLE,,Jln Paya Terubung, Relau,,Bayan Lepas",Kedai Runcit,Pulau Pinang,Barat Daya
22024.0,'99 SPEEDMART 2466 (PG) TAMAN SERI BERAPIT,"NO. 15 & 17,JALAN SERI BERAPIT,TAMAN SERI BERAPIT, BUKIT MERTAJAM",Pasar Mini,Pulau Pinang,Seberang Perai Tengah
22025.0,PASARAYA SAFINA,"79-G-15, UNIVERSITY SHOPLOT, JALAN SUNGAI DUA,DESA PERMAI INDAH, GELUGOR, PULAU PINANG,",Pasar Mini,Pulau Pinang,Barat Daya
22026.0,KEDAI SERBANEKA SAUJANA,"42B-G-9, SRI SAUJANA, GAT LEBUH MACALLUM,GEORGETOWN, PULAU PINANG,",Pasar Mini,Pulau Pinang,Timur Laut
22027.0,PASAR MINI A&B,"11A, LORONG MAHSURI 7, BAYAN BARU,BAYAN LEPAS, PULAU PINANG,",Pasar Mini,Pulau Pinang,Barat Daya
22028.0,AGROBAZAAR RAKYAT,"116 & 118 JALAN DATO ISMAIL HASHIM, TAMAN TUNAS MUDA,SUNGAI ARA, BAYAN LEPAS, PULAU PINANG,",Pasar Mini,Pulau Pinang,Barat Daya
22029.0,ANB MART,"C-0-5, M AVENUE, JALAN 1/38A,TAMAN SRI SINAR,",Pasar Mini,W.P. Kuala Lumpur,Segambut
22030.0,99 SPEEDMART 2403 (PG) TAMAN CHAI LENG,"NO. 11A & 15,LEBUH KURAU 5,TAMAN CHAI LENG, PERAI",Pasar Mini,Pulau Pinang,Seberang Perai Tengah
22031.0,99 SPEEDMART 2368 (PG) TAMAN TAMPOI,"NO. 2836 & 2837,JALAN KAMPUNG BARU,TAMAN TAMPOI, BUKIT MERTAJAM",Pasar Mini,Pulau Pinang,Seberang Perai Tengah
22032.0,99 SPEEDMART 2422 (PG) TAMAN KOTA PERMAI,"NO.  76 & 78,LEBUH KOTA PERMAI 1,TAMAN KOTA PERMAI, BUKIT MERTAJAM",Pasar Mini,Pulau Pinang,Seberang Perai Tengah
22033.0,99 SPEEDMART 2895 (PG) OREN BM,"NO.  G-06 & G-07,OREN BM,JALAN SONG BAN KHENG, BUKIT MERTAJAM",Pasar Mini,Pulau Pinang,Seberang Perai Tengah
22034.0,99 SPEEDMART 2510 (PG) TAMAN USAHANIAGA,"NO. 2, 4 & 6,LORONG USAHANIAGA 1,TAMAN USAHANIAGA, BUKIT MERTAJAM",Pasar Mini,Pulau Pinang,Seberang Perai Tengah
22035.0,CHIAP HONG ENTERPRISE PASAR SEGAR,"LOT 10579 MK. 7,TAMAN BAYU AMAN,",Pasar Mini,Pulau Pinang,Seberang Perai Utara
22036.0,JMS PEMBORONG,"69 A, JALAN PEKAN DARAT,PERMATANG TOK JAYA,",Pasar Mini,Pulau Pinang,Seberang Perai Utara
22037.0,LS MART SUNGAI DUA,"NO 6 LORONG SUNGAI DUA UTARA 1,TAMAN SUNGAI DUA UTAMA,",Pasar Mini,Pulau Pinang,Seberang Perai Utara
22038.0,SK FRESH & FROZEN (PENAGA),"10, JALAN SERI PENAGA,PUSAT PERNIAGAAN SERI PENAGA,",Pasar Mini,Pulau Pinang,Seberang Perai Utara
22039.0,PASARAYA ECONO JAYA PENAGA,"NO 1, 3, 5, JALAN SERI MUDA,PUSAT PERNIAGAAN SERI MUDA,",Pasar Mini,Pulau Pinang,Seberang Perai Utara
22040.0,MF SEJAHTERA PENAGA,"NO 15 LORONG SINTOK 1,KAMPUNG PERMATANG SINTOK,",Pasar Mini,Pulau Pinang,Seberang Perai Utara
22041.0,PASAR MINI SEGAR MUZAKKIR,"TAMAN POKOK SENA,KEPALA BATAS,",Pasar Mini,Pulau Pinang,Seberang Perai Utara
22042.0,BERTAM MINI MART,"19 JALAN PERSIARAN SEKSYEN 4/6,BANDAR PUTRA BERTAM,",Pasar Mini,Pulau Pinang,Seberang Perai Utara
22043.0,SK FRESH SUPER MART,"NO 755, 756, 757 JALAN PERAK,JALAN PERAK,",Pasar Mini,Pulau Pinang,Seberang Perai Utara
22044.0,YS FRESH  & FROZEN SDN BHD,"NO 1724 & 1725,JLN DATUK HAJI AHMAD BADAWI,",Pasar Mini,Pulau Pinang,Seberang Perai Utara
22048.0,FATIMAH SUPERSTORE,"2,2,",Kedai Runcit,Sabah,Beaufort
22049.0,PASAR BASAH & BUAH BEAUFORT,"2,2,",Pasar Basah,Sabah,Beaufort
22050.0,RIDWAN'S,"2,2,",Kedai Runcit,Sabah,Lahad Datu
22051.0,CHAU SUI TECK (LD) SDN BHD,"2,2,",Kedai Runcit,Sabah,Lahad Datu
22052.0,AKBAR MINI MARKET,"2,2,",Kedai Runcit,Sabah,Lahad Datu
22053.0,AL-MADINA STORE,"2,2,",Kedai Runcit,Sabah,Lahad Datu
22054.0,PEMBORONG IDA,"2,2,",Kedai Runcit,Sabah,Lahad Datu
22055.0,SUPER TRADING,"2,2,",Kedai Runcit,Sabah,Lahad Datu
22056.0,IQHMALYA TRADING,"2,2,",Kedai Runcit,Sabah,Lahad Datu
22057.0,THAISENG SDN BHD INANAM,"2,2,",Pasar Mini,Sabah,Kota Kinabalu
22058.0,FOODTOWN KOLOMBONG,"2,2,",Pasar Mini,Sabah,Kota Kinabalu
22059.0,ISTANA AYAM TUA SEPANGGAR,"2,2,",Pasar Mini,Sabah,Kota Kinabalu
22060.0,JUTAWAN FAKIR MINI MARKET,"2,2,",Pasar Mini,Sabah,Nabawan
22061.0,DEQ MART,"DIKMAT JAYA ENTERPRISE,NO. 706 KAMPUNG LOSONG HAJI AWANG,",Kedai Runcit,Terengganu,Kuala Terengganu
22062.0,88 FRESHMART KOTA BELUD 2,"Ground Floor & 1st Floor, Block A, Lot 10,Kompleks Sri Rangan, Lrg Tam Yat Sang, 89150 Kota Belud, Sabah,",Pasar Mini,Sabah,Kota Belud
22063.0,99 SPEED MART SDN BHD,"A-G-3A & A-G-5, BLOK A, NO 2, JALAN PJU 1A/41B,,PUSAT DAGANGAN NZX, ARA JAYA, 47301 PETALING JAYA,,",Pasar Mini,Selangor,Petaling Jaya
22064.0,MBG FRESH MARKET,"Level UG, Shaftsbury Putrajaya,,Jalan Alamanda, Presint 1,,",Pasar Raya / Supermarket,W.P. Putrajaya,Wp Putrajaya
22066.0,PASARAYA ZEN VISTA,"1649-1653 JLN TELUK AIR TAWAR,TAMAN AIR TAWAR INDAH,",Pasar Mini,Pulau Pinang,Seberang Perai Utara
22067.0,TMG MALL BANDAR INDERA MAHKOTA,"JALAN IM7/14,,BANDAR INDERA MAHKOTA,",Hypermarket,Pahang,Kuantan
22068.0,RESTU MART KUNDASANG,"GROUND FLOOR LOT 18, SEDCO KUNDASANG SHOPHOUSE,,PHASE 2, PEKAN KUNDASANG,,RANAU",Pasar Mini,Sabah,Ranau
22069.0,KEN'S GROCER,"01-08,Kenwingston Business Centre, Kenwingston Square Garden,Persiaran Bestari, Cyber 9",Pasar Raya / Supermarket,W.P. Putrajaya,Cyberjaya
22070.0,99 SPEEDMART BANDAR DARULAMAN JAYA,"NO 63 & 64 (G), BANDAR DARULAMAN JAYA,,JITRA KEDAH,",Pasar Mini,Kedah,Kubang Pasu
22071.0,NORMA BINTI IBRAHIM,"NO. 20,21,22,23,BANGUNAN PMINT BATU 6,JALAN KELANTAN",Kedai Runcit,Terengganu,Kuala Nerus
22098.0,BATARAS FRESH MART (KOTA KINABALU),"LOT.3,3A 5&6 BLOCK D,GROUND FLOOR BANDAU COMMERCIAL CENTRE PHASE 1,",Pasar Raya / Supermarket,Sabah,Kota Marudu
22102.0,BATARAS SUPERSTORE KENINGAU,"PL 207353,KAMPUNG TUARID TAUD,",Pasar Raya / Supermarket,Sabah,Keningau
22122.0,PASARAYA WELL - MART,"NO 2- 4 (GROUND FLOOR) JALAN UDANG SIAR 2,TAMAN SRI SEGAMBUT, 5200 KL,TAMAN SRI SEGAMBUT, 5200 KL,",Pasar Raya / Supermarket,W.P. Kuala Lumpur,Segambut
22123.0,PASAR SEGAR MAYA,"NO 1-G JALAN 2/112F PANTAI INDAH,JALAN PANTAI DALAM, KUALA LUMPUR,",Pasar Raya / Supermarket,W.P. Kuala Lumpur,Lembah Pantai
22124.0,HWA THAI SUPERMART THE COMMUNE,"The Commune, No. 291 Jalan Kiambang 10,Pusat Komersial Indah,Bandar Indahpura, Kulai",Pasar Raya / Supermarket,Johor,Johor Bahru
22125.0,PASAR MINI LESONG MART,"ASPIRASI RAUDHAH TRADING,PT29762, PT29763 & PT29764,TINGKAT BAWAH, TAMAN BESTARI GONG BADAK",Pasar Mini,Terengganu,Kuala Nerus
22126.0,PKT TAPANG,"LOT 1228 A,B,C,D & E,JALAN HOSPITAL, KAMPUNG TAPANG PANJI, KOTA BHARU,",Pasar Raya / Supermarket,Kelantan,Kota Bharu
22127.0,BLIMBEY ENTERPRISE,"LOT 8070, 8072B JALAN PASIR MAS JELATOK,TANAH MERAH,",Kedai Runcit,Kelantan,Tanah Merah
22128.0,8090 SUPERSTORE KUNDASANG,"JALAN KIBBAS, MOHIMBOYON KUNDASANG,KG DUMPIRING ATAS,",Pasar Mini,Sabah,Ranau
22129.0,RESTU MART RANAU,"COMMERCIAL SHOPLOT KM2 TELUPID,JALAN RANAU-SANDAKAN, TAMAN DAHLIA,",Pasar Mini,Sabah,Ranau
22130.0,WY FRESHMART,"KG LASING,RANAU,",Pasar Mini,Sabah,Ranau
22131.0,88 FRESHMART KUNDASANG,"PEKAN KUNDASANG,KUNDASANG,",Pasar Mini,Sabah,Ranau
,,",,",,,
